period_start,period_end,regionid,intensity_forecast,intensity_index
2026-07-17T00:00:00Z,2026-07-17T00:30:00Z,1,0,very low
2026-07-17T00:00:00Z,2026-07-17T00:30:00Z,2,4,very low
2026-07-17T00:00:00Z,2026-07-17T00:30:00Z,3,85,low
2026-07-17T00:00:00Z,2026-07-17T00:30:00Z,4,25,low
2026-07-17T00:00:00Z,2026-07-17T00:30:00Z,5,138,moderate
2026-07-17T00:00:00Z,2026-07-17T00:30:00Z,6,130,moderate
2026-07-17T00:00:00Z,2026-07-17T00:30:00Z,7,380,very high
2026-07-17T00:00:00Z,2026-07-17T00:30:00Z,8,213,high
2026-07-17T00:00:00Z,2026-07-17T00:30:00Z,9,272,very high
2026-07-17T00:00:00Z,2026-07-17T00:30:00Z,10,251,very high
2026-07-17T00:00:00Z,2026-07-17T00:30:00Z,11,389,very high
2026-07-17T00:00:00Z,2026-07-17T00:30:00Z,12,284,very high
2026-07-17T00:00:00Z,2026-07-17T00:30:00Z,13,288,very high
2026-07-17T00:00:00Z,2026-07-17T00:30:00Z,14,322,very high
2026-07-17T00:00:00Z,2026-07-17T00:30:00Z,15,232,very high
2026-07-17T00:00:00Z,2026-07-17T00:30:00Z,16,3,very low
2026-07-17T00:00:00Z,2026-07-17T00:30:00Z,17,369,very high
2026-07-17T00:00:00Z,2026-07-17T00:30:00Z,18,233,very high
2026-07-17T00:30:00Z,2026-07-17T01:00:00Z,1,0,very low
2026-07-17T00:30:00Z,2026-07-17T01:00:00Z,2,4,very low
2026-07-17T00:30:00Z,2026-07-17T01:00:00Z,3,86,low
2026-07-17T00:30:00Z,2026-07-17T01:00:00Z,4,25,low
2026-07-17T00:30:00Z,2026-07-17T01:00:00Z,5,153,moderate
2026-07-17T00:30:00Z,2026-07-17T01:00:00Z,6,124,moderate
2026-07-17T00:30:00Z,2026-07-17T01:00:00Z,7,382,very high
2026-07-17T00:30:00Z,2026-07-17T01:00:00Z,8,208,high
2026-07-17T00:30:00Z,2026-07-17T01:00:00Z,9,274,very high
2026-07-17T00:30:00Z,2026-07-17T01:00:00Z,10,263,very high
2026-07-17T00:30:00Z,2026-07-17T01:00:00Z,11,389,very high
2026-07-17T00:30:00Z,2026-07-17T01:00:00Z,12,280,very high
2026-07-17T00:30:00Z,2026-07-17T01:00:00Z,13,289,very high
2026-07-17T00:30:00Z,2026-07-17T01:00:00Z,14,315,very high
2026-07-17T00:30:00Z,2026-07-17T01:00:00Z,15,234,very high
2026-07-17T00:30:00Z,2026-07-17T01:00:00Z,16,3,very low
2026-07-17T00:30:00Z,2026-07-17T01:00:00Z,17,367,very high
2026-07-17T00:30:00Z,2026-07-17T01:00:00Z,18,234,very high
2026-07-17T01:00:00Z,2026-07-17T01:30:00Z,1,0,very low
2026-07-17T01:00:00Z,2026-07-17T01:30:00Z,2,4,very low
2026-07-17T01:00:00Z,2026-07-17T01:30:00Z,3,83,low
2026-07-17T01:00:00Z,2026-07-17T01:30:00Z,4,25,low
2026-07-17T01:00:00Z,2026-07-17T01:30:00Z,5,155,moderate
2026-07-17T01:00:00Z,2026-07-17T01:30:00Z,6,115,moderate
2026-07-17T01:00:00Z,2026-07-17T01:30:00Z,7,384,very high
2026-07-17T01:00:00Z,2026-07-17T01:30:00Z,8,207,high
2026-07-17T01:00:00Z,2026-07-17T01:30:00Z,9,269,very high
2026-07-17T01:00:00Z,2026-07-17T01:30:00Z,10,266,very high
2026-07-17T01:00:00Z,2026-07-17T01:30:00Z,11,389,very high
2026-07-17T01:00:00Z,2026-07-17T01:30:00Z,12,276,very high
2026-07-17T01:00:00Z,2026-07-17T01:30:00Z,13,289,very high
2026-07-17T01:00:00Z,2026-07-17T01:30:00Z,14,314,very high
2026-07-17T01:00:00Z,2026-07-17T01:30:00Z,15,234,very high
2026-07-17T01:00:00Z,2026-07-17T01:30:00Z,16,3,very low
2026-07-17T01:00:00Z,2026-07-17T01:30:00Z,17,377,very high
2026-07-17T01:00:00Z,2026-07-17T01:30:00Z,18,233,very high
2026-07-17T01:30:00Z,2026-07-17T02:00:00Z,1,0,very low
2026-07-17T01:30:00Z,2026-07-17T02:00:00Z,2,4,very low
2026-07-17T01:30:00Z,2026-07-17T02:00:00Z,3,86,low
2026-07-17T01:30:00Z,2026-07-17T02:00:00Z,4,24,very low
2026-07-17T01:30:00Z,2026-07-17T02:00:00Z,5,149,moderate
2026-07-17T01:30:00Z,2026-07-17T02:00:00Z,6,103,moderate
2026-07-17T01:30:00Z,2026-07-17T02:00:00Z,7,387,very high
2026-07-17T01:30:00Z,2026-07-17T02:00:00Z,8,205,high
2026-07-17T01:30:00Z,2026-07-17T02:00:00Z,9,266,very high
2026-07-17T01:30:00Z,2026-07-17T02:00:00Z,10,265,very high
2026-07-17T01:30:00Z,2026-07-17T02:00:00Z,11,390,very high
2026-07-17T01:30:00Z,2026-07-17T02:00:00Z,12,279,very high
2026-07-17T01:30:00Z,2026-07-17T02:00:00Z,13,287,very high
2026-07-17T01:30:00Z,2026-07-17T02:00:00Z,14,310,very high
2026-07-17T01:30:00Z,2026-07-17T02:00:00Z,15,232,very high
2026-07-17T01:30:00Z,2026-07-17T02:00:00Z,16,3,very low
2026-07-17T01:30:00Z,2026-07-17T02:00:00Z,17,380,very high
2026-07-17T01:30:00Z,2026-07-17T02:00:00Z,18,231,very high
2026-07-17T02:00:00Z,2026-07-17T02:30:00Z,1,0,very low
2026-07-17T02:00:00Z,2026-07-17T02:30:00Z,2,4,very low
2026-07-17T02:00:00Z,2026-07-17T02:30:00Z,3,90,moderate
2026-07-17T02:00:00Z,2026-07-17T02:30:00Z,4,25,low
2026-07-17T02:00:00Z,2026-07-17T02:30:00Z,5,144,moderate
2026-07-17T02:00:00Z,2026-07-17T02:30:00Z,6,79,low
2026-07-17T02:00:00Z,2026-07-17T02:30:00Z,7,389,very high
2026-07-17T02:00:00Z,2026-07-17T02:30:00Z,8,206,high
2026-07-17T02:00:00Z,2026-07-17T02:30:00Z,9,266,very high
2026-07-17T02:00:00Z,2026-07-17T02:30:00Z,10,266,very high
2026-07-17T02:00:00Z,2026-07-17T02:30:00Z,11,391,very high
2026-07-17T02:00:00Z,2026-07-17T02:30:00Z,12,282,very high
2026-07-17T02:00:00Z,2026-07-17T02:30:00Z,13,290,very high
2026-07-17T02:00:00Z,2026-07-17T02:30:00Z,14,314,very high
2026-07-17T02:00:00Z,2026-07-17T02:30:00Z,15,233,very high
2026-07-17T02:00:00Z,2026-07-17T02:30:00Z,16,3,very low
2026-07-17T02:00:00Z,2026-07-17T02:30:00Z,17,378,very high
2026-07-17T02:00:00Z,2026-07-17T02:30:00Z,18,232,very high
2026-07-17T02:30:00Z,2026-07-17T03:00:00Z,1,0,very low
2026-07-17T02:30:00Z,2026-07-17T03:00:00Z,2,4,very low
2026-07-17T02:30:00Z,2026-07-17T03:00:00Z,3,90,moderate
2026-07-17T02:30:00Z,2026-07-17T03:00:00Z,4,24,very low
2026-07-17T02:30:00Z,2026-07-17T03:00:00Z,5,146,moderate
2026-07-17T02:30:00Z,2026-07-17T03:00:00Z,6,64,low
2026-07-17T02:30:00Z,2026-07-17T03:00:00Z,7,390,very high
2026-07-17T02:30:00Z,2026-07-17T03:00:00Z,8,196,high
2026-07-17T02:30:00Z,2026-07-17T03:00:00Z,9,267,very high
2026-07-17T02:30:00Z,2026-07-17T03:00:00Z,10,267,very high
2026-07-17T02:30:00Z,2026-07-17T03:00:00Z,11,391,very high
2026-07-17T02:30:00Z,2026-07-17T03:00:00Z,12,280,very high
2026-07-17T02:30:00Z,2026-07-17T03:00:00Z,13,306,very high
2026-07-17T02:30:00Z,2026-07-17T03:00:00Z,14,355,very high
2026-07-17T02:30:00Z,2026-07-17T03:00:00Z,15,236,very high
2026-07-17T02:30:00Z,2026-07-17T03:00:00Z,16,3,very low
2026-07-17T02:30:00Z,2026-07-17T03:00:00Z,17,377,very high
2026-07-17T02:30:00Z,2026-07-17T03:00:00Z,18,236,very high
2026-07-17T03:00:00Z,2026-07-17T03:30:00Z,1,0,very low
2026-07-17T03:00:00Z,2026-07-17T03:30:00Z,2,4,very low
2026-07-17T03:00:00Z,2026-07-17T03:30:00Z,3,91,moderate
2026-07-17T03:00:00Z,2026-07-17T03:30:00Z,4,24,very low
2026-07-17T03:00:00Z,2026-07-17T03:30:00Z,5,136,moderate
2026-07-17T03:00:00Z,2026-07-17T03:30:00Z,6,69,low
2026-07-17T03:00:00Z,2026-07-17T03:30:00Z,7,391,very high
2026-07-17T03:00:00Z,2026-07-17T03:30:00Z,8,208,high
2026-07-17T03:00:00Z,2026-07-17T03:30:00Z,9,266,very high
2026-07-17T03:00:00Z,2026-07-17T03:30:00Z,10,264,very high
2026-07-17T03:00:00Z,2026-07-17T03:30:00Z,11,391,very high
2026-07-17T03:00:00Z,2026-07-17T03:30:00Z,12,283,very high
2026-07-17T03:00:00Z,2026-07-17T03:30:00Z,13,305,very high
2026-07-17T03:00:00Z,2026-07-17T03:30:00Z,14,356,very high
2026-07-17T03:00:00Z,2026-07-17T03:30:00Z,15,237,very high
2026-07-17T03:00:00Z,2026-07-17T03:30:00Z,16,3,very low
2026-07-17T03:00:00Z,2026-07-17T03:30:00Z,17,378,very high
2026-07-17T03:00:00Z,2026-07-17T03:30:00Z,18,237,very high
2026-07-17T03:30:00Z,2026-07-17T04:00:00Z,1,0,very low
2026-07-17T03:30:00Z,2026-07-17T04:00:00Z,2,3,very low
2026-07-17T03:30:00Z,2026-07-17T04:00:00Z,3,92,moderate
2026-07-17T03:30:00Z,2026-07-17T04:00:00Z,4,24,very low
2026-07-17T03:30:00Z,2026-07-17T04:00:00Z,5,140,moderate
2026-07-17T03:30:00Z,2026-07-17T04:00:00Z,6,66,low
2026-07-17T03:30:00Z,2026-07-17T04:00:00Z,7,391,very high
2026-07-17T03:30:00Z,2026-07-17T04:00:00Z,8,203,high
2026-07-17T03:30:00Z,2026-07-17T04:00:00Z,9,270,very high
2026-07-17T03:30:00Z,2026-07-17T04:00:00Z,10,260,very high
2026-07-17T03:30:00Z,2026-07-17T04:00:00Z,11,391,very high
2026-07-17T03:30:00Z,2026-07-17T04:00:00Z,12,279,very high
2026-07-17T03:30:00Z,2026-07-17T04:00:00Z,13,303,very high
2026-07-17T03:30:00Z,2026-07-17T04:00:00Z,14,353,very high
2026-07-17T03:30:00Z,2026-07-17T04:00:00Z,15,236,very high
2026-07-17T03:30:00Z,2026-07-17T04:00:00Z,16,3,very low
2026-07-17T03:30:00Z,2026-07-17T04:00:00Z,17,371,very high
2026-07-17T03:30:00Z,2026-07-17T04:00:00Z,18,235,very high
2026-07-17T04:00:00Z,2026-07-17T04:30:00Z,1,0,very low
2026-07-17T04:00:00Z,2026-07-17T04:30:00Z,2,3,very low
2026-07-17T04:00:00Z,2026-07-17T04:30:00Z,3,88,low
2026-07-17T04:00:00Z,2026-07-17T04:30:00Z,4,23,very low
2026-07-17T04:00:00Z,2026-07-17T04:30:00Z,5,139,moderate
2026-07-17T04:00:00Z,2026-07-17T04:30:00Z,6,60,low
2026-07-17T04:00:00Z,2026-07-17T04:30:00Z,7,390,very high
2026-07-17T04:00:00Z,2026-07-17T04:30:00Z,8,199,high
2026-07-17T04:00:00Z,2026-07-17T04:30:00Z,9,268,very high
2026-07-17T04:00:00Z,2026-07-17T04:30:00Z,10,252,very high
2026-07-17T04:00:00Z,2026-07-17T04:30:00Z,11,387,very high
2026-07-17T04:00:00Z,2026-07-17T04:30:00Z,12,276,very high
2026-07-17T04:00:00Z,2026-07-17T04:30:00Z,13,301,very high
2026-07-17T04:00:00Z,2026-07-17T04:30:00Z,14,355,very high
2026-07-17T04:00:00Z,2026-07-17T04:30:00Z,15,233,very high
2026-07-17T04:00:00Z,2026-07-17T04:30:00Z,16,3,very low
2026-07-17T04:00:00Z,2026-07-17T04:30:00Z,17,364,very high
2026-07-17T04:00:00Z,2026-07-17T04:30:00Z,18,231,very high
2026-07-17T04:30:00Z,2026-07-17T05:00:00Z,1,0,very low
2026-07-17T04:30:00Z,2026-07-17T05:00:00Z,2,3,very low
2026-07-17T04:30:00Z,2026-07-17T05:00:00Z,3,84,low
2026-07-17T04:30:00Z,2026-07-17T05:00:00Z,4,23,very low
2026-07-17T04:30:00Z,2026-07-17T05:00:00Z,5,139,moderate
2026-07-17T04:30:00Z,2026-07-17T05:00:00Z,6,55,low
2026-07-17T04:30:00Z,2026-07-17T05:00:00Z,7,389,very high
2026-07-17T04:30:00Z,2026-07-17T05:00:00Z,8,194,high
2026-07-17T04:30:00Z,2026-07-17T05:00:00Z,9,265,very high
2026-07-17T04:30:00Z,2026-07-17T05:00:00Z,10,244,very high
2026-07-17T04:30:00Z,2026-07-17T05:00:00Z,11,380,very high
2026-07-17T04:30:00Z,2026-07-17T05:00:00Z,12,271,very high
2026-07-17T04:30:00Z,2026-07-17T05:00:00Z,13,292,very high
2026-07-17T04:30:00Z,2026-07-17T05:00:00Z,14,338,very high
2026-07-17T04:30:00Z,2026-07-17T05:00:00Z,15,226,high
2026-07-17T04:30:00Z,2026-07-17T05:00:00Z,16,3,very low
2026-07-17T04:30:00Z,2026-07-17T05:00:00Z,17,361,very high
2026-07-17T04:30:00Z,2026-07-17T05:00:00Z,18,225,high
2026-07-17T05:00:00Z,2026-07-17T05:30:00Z,1,0,very low
2026-07-17T05:00:00Z,2026-07-17T05:30:00Z,2,3,very low
2026-07-17T05:00:00Z,2026-07-17T05:30:00Z,3,83,low
2026-07-17T05:00:00Z,2026-07-17T05:30:00Z,4,23,very low
2026-07-17T05:00:00Z,2026-07-17T05:30:00Z,5,146,moderate
2026-07-17T05:00:00Z,2026-07-17T05:30:00Z,6,68,low
2026-07-17T05:00:00Z,2026-07-17T05:30:00Z,7,386,very high
2026-07-17T05:00:00Z,2026-07-17T05:30:00Z,8,192,high
2026-07-17T05:00:00Z,2026-07-17T05:30:00Z,9,260,very high
2026-07-17T05:00:00Z,2026-07-17T05:30:00Z,10,237,very high
2026-07-17T05:00:00Z,2026-07-17T05:30:00Z,11,367,very high
2026-07-17T05:00:00Z,2026-07-17T05:30:00Z,12,262,very high
2026-07-17T05:00:00Z,2026-07-17T05:30:00Z,13,283,very high
2026-07-17T05:00:00Z,2026-07-17T05:30:00Z,14,328,very high
2026-07-17T05:00:00Z,2026-07-17T05:30:00Z,15,220,high
2026-07-17T05:00:00Z,2026-07-17T05:30:00Z,16,3,very low
2026-07-17T05:00:00Z,2026-07-17T05:30:00Z,17,349,very high
2026-07-17T05:00:00Z,2026-07-17T05:30:00Z,18,219,high
2026-07-17T05:30:00Z,2026-07-17T06:00:00Z,1,0,very low
2026-07-17T05:30:00Z,2026-07-17T06:00:00Z,2,3,very low
2026-07-17T05:30:00Z,2026-07-17T06:00:00Z,3,80,low
2026-07-17T05:30:00Z,2026-07-17T06:00:00Z,4,23,very low
2026-07-17T05:30:00Z,2026-07-17T06:00:00Z,5,144,moderate
2026-07-17T05:30:00Z,2026-07-17T06:00:00Z,6,61,low
2026-07-17T05:30:00Z,2026-07-17T06:00:00Z,7,375,very high
2026-07-17T05:30:00Z,2026-07-17T06:00:00Z,8,180,high
2026-07-17T05:30:00Z,2026-07-17T06:00:00Z,9,257,very high
2026-07-17T05:30:00Z,2026-07-17T06:00:00Z,10,222,high
2026-07-17T05:30:00Z,2026-07-17T06:00:00Z,11,324,very high
2026-07-17T05:30:00Z,2026-07-17T06:00:00Z,12,235,very high
2026-07-17T05:30:00Z,2026-07-17T06:00:00Z,13,266,very high
2026-07-17T05:30:00Z,2026-07-17T06:00:00Z,14,311,very high
2026-07-17T05:30:00Z,2026-07-17T06:00:00Z,15,210,high
2026-07-17T05:30:00Z,2026-07-17T06:00:00Z,16,3,very low
2026-07-17T05:30:00Z,2026-07-17T06:00:00Z,17,331,very high
2026-07-17T05:30:00Z,2026-07-17T06:00:00Z,18,208,high
2026-07-17T06:00:00Z,2026-07-17T06:30:00Z,1,0,very low
2026-07-17T06:00:00Z,2026-07-17T06:30:00Z,2,3,very low
2026-07-17T06:00:00Z,2026-07-17T06:30:00Z,3,78,low
2026-07-17T06:00:00Z,2026-07-17T06:30:00Z,4,22,very low
2026-07-17T06:00:00Z,2026-07-17T06:30:00Z,5,151,moderate
2026-07-17T06:00:00Z,2026-07-17T06:30:00Z,6,90,moderate
2026-07-17T06:00:00Z,2026-07-17T06:30:00Z,7,366,very high
2026-07-17T06:00:00Z,2026-07-17T06:30:00Z,8,173,high
2026-07-17T06:00:00Z,2026-07-17T06:30:00Z,9,248,very high
2026-07-17T06:00:00Z,2026-07-17T06:30:00Z,10,234,very high
2026-07-17T06:00:00Z,2026-07-17T06:30:00Z,11,281,very high
2026-07-17T06:00:00Z,2026-07-17T06:30:00Z,12,219,high
2026-07-17T06:00:00Z,2026-07-17T06:30:00Z,13,265,very high
2026-07-17T06:00:00Z,2026-07-17T06:30:00Z,14,308,very high
2026-07-17T06:00:00Z,2026-07-17T06:30:00Z,15,201,high
2026-07-17T06:00:00Z,2026-07-17T06:30:00Z,16,2,very low
2026-07-17T06:00:00Z,2026-07-17T06:30:00Z,17,307,very high
2026-07-17T06:00:00Z,2026-07-17T06:30:00Z,18,200,high
2026-07-17T06:30:00Z,2026-07-17T07:00:00Z,1,0,very low
2026-07-17T06:30:00Z,2026-07-17T07:00:00Z,2,3,very low
2026-07-17T06:30:00Z,2026-07-17T07:00:00Z,3,74,low
2026-07-17T06:30:00Z,2026-07-17T07:00:00Z,4,23,very low
2026-07-17T06:30:00Z,2026-07-17T07:00:00Z,5,157,moderate
2026-07-17T06:30:00Z,2026-07-17T07:00:00Z,6,59,low
2026-07-17T06:30:00Z,2026-07-17T07:00:00Z,7,350,very high
2026-07-17T06:30:00Z,2026-07-17T07:00:00Z,8,149,moderate
2026-07-17T06:30:00Z,2026-07-17T07:00:00Z,9,251,very high
2026-07-17T06:30:00Z,2026-07-17T07:00:00Z,10,238,very high
2026-07-17T06:30:00Z,2026-07-17T07:00:00Z,11,243,very high
2026-07-17T06:30:00Z,2026-07-17T07:00:00Z,12,192,high
2026-07-17T06:30:00Z,2026-07-17T07:00:00Z,13,221,high
2026-07-17T06:30:00Z,2026-07-17T07:00:00Z,14,222,high
2026-07-17T06:30:00Z,2026-07-17T07:00:00Z,15,183,high
2026-07-17T06:30:00Z,2026-07-17T07:00:00Z,16,3,very low
2026-07-17T06:30:00Z,2026-07-17T07:00:00Z,17,281,very high
2026-07-17T06:30:00Z,2026-07-17T07:00:00Z,18,182,high
2026-07-17T07:00:00Z,2026-07-17T07:30:00Z,1,0,very low
2026-07-17T07:00:00Z,2026-07-17T07:30:00Z,2,3,very low
2026-07-17T07:00:00Z,2026-07-17T07:30:00Z,3,64,low
2026-07-17T07:00:00Z,2026-07-17T07:30:00Z,4,22,very low
2026-07-17T07:00:00Z,2026-07-17T07:30:00Z,5,144,moderate
2026-07-17T07:00:00Z,2026-07-17T07:30:00Z,6,56,low
2026-07-17T07:00:00Z,2026-07-17T07:30:00Z,7,329,very high
2026-07-17T07:00:00Z,2026-07-17T07:30:00Z,8,119,moderate
2026-07-17T07:00:00Z,2026-07-17T07:30:00Z,9,227,high
2026-07-17T07:00:00Z,2026-07-17T07:30:00Z,10,216,high
2026-07-17T07:00:00Z,2026-07-17T07:30:00Z,11,187,high
2026-07-17T07:00:00Z,2026-07-17T07:30:00Z,12,155,moderate
2026-07-17T07:00:00Z,2026-07-17T07:30:00Z,13,196,high
2026-07-17T07:00:00Z,2026-07-17T07:30:00Z,14,198,high
2026-07-17T07:00:00Z,2026-07-17T07:30:00Z,15,158,moderate
2026-07-17T07:00:00Z,2026-07-17T07:30:00Z,16,3,very low
2026-07-17T07:00:00Z,2026-07-17T07:30:00Z,17,253,very high
2026-07-17T07:00:00Z,2026-07-17T07:30:00Z,18,159,moderate
2026-07-17T07:30:00Z,2026-07-17T08:00:00Z,1,0,very low
2026-07-17T07:30:00Z,2026-07-17T08:00:00Z,2,3,very low
2026-07-17T07:30:00Z,2026-07-17T08:00:00Z,3,55,low
2026-07-17T07:30:00Z,2026-07-17T08:00:00Z,4,23,very low
2026-07-17T07:30:00Z,2026-07-17T08:00:00Z,5,131,moderate
2026-07-17T07:30:00Z,2026-07-17T08:00:00Z,6,51,low
2026-07-17T07:30:00Z,2026-07-17T08:00:00Z,7,299,very high
2026-07-17T07:30:00Z,2026-07-17T08:00:00Z,8,90,moderate
2026-07-17T07:30:00Z,2026-07-17T08:00:00Z,9,200,high
2026-07-17T07:30:00Z,2026-07-17T08:00:00Z,10,208,high
2026-07-17T07:30:00Z,2026-07-17T08:00:00Z,11,134,moderate
2026-07-17T07:30:00Z,2026-07-17T08:00:00Z,12,119,moderate
2026-07-17T07:30:00Z,2026-07-17T08:00:00Z,13,150,moderate
2026-07-17T07:30:00Z,2026-07-17T08:00:00Z,14,151,moderate
2026-07-17T07:30:00Z,2026-07-17T08:00:00Z,15,136,moderate
2026-07-17T07:30:00Z,2026-07-17T08:00:00Z,16,3,very low
2026-07-17T07:30:00Z,2026-07-17T08:00:00Z,17,217,high
2026-07-17T07:30:00Z,2026-07-17T08:00:00Z,18,136,moderate
2026-07-17T08:00:00Z,2026-07-17T08:30:00Z,1,0,very low
2026-07-17T08:00:00Z,2026-07-17T08:30:00Z,2,3,very low
2026-07-17T08:00:00Z,2026-07-17T08:30:00Z,3,54,low
2026-07-17T08:00:00Z,2026-07-17T08:30:00Z,4,24,very low
2026-07-17T08:00:00Z,2026-07-17T08:30:00Z,5,107,moderate
2026-07-17T08:00:00Z,2026-07-17T08:30:00Z,6,49,low
2026-07-17T08:00:00Z,2026-07-17T08:30:00Z,7,280,very high
2026-07-17T08:00:00Z,2026-07-17T08:30:00Z,8,79,low
2026-07-17T08:00:00Z,2026-07-17T08:30:00Z,9,167,moderate
2026-07-17T08:00:00Z,2026-07-17T08:30:00Z,10,187,high
2026-07-17T08:00:00Z,2026-07-17T08:30:00Z,11,113,moderate
2026-07-17T08:00:00Z,2026-07-17T08:30:00Z,12,95,moderate
2026-07-17T08:00:00Z,2026-07-17T08:30:00Z,13,144,moderate
2026-07-17T08:00:00Z,2026-07-17T08:30:00Z,14,147,moderate
2026-07-17T08:00:00Z,2026-07-17T08:30:00Z,15,120,moderate
2026-07-17T08:00:00Z,2026-07-17T08:30:00Z,16,3,very low
2026-07-17T08:00:00Z,2026-07-17T08:30:00Z,17,197,high
2026-07-17T08:00:00Z,2026-07-17T08:30:00Z,18,120,moderate
2026-07-17T08:30:00Z,2026-07-17T09:00:00Z,1,0,very low
2026-07-17T08:30:00Z,2026-07-17T09:00:00Z,2,3,very low
2026-07-17T08:30:00Z,2026-07-17T09:00:00Z,3,51,low
2026-07-17T08:30:00Z,2026-07-17T09:00:00Z,4,25,low
2026-07-17T08:30:00Z,2026-07-17T09:00:00Z,5,102,moderate
2026-07-17T08:30:00Z,2026-07-17T09:00:00Z,6,52,low
2026-07-17T08:30:00Z,2026-07-17T09:00:00Z,7,263,very high
2026-07-17T08:30:00Z,2026-07-17T09:00:00Z,8,63,low
2026-07-17T08:30:00Z,2026-07-17T09:00:00Z,9,125,moderate
2026-07-17T08:30:00Z,2026-07-17T09:00:00Z,10,175,high
2026-07-17T08:30:00Z,2026-07-17T09:00:00Z,11,98,moderate
2026-07-17T08:30:00Z,2026-07-17T09:00:00Z,12,73,low
2026-07-17T08:30:00Z,2026-07-17T09:00:00Z,13,137,moderate
2026-07-17T08:30:00Z,2026-07-17T09:00:00Z,14,141,moderate
2026-07-17T08:30:00Z,2026-07-17T09:00:00Z,15,105,moderate
2026-07-17T08:30:00Z,2026-07-17T09:00:00Z,16,3,very low
2026-07-17T08:30:00Z,2026-07-17T09:00:00Z,17,184,high
2026-07-17T08:30:00Z,2026-07-17T09:00:00Z,18,106,moderate
2026-07-17T09:00:00Z,2026-07-17T09:30:00Z,1,0,very low
2026-07-17T09:00:00Z,2026-07-17T09:30:00Z,2,3,very low
2026-07-17T09:00:00Z,2026-07-17T09:30:00Z,3,49,low
2026-07-17T09:00:00Z,2026-07-17T09:30:00Z,4,25,low
2026-07-17T09:00:00Z,2026-07-17T09:30:00Z,5,91,moderate
2026-07-17T09:00:00Z,2026-07-17T09:30:00Z,6,45,low
2026-07-17T09:00:00Z,2026-07-17T09:30:00Z,7,238,very high
2026-07-17T09:00:00Z,2026-07-17T09:30:00Z,8,50,low
2026-07-17T09:00:00Z,2026-07-17T09:30:00Z,9,118,moderate
2026-07-17T09:00:00Z,2026-07-17T09:30:00Z,10,167,moderate
2026-07-17T09:00:00Z,2026-07-17T09:30:00Z,11,89,low
2026-07-17T09:00:00Z,2026-07-17T09:30:00Z,12,70,low
2026-07-17T09:00:00Z,2026-07-17T09:30:00Z,13,130,moderate
2026-07-17T09:00:00Z,2026-07-17T09:30:00Z,14,134,moderate
2026-07-17T09:00:00Z,2026-07-17T09:30:00Z,15,97,moderate
2026-07-17T09:00:00Z,2026-07-17T09:30:00Z,16,3,very low
2026-07-17T09:00:00Z,2026-07-17T09:30:00Z,17,173,high
2026-07-17T09:00:00Z,2026-07-17T09:30:00Z,18,98,moderate
2026-07-17T09:30:00Z,2026-07-17T10:00:00Z,1,0,very low
2026-07-17T09:30:00Z,2026-07-17T10:00:00Z,2,3,very low
2026-07-17T09:30:00Z,2026-07-17T10:00:00Z,3,49,low
2026-07-17T09:30:00Z,2026-07-17T10:00:00Z,4,24,very low
2026-07-17T09:30:00Z,2026-07-17T10:00:00Z,5,91,moderate
2026-07-17T09:30:00Z,2026-07-17T10:00:00Z,6,37,low
2026-07-17T09:30:00Z,2026-07-17T10:00:00Z,7,216,high
2026-07-17T09:30:00Z,2026-07-17T10:00:00Z,8,44,low
2026-07-17T09:30:00Z,2026-07-17T10:00:00Z,9,119,moderate
2026-07-17T09:30:00Z,2026-07-17T10:00:00Z,10,162,moderate
2026-07-17T09:30:00Z,2026-07-17T10:00:00Z,11,83,low
2026-07-17T09:30:00Z,2026-07-17T10:00:00Z,12,64,low
2026-07-17T09:30:00Z,2026-07-17T10:00:00Z,13,134,moderate
2026-07-17T09:30:00Z,2026-07-17T10:00:00Z,14,139,moderate
2026-07-17T09:30:00Z,2026-07-17T10:00:00Z,15,94,moderate
2026-07-17T09:30:00Z,2026-07-17T10:00:00Z,16,3,very low
2026-07-17T09:30:00Z,2026-07-17T10:00:00Z,17,152,moderate
2026-07-17T09:30:00Z,2026-07-17T10:00:00Z,18,94,moderate
2026-07-17T10:00:00Z,2026-07-17T10:30:00Z,1,0,very low
2026-07-17T10:00:00Z,2026-07-17T10:30:00Z,2,3,very low
2026-07-17T10:00:00Z,2026-07-17T10:30:00Z,3,49,low
2026-07-17T10:00:00Z,2026-07-17T10:30:00Z,4,24,very low
2026-07-17T10:00:00Z,2026-07-17T10:30:00Z,5,86,low
2026-07-17T10:00:00Z,2026-07-17T10:30:00Z,6,32,low
2026-07-17T10:00:00Z,2026-07-17T10:30:00Z,7,185,high
2026-07-17T10:00:00Z,2026-07-17T10:30:00Z,8,37,low
2026-07-17T10:00:00Z,2026-07-17T10:30:00Z,9,105,moderate
2026-07-17T10:00:00Z,2026-07-17T10:30:00Z,10,152,moderate
2026-07-17T10:00:00Z,2026-07-17T10:30:00Z,11,77,low
2026-07-17T10:00:00Z,2026-07-17T10:30:00Z,12,58,low
2026-07-17T10:00:00Z,2026-07-17T10:30:00Z,13,125,moderate
2026-07-17T10:00:00Z,2026-07-17T10:30:00Z,14,131,moderate
2026-07-17T10:00:00Z,2026-07-17T10:30:00Z,15,88,low
2026-07-17T10:00:00Z,2026-07-17T10:30:00Z,16,3,very low
2026-07-17T10:00:00Z,2026-07-17T10:30:00Z,17,119,moderate
2026-07-17T10:00:00Z,2026-07-17T10:30:00Z,18,87,low
2026-07-17T10:30:00Z,2026-07-17T11:00:00Z,1,0,very low
2026-07-17T10:30:00Z,2026-07-17T11:00:00Z,2,3,very low
2026-07-17T10:30:00Z,2026-07-17T11:00:00Z,3,41,low
2026-07-17T10:30:00Z,2026-07-17T11:00:00Z,4,22,very low
2026-07-17T10:30:00Z,2026-07-17T11:00:00Z,5,82,low
2026-07-17T10:30:00Z,2026-07-17T11:00:00Z,6,25,low
2026-07-17T10:30:00Z,2026-07-17T11:00:00Z,7,186,high
2026-07-17T10:30:00Z,2026-07-17T11:00:00Z,8,32,low
2026-07-17T10:30:00Z,2026-07-17T11:00:00Z,9,100,moderate
2026-07-17T10:30:00Z,2026-07-17T11:00:00Z,10,149,moderate
2026-07-17T10:30:00Z,2026-07-17T11:00:00Z,11,75,low
2026-07-17T10:30:00Z,2026-07-17T11:00:00Z,12,57,low
2026-07-17T10:30:00Z,2026-07-17T11:00:00Z,13,121,moderate
2026-07-17T10:30:00Z,2026-07-17T11:00:00Z,14,126,moderate
2026-07-17T10:30:00Z,2026-07-17T11:00:00Z,15,85,low
2026-07-17T10:30:00Z,2026-07-17T11:00:00Z,16,2,very low
2026-07-17T10:30:00Z,2026-07-17T11:00:00Z,17,103,moderate
2026-07-17T10:30:00Z,2026-07-17T11:00:00Z,18,83,low
2026-07-17T11:00:00Z,2026-07-17T11:30:00Z,1,0,very low
2026-07-17T11:00:00Z,2026-07-17T11:30:00Z,2,3,very low
2026-07-17T11:00:00Z,2026-07-17T11:30:00Z,3,36,low
2026-07-17T11:00:00Z,2026-07-17T11:30:00Z,4,23,very low
2026-07-17T11:00:00Z,2026-07-17T11:30:00Z,5,79,low
2026-07-17T11:00:00Z,2026-07-17T11:30:00Z,6,26,low
2026-07-17T11:00:00Z,2026-07-17T11:30:00Z,7,196,high
2026-07-17T11:00:00Z,2026-07-17T11:30:00Z,8,29,low
2026-07-17T11:00:00Z,2026-07-17T11:30:00Z,9,90,moderate
2026-07-17T11:00:00Z,2026-07-17T11:30:00Z,10,143,moderate
2026-07-17T11:00:00Z,2026-07-17T11:30:00Z,11,71,low
2026-07-17T11:00:00Z,2026-07-17T11:30:00Z,12,56,low
2026-07-17T11:00:00Z,2026-07-17T11:30:00Z,13,109,moderate
2026-07-17T11:00:00Z,2026-07-17T11:30:00Z,14,112,moderate
2026-07-17T11:00:00Z,2026-07-17T11:30:00Z,15,82,low
2026-07-17T11:00:00Z,2026-07-17T11:30:00Z,16,3,very low
2026-07-17T11:00:00Z,2026-07-17T11:30:00Z,17,92,moderate
2026-07-17T11:00:00Z,2026-07-17T11:30:00Z,18,79,low
2026-07-17T11:30:00Z,2026-07-17T12:00:00Z,1,0,very low
2026-07-17T11:30:00Z,2026-07-17T12:00:00Z,2,3,very low
2026-07-17T11:30:00Z,2026-07-17T12:00:00Z,3,30,low
2026-07-17T11:30:00Z,2026-07-17T12:00:00Z,4,22,very low
2026-07-17T11:30:00Z,2026-07-17T12:00:00Z,5,79,low
2026-07-17T11:30:00Z,2026-07-17T12:00:00Z,6,24,very low
2026-07-17T11:30:00Z,2026-07-17T12:00:00Z,7,182,high
2026-07-17T11:30:00Z,2026-07-17T12:00:00Z,8,26,low
2026-07-17T11:30:00Z,2026-07-17T12:00:00Z,9,87,low
2026-07-17T11:30:00Z,2026-07-17T12:00:00Z,10,140,moderate
2026-07-17T11:30:00Z,2026-07-17T12:00:00Z,11,83,low
2026-07-17T11:30:00Z,2026-07-17T12:00:00Z,12,68,low
2026-07-17T11:30:00Z,2026-07-17T12:00:00Z,13,106,moderate
2026-07-17T11:30:00Z,2026-07-17T12:00:00Z,14,110,moderate
2026-07-17T11:30:00Z,2026-07-17T12:00:00Z,15,81,low
2026-07-17T11:30:00Z,2026-07-17T12:00:00Z,16,2,very low
2026-07-17T11:30:00Z,2026-07-17T12:00:00Z,17,86,low
2026-07-17T11:30:00Z,2026-07-17T12:00:00Z,18,78,low
2026-07-17T12:00:00Z,2026-07-17T12:30:00Z,1,0,very low
2026-07-17T12:00:00Z,2026-07-17T12:30:00Z,2,3,very low
2026-07-17T12:00:00Z,2026-07-17T12:30:00Z,3,39,low
2026-07-17T12:00:00Z,2026-07-17T12:30:00Z,4,22,very low
2026-07-17T12:00:00Z,2026-07-17T12:30:00Z,5,73,low
2026-07-17T12:00:00Z,2026-07-17T12:30:00Z,6,24,very low
2026-07-17T12:00:00Z,2026-07-17T12:30:00Z,7,195,high
2026-07-17T12:00:00Z,2026-07-17T12:30:00Z,8,32,low
2026-07-17T12:00:00Z,2026-07-17T12:30:00Z,9,76,low
2026-07-17T12:00:00Z,2026-07-17T12:30:00Z,10,131,moderate
2026-07-17T12:00:00Z,2026-07-17T12:30:00Z,11,82,low
2026-07-17T12:00:00Z,2026-07-17T12:30:00Z,12,68,low
2026-07-17T12:00:00Z,2026-07-17T12:30:00Z,13,92,moderate
2026-07-17T12:00:00Z,2026-07-17T12:30:00Z,14,93,moderate
2026-07-17T12:00:00Z,2026-07-17T12:30:00Z,15,78,low
2026-07-17T12:00:00Z,2026-07-17T12:30:00Z,16,2,very low
2026-07-17T12:00:00Z,2026-07-17T12:30:00Z,17,85,low
2026-07-17T12:00:00Z,2026-07-17T12:30:00Z,18,75,low
2026-07-17T12:30:00Z,2026-07-17T13:00:00Z,1,0,very low
2026-07-17T12:30:00Z,2026-07-17T13:00:00Z,2,3,very low
2026-07-17T12:30:00Z,2026-07-17T13:00:00Z,3,31,low
2026-07-17T12:30:00Z,2026-07-17T13:00:00Z,4,21,very low
2026-07-17T12:30:00Z,2026-07-17T13:00:00Z,5,74,low
2026-07-17T12:30:00Z,2026-07-17T13:00:00Z,6,26,low
2026-07-17T12:30:00Z,2026-07-17T13:00:00Z,7,178,high
2026-07-17T12:30:00Z,2026-07-17T13:00:00Z,8,27,low
2026-07-17T12:30:00Z,2026-07-17T13:00:00Z,9,78,low
2026-07-17T12:30:00Z,2026-07-17T13:00:00Z,10,141,moderate
2026-07-17T12:30:00Z,2026-07-17T13:00:00Z,11,85,low
2026-07-17T12:30:00Z,2026-07-17T13:00:00Z,12,68,low
2026-07-17T12:30:00Z,2026-07-17T13:00:00Z,13,101,moderate
2026-07-17T12:30:00Z,2026-07-17T13:00:00Z,14,102,moderate
2026-07-17T12:30:00Z,2026-07-17T13:00:00Z,15,79,low
2026-07-17T12:30:00Z,2026-07-17T13:00:00Z,16,2,very low
2026-07-17T12:30:00Z,2026-07-17T13:00:00Z,17,77,low
2026-07-17T12:30:00Z,2026-07-17T13:00:00Z,18,76,low
2026-07-17T13:00:00Z,2026-07-17T13:30:00Z,1,0,very low
2026-07-17T13:00:00Z,2026-07-17T13:30:00Z,2,3,very low
2026-07-17T13:00:00Z,2026-07-17T13:30:00Z,3,40,low
2026-07-17T13:00:00Z,2026-07-17T13:30:00Z,4,20,very low
2026-07-17T13:00:00Z,2026-07-17T13:30:00Z,5,81,low
2026-07-17T13:00:00Z,2026-07-17T13:30:00Z,6,36,low
2026-07-17T13:00:00Z,2026-07-17T13:30:00Z,7,137,moderate
2026-07-17T13:00:00Z,2026-07-17T13:30:00Z,8,31,low
2026-07-17T13:00:00Z,2026-07-17T13:30:00Z,9,77,low
2026-07-17T13:00:00Z,2026-07-17T13:30:00Z,10,145,moderate
2026-07-17T13:00:00Z,2026-07-17T13:30:00Z,11,111,moderate
2026-07-17T13:00:00Z,2026-07-17T13:30:00Z,12,75,low
2026-07-17T13:00:00Z,2026-07-17T13:30:00Z,13,83,low
2026-07-17T13:00:00Z,2026-07-17T13:30:00Z,14,76,low
2026-07-17T13:00:00Z,2026-07-17T13:30:00Z,15,81,low
2026-07-17T13:00:00Z,2026-07-17T13:30:00Z,16,2,very low
2026-07-17T13:00:00Z,2026-07-17T13:30:00Z,17,73,low
2026-07-17T13:00:00Z,2026-07-17T13:30:00Z,18,77,low
2026-07-17T13:30:00Z,2026-07-17T14:00:00Z,1,0,very low
2026-07-17T13:30:00Z,2026-07-17T14:00:00Z,2,3,very low
2026-07-17T13:30:00Z,2026-07-17T14:00:00Z,3,42,low
2026-07-17T13:30:00Z,2026-07-17T14:00:00Z,4,21,very low
2026-07-17T13:30:00Z,2026-07-17T14:00:00Z,5,84,low
2026-07-17T13:30:00Z,2026-07-17T14:00:00Z,6,42,low
2026-07-17T13:30:00Z,2026-07-17T14:00:00Z,7,144,moderate
2026-07-17T13:30:00Z,2026-07-17T14:00:00Z,8,32,low
2026-07-17T13:30:00Z,2026-07-17T14:00:00Z,9,81,low
2026-07-17T13:30:00Z,2026-07-17T14:00:00Z,10,135,moderate
2026-07-17T13:30:00Z,2026-07-17T14:00:00Z,11,117,moderate
2026-07-17T13:30:00Z,2026-07-17T14:00:00Z,12,78,low
2026-07-17T13:30:00Z,2026-07-17T14:00:00Z,13,85,low
2026-07-17T13:30:00Z,2026-07-17T14:00:00Z,14,77,low
2026-07-17T13:30:00Z,2026-07-17T14:00:00Z,15,81,low
2026-07-17T13:30:00Z,2026-07-17T14:00:00Z,16,2,very low
2026-07-17T13:30:00Z,2026-07-17T14:00:00Z,17,83,low
2026-07-17T13:30:00Z,2026-07-17T14:00:00Z,18,78,low
2026-07-17T14:00:00Z,2026-07-17T14:30:00Z,1,0,very low
2026-07-17T14:00:00Z,2026-07-17T14:30:00Z,2,3,very low
2026-07-17T14:00:00Z,2026-07-17T14:30:00Z,3,43,low
2026-07-17T14:00:00Z,2026-07-17T14:30:00Z,4,20,very low
2026-07-17T14:00:00Z,2026-07-17T14:30:00Z,5,84,low
2026-07-17T14:00:00Z,2026-07-17T14:30:00Z,6,41,low
2026-07-17T14:00:00Z,2026-07-17T14:30:00Z,7,190,high
2026-07-17T14:00:00Z,2026-07-17T14:30:00Z,8,39,low
2026-07-17T14:00:00Z,2026-07-17T14:30:00Z,9,92,moderate
2026-07-17T14:00:00Z,2026-07-17T14:30:00Z,10,139,moderate
2026-07-17T14:00:00Z,2026-07-17T14:30:00Z,11,116,moderate
2026-07-17T14:00:00Z,2026-07-17T14:30:00Z,12,80,low
2026-07-17T14:00:00Z,2026-07-17T14:30:00Z,13,84,low
2026-07-17T14:00:00Z,2026-07-17T14:30:00Z,14,71,low
2026-07-17T14:00:00Z,2026-07-17T14:30:00Z,15,86,low
2026-07-17T14:00:00Z,2026-07-17T14:30:00Z,16,2,very low
2026-07-17T14:00:00Z,2026-07-17T14:30:00Z,17,92,moderate
2026-07-17T14:00:00Z,2026-07-17T14:30:00Z,18,83,low
2026-07-17T14:30:00Z,2026-07-17T15:00:00Z,1,0,very low
2026-07-17T14:30:00Z,2026-07-17T15:00:00Z,2,3,very low
2026-07-17T14:30:00Z,2026-07-17T15:00:00Z,3,48,low
2026-07-17T14:30:00Z,2026-07-17T15:00:00Z,4,20,very low
2026-07-17T14:30:00Z,2026-07-17T15:00:00Z,5,87,low
2026-07-17T14:30:00Z,2026-07-17T15:00:00Z,6,43,low
2026-07-17T14:30:00Z,2026-07-17T15:00:00Z,7,171,high
2026-07-17T14:30:00Z,2026-07-17T15:00:00Z,8,38,low
2026-07-17T14:30:00Z,2026-07-17T15:00:00Z,9,99,moderate
2026-07-17T14:30:00Z,2026-07-17T15:00:00Z,10,127,moderate
2026-07-17T14:30:00Z,2026-07-17T15:00:00Z,11,127,moderate
2026-07-17T14:30:00Z,2026-07-17T15:00:00Z,12,86,low
2026-07-17T14:30:00Z,2026-07-17T15:00:00Z,13,104,moderate
2026-07-17T14:30:00Z,2026-07-17T15:00:00Z,14,104,moderate
2026-07-17T14:30:00Z,2026-07-17T15:00:00Z,15,88,low
2026-07-17T14:30:00Z,2026-07-17T15:00:00Z,16,2,very low
2026-07-17T14:30:00Z,2026-07-17T15:00:00Z,17,112,moderate
2026-07-17T14:30:00Z,2026-07-17T15:00:00Z,18,85,low
2026-07-17T15:00:00Z,2026-07-17T15:30:00Z,1,0,very low
2026-07-17T15:00:00Z,2026-07-17T15:30:00Z,2,4,very low
2026-07-17T15:00:00Z,2026-07-17T15:30:00Z,3,55,low
2026-07-17T15:00:00Z,2026-07-17T15:30:00Z,4,21,very low
2026-07-17T15:00:00Z,2026-07-17T15:30:00Z,5,94,moderate
2026-07-17T15:00:00Z,2026-07-17T15:30:00Z,6,55,low
2026-07-17T15:00:00Z,2026-07-17T15:30:00Z,7,203,high
2026-07-17T15:00:00Z,2026-07-17T15:30:00Z,8,51,low
2026-07-17T15:00:00Z,2026-07-17T15:30:00Z,9,124,moderate
2026-07-17T15:00:00Z,2026-07-17T15:30:00Z,10,146,moderate
2026-07-17T15:00:00Z,2026-07-17T15:30:00Z,11,135,moderate
2026-07-17T15:00:00Z,2026-07-17T15:30:00Z,12,93,moderate
2026-07-17T15:00:00Z,2026-07-17T15:30:00Z,13,124,moderate
2026-07-17T15:00:00Z,2026-07-17T15:30:00Z,14,126,moderate
2026-07-17T15:00:00Z,2026-07-17T15:30:00Z,15,102,moderate
2026-07-17T15:00:00Z,2026-07-17T15:30:00Z,16,3,very low
2026-07-17T15:00:00Z,2026-07-17T15:30:00Z,17,126,moderate
2026-07-17T15:00:00Z,2026-07-17T15:30:00Z,18,100,moderate
2026-07-17T15:30:00Z,2026-07-17T16:00:00Z,1,0,very low
2026-07-17T15:30:00Z,2026-07-17T16:00:00Z,2,3,very low
2026-07-17T15:30:00Z,2026-07-17T16:00:00Z,3,68,low
2026-07-17T15:30:00Z,2026-07-17T16:00:00Z,4,19,very low
2026-07-17T15:30:00Z,2026-07-17T16:00:00Z,5,101,moderate
2026-07-17T15:30:00Z,2026-07-17T16:00:00Z,6,76,low
2026-07-17T15:30:00Z,2026-07-17T16:00:00Z,7,264,very high
2026-07-17T15:30:00Z,2026-07-17T16:00:00Z,8,88,low
2026-07-17T15:30:00Z,2026-07-17T16:00:00Z,9,146,moderate
2026-07-17T15:30:00Z,2026-07-17T16:00:00Z,10,155,moderate
2026-07-17T15:30:00Z,2026-07-17T16:00:00Z,11,181,high
2026-07-17T15:30:00Z,2026-07-17T16:00:00Z,12,126,moderate
2026-07-17T15:30:00Z,2026-07-17T16:00:00Z,13,169,moderate
2026-07-17T15:30:00Z,2026-07-17T16:00:00Z,14,195,high
2026-07-17T15:30:00Z,2026-07-17T16:00:00Z,15,127,moderate
2026-07-17T15:30:00Z,2026-07-17T16:00:00Z,16,2,very low
2026-07-17T15:30:00Z,2026-07-17T16:00:00Z,17,217,high
2026-07-17T15:30:00Z,2026-07-17T16:00:00Z,18,127,moderate
2026-07-17T16:00:00Z,2026-07-17T16:30:00Z,1,0,very low
2026-07-17T16:00:00Z,2026-07-17T16:30:00Z,2,2,very low
2026-07-17T16:00:00Z,2026-07-17T16:30:00Z,3,59,low
2026-07-17T16:00:00Z,2026-07-17T16:30:00Z,4,18,very low
2026-07-17T16:00:00Z,2026-07-17T16:30:00Z,5,101,moderate
2026-07-17T16:00:00Z,2026-07-17T16:30:00Z,6,79,low
2026-07-17T16:00:00Z,2026-07-17T16:30:00Z,7,300,very high
2026-07-17T16:00:00Z,2026-07-17T16:30:00Z,8,111,moderate
2026-07-17T16:00:00Z,2026-07-17T16:30:00Z,9,183,high
2026-07-17T16:00:00Z,2026-07-17T16:30:00Z,10,177,high
2026-07-17T16:00:00Z,2026-07-17T16:30:00Z,11,205,high
2026-07-17T16:00:00Z,2026-07-17T16:30:00Z,12,150,moderate
2026-07-17T16:00:00Z,2026-07-17T16:30:00Z,13,194,high
2026-07-17T16:00:00Z,2026-07-17T16:30:00Z,14,224,high
2026-07-17T16:00:00Z,2026-07-17T16:30:00Z,15,146,moderate
2026-07-17T16:00:00Z,2026-07-17T16:30:00Z,16,2,very low
2026-07-17T16:00:00Z,2026-07-17T16:30:00Z,17,258,very high
2026-07-17T16:00:00Z,2026-07-17T16:30:00Z,18,147,moderate
2026-07-17T16:30:00Z,2026-07-17T17:00:00Z,1,0,very low
2026-07-17T16:30:00Z,2026-07-17T17:00:00Z,2,3,very low
2026-07-17T16:30:00Z,2026-07-17T17:00:00Z,3,61,low
2026-07-17T16:30:00Z,2026-07-17T17:00:00Z,4,19,very low
2026-07-17T16:30:00Z,2026-07-17T17:00:00Z,5,117,moderate
2026-07-17T16:30:00Z,2026-07-17T17:00:00Z,6,90,moderate
2026-07-17T16:30:00Z,2026-07-17T17:00:00Z,7,317,very high
2026-07-17T16:30:00Z,2026-07-17T17:00:00Z,8,134,moderate
2026-07-17T16:30:00Z,2026-07-17T17:00:00Z,9,197,high
2026-07-17T16:30:00Z,2026-07-17T17:00:00Z,10,196,high
2026-07-17T16:30:00Z,2026-07-17T17:00:00Z,11,236,very high
2026-07-17T16:30:00Z,2026-07-17T17:00:00Z,12,172,high
2026-07-17T16:30:00Z,2026-07-17T17:00:00Z,13,216,high
2026-07-17T16:30:00Z,2026-07-17T17:00:00Z,14,255,very high
2026-07-17T16:30:00Z,2026-07-17T17:00:00Z,15,164,moderate
2026-07-17T16:30:00Z,2026-07-17T17:00:00Z,16,2,very low
2026-07-17T16:30:00Z,2026-07-17T17:00:00Z,17,291,very high
2026-07-17T16:30:00Z,2026-07-17T17:00:00Z,18,165,moderate
2026-07-17T17:00:00Z,2026-07-17T17:30:00Z,1,0,very low
2026-07-17T17:00:00Z,2026-07-17T17:30:00Z,2,3,very low
2026-07-17T17:00:00Z,2026-07-17T17:30:00Z,3,53,low
2026-07-17T17:00:00Z,2026-07-17T17:30:00Z,4,19,very low
2026-07-17T17:00:00Z,2026-07-17T17:30:00Z,5,132,moderate
2026-07-17T17:00:00Z,2026-07-17T17:30:00Z,6,109,moderate
2026-07-17T17:00:00Z,2026-07-17T17:30:00Z,7,326,very high
2026-07-17T17:00:00Z,2026-07-17T17:30:00Z,8,139,moderate
2026-07-17T17:00:00Z,2026-07-17T17:30:00Z,9,211,high
2026-07-17T17:00:00Z,2026-07-17T17:30:00Z,10,213,high
2026-07-17T17:00:00Z,2026-07-17T17:30:00Z,11,254,very high
2026-07-17T17:00:00Z,2026-07-17T17:30:00Z,12,179,high
2026-07-17T17:00:00Z,2026-07-17T17:30:00Z,13,221,high
2026-07-17T17:00:00Z,2026-07-17T17:30:00Z,14,251,very high
2026-07-17T17:00:00Z,2026-07-17T17:30:00Z,15,173,high
2026-07-17T17:00:00Z,2026-07-17T17:30:00Z,16,2,very low
2026-07-17T17:00:00Z,2026-07-17T17:30:00Z,17,277,very high
2026-07-17T17:00:00Z,2026-07-17T17:30:00Z,18,172,high
2026-07-17T17:30:00Z,2026-07-17T18:00:00Z,1,0,very low
2026-07-17T17:30:00Z,2026-07-17T18:00:00Z,2,2,very low
2026-07-17T17:30:00Z,2026-07-17T18:00:00Z,3,58,low
2026-07-17T17:30:00Z,2026-07-17T18:00:00Z,4,17,very low
2026-07-17T17:30:00Z,2026-07-17T18:00:00Z,5,129,moderate
2026-07-17T17:30:00Z,2026-07-17T18:00:00Z,6,89,low
2026-07-17T17:30:00Z,2026-07-17T18:00:00Z,7,334,very high
2026-07-17T17:30:00Z,2026-07-17T18:00:00Z,8,136,moderate
2026-07-17T17:30:00Z,2026-07-17T18:00:00Z,9,225,high
2026-07-17T17:30:00Z,2026-07-17T18:00:00Z,10,197,high
2026-07-17T17:30:00Z,2026-07-17T18:00:00Z,11,271,very high
2026-07-17T17:30:00Z,2026-07-17T18:00:00Z,12,188,high
2026-07-17T17:30:00Z,2026-07-17T18:00:00Z,13,214,high
2026-07-17T17:30:00Z,2026-07-17T18:00:00Z,14,240,very high
2026-07-17T17:30:00Z,2026-07-17T18:00:00Z,15,172,high
2026-07-17T17:30:00Z,2026-07-17T18:00:00Z,16,2,very low
2026-07-17T17:30:00Z,2026-07-17T18:00:00Z,17,272,very high
2026-07-17T17:30:00Z,2026-07-17T18:00:00Z,18,172,high
2026-07-17T18:00:00Z,2026-07-17T18:30:00Z,1,0,very low
2026-07-17T18:00:00Z,2026-07-17T18:30:00Z,2,2,very low
2026-07-17T18:00:00Z,2026-07-17T18:30:00Z,3,56,low
2026-07-17T18:00:00Z,2026-07-17T18:30:00Z,4,17,very low
2026-07-17T18:00:00Z,2026-07-17T18:30:00Z,5,131,moderate
2026-07-17T18:00:00Z,2026-07-17T18:30:00Z,6,95,moderate
2026-07-17T18:00:00Z,2026-07-17T18:30:00Z,7,341,very high
2026-07-17T18:00:00Z,2026-07-17T18:30:00Z,8,138,moderate
2026-07-17T18:00:00Z,2026-07-17T18:30:00Z,9,222,high
2026-07-17T18:00:00Z,2026-07-17T18:30:00Z,10,214,high
2026-07-17T18:00:00Z,2026-07-17T18:30:00Z,11,290,very high
2026-07-17T18:00:00Z,2026-07-17T18:30:00Z,12,187,high
2026-07-17T18:00:00Z,2026-07-17T18:30:00Z,13,226,high
2026-07-17T18:00:00Z,2026-07-17T18:30:00Z,14,261,very high
2026-07-17T18:00:00Z,2026-07-17T18:30:00Z,15,178,high
2026-07-17T18:00:00Z,2026-07-17T18:30:00Z,16,2,very low
2026-07-17T18:00:00Z,2026-07-17T18:30:00Z,17,269,very high
2026-07-17T18:00:00Z,2026-07-17T18:30:00Z,18,177,high
2026-07-17T18:30:00Z,2026-07-17T19:00:00Z,1,0,very low
2026-07-17T18:30:00Z,2026-07-17T19:00:00Z,2,2,very low
2026-07-17T18:30:00Z,2026-07-17T19:00:00Z,3,56,low
2026-07-17T18:30:00Z,2026-07-17T19:00:00Z,4,17,very low
2026-07-17T18:30:00Z,2026-07-17T19:00:00Z,5,123,moderate
2026-07-17T18:30:00Z,2026-07-17T19:00:00Z,6,94,moderate
2026-07-17T18:30:00Z,2026-07-17T19:00:00Z,7,350,very high
2026-07-17T18:30:00Z,2026-07-17T19:00:00Z,8,141,moderate
2026-07-17T18:30:00Z,2026-07-17T19:00:00Z,9,221,high
2026-07-17T18:30:00Z,2026-07-17T19:00:00Z,10,237,very high
2026-07-17T18:30:00Z,2026-07-17T19:00:00Z,11,313,very high
2026-07-17T18:30:00Z,2026-07-17T19:00:00Z,12,200,high
2026-07-17T18:30:00Z,2026-07-17T19:00:00Z,13,239,very high
2026-07-17T18:30:00Z,2026-07-17T19:00:00Z,14,263,very high
2026-07-17T18:30:00Z,2026-07-17T19:00:00Z,15,185,high
2026-07-17T18:30:00Z,2026-07-17T19:00:00Z,16,2,very low
2026-07-17T18:30:00Z,2026-07-17T19:00:00Z,17,269,very high
2026-07-17T18:30:00Z,2026-07-17T19:00:00Z,18,183,high
2026-07-17T19:00:00Z,2026-07-17T19:30:00Z,1,0,very low
2026-07-17T19:00:00Z,2026-07-17T19:30:00Z,2,2,very low
2026-07-17T19:00:00Z,2026-07-17T19:30:00Z,3,53,low
2026-07-17T19:00:00Z,2026-07-17T19:30:00Z,4,19,very low
2026-07-17T19:00:00Z,2026-07-17T19:30:00Z,5,122,moderate
2026-07-17T19:00:00Z,2026-07-17T19:30:00Z,6,101,moderate
2026-07-17T19:00:00Z,2026-07-17T19:30:00Z,7,360,very high
2026-07-17T19:00:00Z,2026-07-17T19:30:00Z,8,147,moderate
2026-07-17T19:00:00Z,2026-07-17T19:30:00Z,9,219,high
2026-07-17T19:00:00Z,2026-07-17T19:30:00Z,10,237,very high
2026-07-17T19:00:00Z,2026-07-17T19:30:00Z,11,337,very high
2026-07-17T19:00:00Z,2026-07-17T19:30:00Z,12,213,high
2026-07-17T19:00:00Z,2026-07-17T19:30:00Z,13,243,very high
2026-07-17T19:00:00Z,2026-07-17T19:30:00Z,14,264,very high
2026-07-17T19:00:00Z,2026-07-17T19:30:00Z,15,189,high
2026-07-17T19:00:00Z,2026-07-17T19:30:00Z,16,2,very low
2026-07-17T19:00:00Z,2026-07-17T19:30:00Z,17,283,very high
2026-07-17T19:00:00Z,2026-07-17T19:30:00Z,18,187,high
2026-07-17T19:30:00Z,2026-07-17T20:00:00Z,1,0,very low
2026-07-17T19:30:00Z,2026-07-17T20:00:00Z,2,2,very low
2026-07-17T19:30:00Z,2026-07-17T20:00:00Z,3,55,low
2026-07-17T19:30:00Z,2026-07-17T20:00:00Z,4,19,very low
2026-07-17T19:30:00Z,2026-07-17T20:00:00Z,5,125,moderate
2026-07-17T19:30:00Z,2026-07-17T20:00:00Z,6,97,moderate
2026-07-17T19:30:00Z,2026-07-17T20:00:00Z,7,364,very high
2026-07-17T19:30:00Z,2026-07-17T20:00:00Z,8,149,moderate
2026-07-17T19:30:00Z,2026-07-17T20:00:00Z,9,225,high
2026-07-17T19:30:00Z,2026-07-17T20:00:00Z,10,241,very high
2026-07-17T19:30:00Z,2026-07-17T20:00:00Z,11,360,very high
2026-07-17T19:30:00Z,2026-07-17T20:00:00Z,12,229,high
2026-07-17T19:30:00Z,2026-07-17T20:00:00Z,13,250,very high
2026-07-17T19:30:00Z,2026-07-17T20:00:00Z,14,270,very high
2026-07-17T19:30:00Z,2026-07-17T20:00:00Z,15,193,high
2026-07-17T19:30:00Z,2026-07-17T20:00:00Z,16,2,very low
2026-07-17T19:30:00Z,2026-07-17T20:00:00Z,17,290,very high
2026-07-17T19:30:00Z,2026-07-17T20:00:00Z,18,191,high
2026-07-17T20:00:00Z,2026-07-17T20:30:00Z,1,0,very low
2026-07-17T20:00:00Z,2026-07-17T20:30:00Z,2,2,very low
2026-07-17T20:00:00Z,2026-07-17T20:30:00Z,3,61,low
2026-07-17T20:00:00Z,2026-07-17T20:30:00Z,4,18,very low
2026-07-17T20:00:00Z,2026-07-17T20:30:00Z,5,123,moderate
2026-07-17T20:00:00Z,2026-07-17T20:30:00Z,6,100,moderate
2026-07-17T20:00:00Z,2026-07-17T20:30:00Z,7,368,very high
2026-07-17T20:00:00Z,2026-07-17T20:30:00Z,8,151,moderate
2026-07-17T20:00:00Z,2026-07-17T20:30:00Z,9,226,high
2026-07-17T20:00:00Z,2026-07-17T20:30:00Z,10,240,very high
2026-07-17T20:00:00Z,2026-07-17T20:30:00Z,11,373,very high
2026-07-17T20:00:00Z,2026-07-17T20:30:00Z,12,237,very high
2026-07-17T20:00:00Z,2026-07-17T20:30:00Z,13,254,very high
2026-07-17T20:00:00Z,2026-07-17T20:30:00Z,14,275,very high
2026-07-17T20:00:00Z,2026-07-17T20:30:00Z,15,197,high
2026-07-17T20:00:00Z,2026-07-17T20:30:00Z,16,2,very low
2026-07-17T20:00:00Z,2026-07-17T20:30:00Z,17,291,very high
2026-07-17T20:00:00Z,2026-07-17T20:30:00Z,18,195,high
2026-07-17T20:30:00Z,2026-07-17T21:00:00Z,1,0,very low
2026-07-17T20:30:00Z,2026-07-17T21:00:00Z,2,3,very low
2026-07-17T20:30:00Z,2026-07-17T21:00:00Z,3,64,low
2026-07-17T20:30:00Z,2026-07-17T21:00:00Z,4,19,very low
2026-07-17T20:30:00Z,2026-07-17T21:00:00Z,5,123,moderate
2026-07-17T20:30:00Z,2026-07-17T21:00:00Z,6,107,moderate
2026-07-17T20:30:00Z,2026-07-17T21:00:00Z,7,368,very high
2026-07-17T20:30:00Z,2026-07-17T21:00:00Z,8,154,moderate
2026-07-17T20:30:00Z,2026-07-17T21:00:00Z,9,226,high
2026-07-17T20:30:00Z,2026-07-17T21:00:00Z,10,242,very high
2026-07-17T20:30:00Z,2026-07-17T21:00:00Z,11,371,very high
2026-07-17T20:30:00Z,2026-07-17T21:00:00Z,12,234,very high
2026-07-17T20:30:00Z,2026-07-17T21:00:00Z,13,259,very high
2026-07-17T20:30:00Z,2026-07-17T21:00:00Z,14,290,very high
2026-07-17T20:30:00Z,2026-07-17T21:00:00Z,15,199,high
2026-07-17T20:30:00Z,2026-07-17T21:00:00Z,16,2,very low
2026-07-17T20:30:00Z,2026-07-17T21:00:00Z,17,296,very high
2026-07-17T20:30:00Z,2026-07-17T21:00:00Z,18,197,high
2026-07-17T21:00:00Z,2026-07-17T21:30:00Z,1,0,very low
2026-07-17T21:00:00Z,2026-07-17T21:30:00Z,2,2,very low
2026-07-17T21:00:00Z,2026-07-17T21:30:00Z,3,61,low
2026-07-17T21:00:00Z,2026-07-17T21:30:00Z,4,19,very low
2026-07-17T21:00:00Z,2026-07-17T21:30:00Z,5,114,moderate
2026-07-17T21:00:00Z,2026-07-17T21:30:00Z,6,102,moderate
2026-07-17T21:00:00Z,2026-07-17T21:30:00Z,7,366,very high
2026-07-17T21:00:00Z,2026-07-17T21:30:00Z,8,151,moderate
2026-07-17T21:00:00Z,2026-07-17T21:30:00Z,9,219,high
2026-07-17T21:00:00Z,2026-07-17T21:30:00Z,10,239,very high
2026-07-17T21:00:00Z,2026-07-17T21:30:00Z,11,370,very high
2026-07-17T21:00:00Z,2026-07-17T21:30:00Z,12,229,high
2026-07-17T21:00:00Z,2026-07-17T21:30:00Z,13,258,very high
2026-07-17T21:00:00Z,2026-07-17T21:30:00Z,14,290,very high
2026-07-17T21:00:00Z,2026-07-17T21:30:00Z,15,195,high
2026-07-17T21:00:00Z,2026-07-17T21:30:00Z,16,2,very low
2026-07-17T21:00:00Z,2026-07-17T21:30:00Z,17,288,very high
2026-07-17T21:00:00Z,2026-07-17T21:30:00Z,18,193,high
2026-07-17T21:30:00Z,2026-07-17T22:00:00Z,1,0,very low
2026-07-17T21:30:00Z,2026-07-17T22:00:00Z,2,3,very low
2026-07-17T21:30:00Z,2026-07-17T22:00:00Z,3,55,low
2026-07-17T21:30:00Z,2026-07-17T22:00:00Z,4,20,very low
2026-07-17T21:30:00Z,2026-07-17T22:00:00Z,5,105,moderate
2026-07-17T21:30:00Z,2026-07-17T22:00:00Z,6,99,moderate
2026-07-17T21:30:00Z,2026-07-17T22:00:00Z,7,360,very high
2026-07-17T21:30:00Z,2026-07-17T22:00:00Z,8,137,moderate
2026-07-17T21:30:00Z,2026-07-17T22:00:00Z,9,208,high
2026-07-17T21:30:00Z,2026-07-17T22:00:00Z,10,223,high
2026-07-17T21:30:00Z,2026-07-17T22:00:00Z,11,367,very high
2026-07-17T21:30:00Z,2026-07-17T22:00:00Z,12,224,high
2026-07-17T21:30:00Z,2026-07-17T22:00:00Z,13,232,very high
2026-07-17T21:30:00Z,2026-07-17T22:00:00Z,14,240,very high
2026-07-17T21:30:00Z,2026-07-17T22:00:00Z,15,180,high
2026-07-17T21:30:00Z,2026-07-17T22:00:00Z,16,2,very low
2026-07-17T21:30:00Z,2026-07-17T22:00:00Z,17,266,very high
2026-07-17T21:30:00Z,2026-07-17T22:00:00Z,18,179,high
2026-07-17T22:00:00Z,2026-07-17T22:30:00Z,1,0,very low
2026-07-17T22:00:00Z,2026-07-17T22:30:00Z,2,3,very low
2026-07-17T22:00:00Z,2026-07-17T22:30:00Z,3,50,low
2026-07-17T22:00:00Z,2026-07-17T22:30:00Z,4,20,very low
2026-07-17T22:00:00Z,2026-07-17T22:30:00Z,5,95,moderate
2026-07-17T22:00:00Z,2026-07-17T22:30:00Z,6,91,moderate
2026-07-17T22:00:00Z,2026-07-17T22:30:00Z,7,361,very high
2026-07-17T22:00:00Z,2026-07-17T22:30:00Z,8,126,moderate
2026-07-17T22:00:00Z,2026-07-17T22:30:00Z,9,193,high
2026-07-17T22:00:00Z,2026-07-17T22:30:00Z,10,211,high
2026-07-17T22:00:00Z,2026-07-17T22:30:00Z,11,365,very high
2026-07-17T22:00:00Z,2026-07-17T22:30:00Z,12,210,high
2026-07-17T22:00:00Z,2026-07-17T22:30:00Z,13,220,high
2026-07-17T22:00:00Z,2026-07-17T22:30:00Z,14,231,very high
2026-07-17T22:00:00Z,2026-07-17T22:30:00Z,15,168,moderate
2026-07-17T22:00:00Z,2026-07-17T22:30:00Z,16,2,very low
2026-07-17T22:00:00Z,2026-07-17T22:30:00Z,17,256,very high
2026-07-17T22:00:00Z,2026-07-17T22:30:00Z,18,168,moderate
2026-07-17T22:30:00Z,2026-07-17T23:00:00Z,1,0,very low
2026-07-17T22:30:00Z,2026-07-17T23:00:00Z,2,3,very low
2026-07-17T22:30:00Z,2026-07-17T23:00:00Z,3,50,low
2026-07-17T22:30:00Z,2026-07-17T23:00:00Z,4,20,very low
2026-07-17T22:30:00Z,2026-07-17T23:00:00Z,5,88,low
2026-07-17T22:30:00Z,2026-07-17T23:00:00Z,6,69,low
2026-07-17T22:30:00Z,2026-07-17T23:00:00Z,7,362,very high
2026-07-17T22:30:00Z,2026-07-17T23:00:00Z,8,117,moderate
2026-07-17T22:30:00Z,2026-07-17T23:00:00Z,9,193,high
2026-07-17T22:30:00Z,2026-07-17T23:00:00Z,10,226,high
2026-07-17T22:30:00Z,2026-07-17T23:00:00Z,11,364,very high
2026-07-17T22:30:00Z,2026-07-17T23:00:00Z,12,201,high
2026-07-17T22:30:00Z,2026-07-17T23:00:00Z,13,216,high
2026-07-17T22:30:00Z,2026-07-17T23:00:00Z,14,214,high
2026-07-17T22:30:00Z,2026-07-17T23:00:00Z,15,163,moderate
2026-07-17T22:30:00Z,2026-07-17T23:00:00Z,16,2,very low
2026-07-17T22:30:00Z,2026-07-17T23:00:00Z,17,243,very high
2026-07-17T22:30:00Z,2026-07-17T23:00:00Z,18,164,moderate
2026-07-17T23:00:00Z,2026-07-17T23:30:00Z,1,0,very low
2026-07-17T23:00:00Z,2026-07-17T23:30:00Z,2,2,very low
2026-07-17T23:00:00Z,2026-07-17T23:30:00Z,3,49,low
2026-07-17T23:00:00Z,2026-07-17T23:30:00Z,4,20,very low
2026-07-17T23:00:00Z,2026-07-17T23:30:00Z,5,89,low
2026-07-17T23:00:00Z,2026-07-17T23:30:00Z,6,44,low
2026-07-17T23:00:00Z,2026-07-17T23:30:00Z,7,364,very high
2026-07-17T23:00:00Z,2026-07-17T23:30:00Z,8,110,moderate
2026-07-17T23:00:00Z,2026-07-17T23:30:00Z,9,192,high
2026-07-17T23:00:00Z,2026-07-17T23:30:00Z,10,224,high
2026-07-17T23:00:00Z,2026-07-17T23:30:00Z,11,361,very high
2026-07-17T23:00:00Z,2026-07-17T23:30:00Z,12,196,high
2026-07-17T23:00:00Z,2026-07-17T23:30:00Z,13,216,high
2026-07-17T23:00:00Z,2026-07-17T23:30:00Z,14,216,high
2026-07-17T23:00:00Z,2026-07-17T23:30:00Z,15,161,moderate
2026-07-17T23:00:00Z,2026-07-17T23:30:00Z,16,2,very low
2026-07-17T23:00:00Z,2026-07-17T23:30:00Z,17,231,very high
2026-07-17T23:00:00Z,2026-07-17T23:30:00Z,18,161,moderate
2026-07-17T23:30:00Z,2026-07-18T00:00:00Z,1,0,very low
2026-07-17T23:30:00Z,2026-07-18T00:00:00Z,2,1,very low
2026-07-17T23:30:00Z,2026-07-18T00:00:00Z,3,41,low
2026-07-17T23:30:00Z,2026-07-18T00:00:00Z,4,20,very low
2026-07-17T23:30:00Z,2026-07-18T00:00:00Z,5,81,low
2026-07-17T23:30:00Z,2026-07-18T00:00:00Z,6,76,low
2026-07-17T23:30:00Z,2026-07-18T00:00:00Z,7,368,very high
2026-07-17T23:30:00Z,2026-07-18T00:00:00Z,8,118,moderate
2026-07-17T23:30:00Z,2026-07-18T00:00:00Z,9,181,high
2026-07-17T23:30:00Z,2026-07-18T00:00:00Z,10,231,very high
2026-07-17T23:30:00Z,2026-07-18T00:00:00Z,11,359,very high
2026-07-17T23:30:00Z,2026-07-18T00:00:00Z,12,177,high
2026-07-17T23:30:00Z,2026-07-18T00:00:00Z,13,209,high
2026-07-17T23:30:00Z,2026-07-18T00:00:00Z,14,203,high
2026-07-17T23:30:00Z,2026-07-18T00:00:00Z,15,153,moderate
2026-07-17T23:30:00Z,2026-07-18T00:00:00Z,16,3,very low
2026-07-17T23:30:00Z,2026-07-18T00:00:00Z,17,230,very high
2026-07-17T23:30:00Z,2026-07-18T00:00:00Z,18,154,moderate
2026-07-18T00:00:00Z,2026-07-18T00:30:00Z,1,0,very low
2026-07-18T00:00:00Z,2026-07-18T00:30:00Z,2,0,very low
2026-07-18T00:00:00Z,2026-07-18T00:30:00Z,3,37,low
2026-07-18T00:00:00Z,2026-07-18T00:30:00Z,4,19,very low
2026-07-18T00:00:00Z,2026-07-18T00:30:00Z,5,82,low
2026-07-18T00:00:00Z,2026-07-18T00:30:00Z,6,59,low
2026-07-18T00:00:00Z,2026-07-18T00:30:00Z,7,367,very high
2026-07-18T00:00:00Z,2026-07-18T00:30:00Z,8,105,moderate
2026-07-18T00:00:00Z,2026-07-18T00:30:00Z,9,172,high
2026-07-18T00:00:00Z,2026-07-18T00:30:00Z,10,204,high
2026-07-18T00:00:00Z,2026-07-18T00:30:00Z,11,356,very high
2026-07-18T00:00:00Z,2026-07-18T00:30:00Z,12,167,moderate
2026-07-18T00:00:00Z,2026-07-18T00:30:00Z,13,190,high
2026-07-18T00:00:00Z,2026-07-18T00:30:00Z,14,187,high
2026-07-18T00:00:00Z,2026-07-18T00:30:00Z,15,143,moderate
2026-07-18T00:00:00Z,2026-07-18T00:30:00Z,16,2,very low
2026-07-18T00:00:00Z,2026-07-18T00:30:00Z,17,225,high
2026-07-18T00:00:00Z,2026-07-18T00:30:00Z,18,144,moderate
2026-07-18T00:30:00Z,2026-07-18T01:00:00Z,1,0,very low
2026-07-18T00:30:00Z,2026-07-18T01:00:00Z,2,0,very low
2026-07-18T00:30:00Z,2026-07-18T01:00:00Z,3,36,low
2026-07-18T00:30:00Z,2026-07-18T01:00:00Z,4,21,very low
2026-07-18T00:30:00Z,2026-07-18T01:00:00Z,5,73,low
2026-07-18T00:30:00Z,2026-07-18T01:00:00Z,6,58,low
2026-07-18T00:30:00Z,2026-07-18T01:00:00Z,7,366,very high
2026-07-18T00:30:00Z,2026-07-18T01:00:00Z,8,98,moderate
2026-07-18T00:30:00Z,2026-07-18T01:00:00Z,9,158,moderate
2026-07-18T00:30:00Z,2026-07-18T01:00:00Z,10,204,high
2026-07-18T00:30:00Z,2026-07-18T01:00:00Z,11,355,very high
2026-07-18T00:30:00Z,2026-07-18T01:00:00Z,12,149,moderate
2026-07-18T00:30:00Z,2026-07-18T01:00:00Z,13,172,high
2026-07-18T00:30:00Z,2026-07-18T01:00:00Z,14,161,moderate
2026-07-18T00:30:00Z,2026-07-18T01:00:00Z,15,132,moderate
2026-07-18T00:30:00Z,2026-07-18T01:00:00Z,16,1,very low
2026-07-18T00:30:00Z,2026-07-18T01:00:00Z,17,217,high
2026-07-18T00:30:00Z,2026-07-18T01:00:00Z,18,134,moderate
2026-07-18T01:00:00Z,2026-07-18T01:30:00Z,1,0,very low
2026-07-18T01:00:00Z,2026-07-18T01:30:00Z,2,0,very low
2026-07-18T01:00:00Z,2026-07-18T01:30:00Z,3,33,low
2026-07-18T01:00:00Z,2026-07-18T01:30:00Z,4,19,very low
2026-07-18T01:00:00Z,2026-07-18T01:30:00Z,5,63,low
2026-07-18T01:00:00Z,2026-07-18T01:30:00Z,6,54,low
2026-07-18T01:00:00Z,2026-07-18T01:30:00Z,7,363,very high
2026-07-18T01:00:00Z,2026-07-18T01:30:00Z,8,87,low
2026-07-18T01:00:00Z,2026-07-18T01:30:00Z,9,141,moderate
2026-07-18T01:00:00Z,2026-07-18T01:30:00Z,10,190,high
2026-07-18T01:00:00Z,2026-07-18T01:30:00Z,11,347,very high
2026-07-18T01:00:00Z,2026-07-18T01:30:00Z,12,139,moderate
2026-07-18T01:00:00Z,2026-07-18T01:30:00Z,13,163,moderate
2026-07-18T01:00:00Z,2026-07-18T01:30:00Z,14,154,moderate
2026-07-18T01:00:00Z,2026-07-18T01:30:00Z,15,122,moderate
2026-07-18T01:00:00Z,2026-07-18T01:30:00Z,16,1,very low
2026-07-18T01:00:00Z,2026-07-18T01:30:00Z,17,194,high
2026-07-18T01:00:00Z,2026-07-18T01:30:00Z,18,124,moderate
2026-07-18T01:30:00Z,2026-07-18T02:00:00Z,1,0,very low
2026-07-18T01:30:00Z,2026-07-18T02:00:00Z,2,0,very low
2026-07-18T01:30:00Z,2026-07-18T02:00:00Z,3,30,low
2026-07-18T01:30:00Z,2026-07-18T02:00:00Z,4,20,very low
2026-07-18T01:30:00Z,2026-07-18T02:00:00Z,5,68,low
2026-07-18T01:30:00Z,2026-07-18T02:00:00Z,6,55,low
2026-07-18T01:30:00Z,2026-07-18T02:00:00Z,7,361,very high
2026-07-18T01:30:00Z,2026-07-18T02:00:00Z,8,75,low
2026-07-18T01:30:00Z,2026-07-18T02:00:00Z,9,136,moderate
2026-07-18T01:30:00Z,2026-07-18T02:00:00Z,10,169,moderate
2026-07-18T01:30:00Z,2026-07-18T02:00:00Z,11,349,very high
2026-07-18T01:30:00Z,2026-07-18T02:00:00Z,12,133,moderate
2026-07-18T01:30:00Z,2026-07-18T02:00:00Z,13,153,moderate
2026-07-18T01:30:00Z,2026-07-18T02:00:00Z,14,149,moderate
2026-07-18T01:30:00Z,2026-07-18T02:00:00Z,15,118,moderate
2026-07-18T01:30:00Z,2026-07-18T02:00:00Z,16,1,very low
2026-07-18T01:30:00Z,2026-07-18T02:00:00Z,17,177,high
2026-07-18T01:30:00Z,2026-07-18T02:00:00Z,18,118,moderate
2026-07-18T02:00:00Z,2026-07-18T02:30:00Z,1,0,very low
2026-07-18T02:00:00Z,2026-07-18T02:30:00Z,2,0,very low
2026-07-18T02:00:00Z,2026-07-18T02:30:00Z,3,30,low
2026-07-18T02:00:00Z,2026-07-18T02:30:00Z,4,21,very low
2026-07-18T02:00:00Z,2026-07-18T02:30:00Z,5,66,low
2026-07-18T02:00:00Z,2026-07-18T02:30:00Z,6,52,low
2026-07-18T02:00:00Z,2026-07-18T02:30:00Z,7,353,very high
2026-07-18T02:00:00Z,2026-07-18T02:30:00Z,8,65,low
2026-07-18T02:00:00Z,2026-07-18T02:30:00Z,9,124,moderate
2026-07-18T02:00:00Z,2026-07-18T02:30:00Z,10,153,moderate
2026-07-18T02:00:00Z,2026-07-18T02:30:00Z,11,339,very high
2026-07-18T02:00:00Z,2026-07-18T02:30:00Z,12,121,moderate
2026-07-18T02:00:00Z,2026-07-18T02:30:00Z,13,140,moderate
2026-07-18T02:00:00Z,2026-07-18T02:30:00Z,14,136,moderate
2026-07-18T02:00:00Z,2026-07-18T02:30:00Z,15,110,moderate
2026-07-18T02:00:00Z,2026-07-18T02:30:00Z,16,1,very low
2026-07-18T02:00:00Z,2026-07-18T02:30:00Z,17,150,moderate
2026-07-18T02:00:00Z,2026-07-18T02:30:00Z,18,109,moderate
2026-07-18T02:30:00Z,2026-07-18T03:00:00Z,1,0,very low
2026-07-18T02:30:00Z,2026-07-18T03:00:00Z,2,0,very low
2026-07-18T02:30:00Z,2026-07-18T03:00:00Z,3,30,low
2026-07-18T02:30:00Z,2026-07-18T03:00:00Z,4,21,very low
2026-07-18T02:30:00Z,2026-07-18T03:00:00Z,5,64,low
2026-07-18T02:30:00Z,2026-07-18T03:00:00Z,6,48,low
2026-07-18T02:30:00Z,2026-07-18T03:00:00Z,7,325,very high
2026-07-18T02:30:00Z,2026-07-18T03:00:00Z,8,48,low
2026-07-18T02:30:00Z,2026-07-18T03:00:00Z,9,105,moderate
2026-07-18T02:30:00Z,2026-07-18T03:00:00Z,10,141,moderate
2026-07-18T02:30:00Z,2026-07-18T03:00:00Z,11,349,very high
2026-07-18T02:30:00Z,2026-07-18T03:00:00Z,12,113,moderate
2026-07-18T02:30:00Z,2026-07-18T03:00:00Z,13,132,moderate
2026-07-18T02:30:00Z,2026-07-18T03:00:00Z,14,132,moderate
2026-07-18T02:30:00Z,2026-07-18T03:00:00Z,15,100,moderate
2026-07-18T02:30:00Z,2026-07-18T03:00:00Z,16,1,very low
2026-07-18T02:30:00Z,2026-07-18T03:00:00Z,17,132,moderate
2026-07-18T02:30:00Z,2026-07-18T03:00:00Z,18,99,moderate
2026-07-18T03:00:00Z,2026-07-18T03:30:00Z,1,0,very low
2026-07-18T03:00:00Z,2026-07-18T03:30:00Z,2,0,very low
2026-07-18T03:00:00Z,2026-07-18T03:30:00Z,3,24,very low
2026-07-18T03:00:00Z,2026-07-18T03:30:00Z,4,21,very low
2026-07-18T03:00:00Z,2026-07-18T03:30:00Z,5,54,low
2026-07-18T03:00:00Z,2026-07-18T03:30:00Z,6,44,low
2026-07-18T03:00:00Z,2026-07-18T03:30:00Z,7,307,very high
2026-07-18T03:00:00Z,2026-07-18T03:30:00Z,8,38,low
2026-07-18T03:00:00Z,2026-07-18T03:30:00Z,9,90,moderate
2026-07-18T03:00:00Z,2026-07-18T03:30:00Z,10,133,moderate
2026-07-18T03:00:00Z,2026-07-18T03:30:00Z,11,345,very high
2026-07-18T03:00:00Z,2026-07-18T03:30:00Z,12,98,moderate
2026-07-18T03:00:00Z,2026-07-18T03:30:00Z,13,118,moderate
2026-07-18T03:00:00Z,2026-07-18T03:30:00Z,14,111,moderate
2026-07-18T03:00:00Z,2026-07-18T03:30:00Z,15,87,low
2026-07-18T03:00:00Z,2026-07-18T03:30:00Z,16,2,very low
2026-07-18T03:00:00Z,2026-07-18T03:30:00Z,17,113,moderate
2026-07-18T03:00:00Z,2026-07-18T03:30:00Z,18,87,low
2026-07-18T03:30:00Z,2026-07-18T04:00:00Z,1,0,very low
2026-07-18T03:30:00Z,2026-07-18T04:00:00Z,2,0,very low
2026-07-18T03:30:00Z,2026-07-18T04:00:00Z,3,27,low
2026-07-18T03:30:00Z,2026-07-18T04:00:00Z,4,23,very low
2026-07-18T03:30:00Z,2026-07-18T04:00:00Z,5,54,low
2026-07-18T03:30:00Z,2026-07-18T04:00:00Z,6,47,low
2026-07-18T03:30:00Z,2026-07-18T04:00:00Z,7,270,very high
2026-07-18T03:30:00Z,2026-07-18T04:00:00Z,8,40,low
2026-07-18T03:30:00Z,2026-07-18T04:00:00Z,9,81,low
2026-07-18T03:30:00Z,2026-07-18T04:00:00Z,10,158,moderate
2026-07-18T03:30:00Z,2026-07-18T04:00:00Z,11,349,very high
2026-07-18T03:30:00Z,2026-07-18T04:00:00Z,12,91,moderate
2026-07-18T03:30:00Z,2026-07-18T04:00:00Z,13,131,moderate
2026-07-18T03:30:00Z,2026-07-18T04:00:00Z,14,114,moderate
2026-07-18T03:30:00Z,2026-07-18T04:00:00Z,15,91,moderate
2026-07-18T03:30:00Z,2026-07-18T04:00:00Z,16,2,very low
2026-07-18T03:30:00Z,2026-07-18T04:00:00Z,17,106,moderate
2026-07-18T03:30:00Z,2026-07-18T04:00:00Z,18,89,low
2026-07-18T04:00:00Z,2026-07-18T04:30:00Z,1,0,very low
2026-07-18T04:00:00Z,2026-07-18T04:30:00Z,2,0,very low
2026-07-18T04:00:00Z,2026-07-18T04:30:00Z,3,25,low
2026-07-18T04:00:00Z,2026-07-18T04:30:00Z,4,22,very low
2026-07-18T04:00:00Z,2026-07-18T04:30:00Z,5,53,low
2026-07-18T04:00:00Z,2026-07-18T04:30:00Z,6,46,low
2026-07-18T04:00:00Z,2026-07-18T04:30:00Z,7,287,very high
2026-07-18T04:00:00Z,2026-07-18T04:30:00Z,8,38,low
2026-07-18T04:00:00Z,2026-07-18T04:30:00Z,9,68,low
2026-07-18T04:00:00Z,2026-07-18T04:30:00Z,10,152,moderate
2026-07-18T04:00:00Z,2026-07-18T04:30:00Z,11,350,very high
2026-07-18T04:00:00Z,2026-07-18T04:30:00Z,12,97,moderate
2026-07-18T04:00:00Z,2026-07-18T04:30:00Z,13,131,moderate
2026-07-18T04:00:00Z,2026-07-18T04:30:00Z,14,118,moderate
2026-07-18T04:00:00Z,2026-07-18T04:30:00Z,15,89,low
2026-07-18T04:00:00Z,2026-07-18T04:30:00Z,16,2,very low
2026-07-18T04:00:00Z,2026-07-18T04:30:00Z,17,93,moderate
2026-07-18T04:00:00Z,2026-07-18T04:30:00Z,18,88,low
2026-07-18T04:30:00Z,2026-07-18T05:00:00Z,1,0,very low
2026-07-18T04:30:00Z,2026-07-18T05:00:00Z,2,0,very low
2026-07-18T04:30:00Z,2026-07-18T05:00:00Z,3,27,low
2026-07-18T04:30:00Z,2026-07-18T05:00:00Z,4,21,very low
2026-07-18T04:30:00Z,2026-07-18T05:00:00Z,5,56,low
2026-07-18T04:30:00Z,2026-07-18T05:00:00Z,6,49,low
2026-07-18T04:30:00Z,2026-07-18T05:00:00Z,7,283,very high
2026-07-18T04:30:00Z,2026-07-18T05:00:00Z,8,40,low
2026-07-18T04:30:00Z,2026-07-18T05:00:00Z,9,68,low
2026-07-18T04:30:00Z,2026-07-18T05:00:00Z,10,165,moderate
2026-07-18T04:30:00Z,2026-07-18T05:00:00Z,11,340,very high
2026-07-18T04:30:00Z,2026-07-18T05:00:00Z,12,96,moderate
2026-07-18T04:30:00Z,2026-07-18T05:00:00Z,13,138,moderate
2026-07-18T04:30:00Z,2026-07-18T05:00:00Z,14,122,moderate
2026-07-18T04:30:00Z,2026-07-18T05:00:00Z,15,91,moderate
2026-07-18T04:30:00Z,2026-07-18T05:00:00Z,16,2,very low
2026-07-18T04:30:00Z,2026-07-18T05:00:00Z,17,94,moderate
2026-07-18T04:30:00Z,2026-07-18T05:00:00Z,18,90,moderate
2026-07-18T05:00:00Z,2026-07-18T05:30:00Z,1,0,very low
2026-07-18T05:00:00Z,2026-07-18T05:30:00Z,2,0,very low
2026-07-18T05:00:00Z,2026-07-18T05:30:00Z,3,26,low
2026-07-18T05:00:00Z,2026-07-18T05:30:00Z,4,21,very low
2026-07-18T05:00:00Z,2026-07-18T05:30:00Z,5,54,low
2026-07-18T05:00:00Z,2026-07-18T05:30:00Z,6,47,low
2026-07-18T05:00:00Z,2026-07-18T05:30:00Z,7,241,very high
2026-07-18T05:00:00Z,2026-07-18T05:30:00Z,8,39,low
2026-07-18T05:00:00Z,2026-07-18T05:30:00Z,9,63,low
2026-07-18T05:00:00Z,2026-07-18T05:30:00Z,10,160,moderate
2026-07-18T05:00:00Z,2026-07-18T05:30:00Z,11,319,very high
2026-07-18T05:00:00Z,2026-07-18T05:30:00Z,12,96,moderate
2026-07-18T05:00:00Z,2026-07-18T05:30:00Z,13,134,moderate
2026-07-18T05:00:00Z,2026-07-18T05:30:00Z,14,119,moderate
2026-07-18T05:00:00Z,2026-07-18T05:30:00Z,15,90,moderate
2026-07-18T05:00:00Z,2026-07-18T05:30:00Z,16,2,very low
2026-07-18T05:00:00Z,2026-07-18T05:30:00Z,17,99,moderate
2026-07-18T05:00:00Z,2026-07-18T05:30:00Z,18,88,low
2026-07-18T05:30:00Z,2026-07-18T06:00:00Z,1,0,very low
2026-07-18T05:30:00Z,2026-07-18T06:00:00Z,2,0,very low
2026-07-18T05:30:00Z,2026-07-18T06:00:00Z,3,25,low
2026-07-18T05:30:00Z,2026-07-18T06:00:00Z,4,19,very low
2026-07-18T05:30:00Z,2026-07-18T06:00:00Z,5,49,low
2026-07-18T05:30:00Z,2026-07-18T06:00:00Z,6,49,low
2026-07-18T05:30:00Z,2026-07-18T06:00:00Z,7,219,high
2026-07-18T05:30:00Z,2026-07-18T06:00:00Z,8,38,low
2026-07-18T05:30:00Z,2026-07-18T06:00:00Z,9,58,low
2026-07-18T05:30:00Z,2026-07-18T06:00:00Z,10,162,moderate
2026-07-18T05:30:00Z,2026-07-18T06:00:00Z,11,260,very high
2026-07-18T05:30:00Z,2026-07-18T06:00:00Z,12,81,low
2026-07-18T05:30:00Z,2026-07-18T06:00:00Z,13,129,moderate
2026-07-18T05:30:00Z,2026-07-18T06:00:00Z,14,116,moderate
2026-07-18T05:30:00Z,2026-07-18T06:00:00Z,15,87,low
2026-07-18T05:30:00Z,2026-07-18T06:00:00Z,16,2,very low
2026-07-18T05:30:00Z,2026-07-18T06:00:00Z,17,93,moderate
2026-07-18T05:30:00Z,2026-07-18T06:00:00Z,18,85,low
2026-07-18T06:00:00Z,2026-07-18T06:30:00Z,1,0,very low
2026-07-18T06:00:00Z,2026-07-18T06:30:00Z,2,0,very low
2026-07-18T06:00:00Z,2026-07-18T06:30:00Z,3,21,very low
2026-07-18T06:00:00Z,2026-07-18T06:30:00Z,4,14,very low
2026-07-18T06:00:00Z,2026-07-18T06:30:00Z,5,40,low
2026-07-18T06:00:00Z,2026-07-18T06:30:00Z,6,48,low
2026-07-18T06:00:00Z,2026-07-18T06:30:00Z,7,185,high
2026-07-18T06:00:00Z,2026-07-18T06:30:00Z,8,34,low
2026-07-18T06:00:00Z,2026-07-18T06:30:00Z,9,50,low
2026-07-18T06:00:00Z,2026-07-18T06:30:00Z,10,164,moderate
2026-07-18T06:00:00Z,2026-07-18T06:30:00Z,11,213,high
2026-07-18T06:00:00Z,2026-07-18T06:30:00Z,12,76,low
2026-07-18T06:00:00Z,2026-07-18T06:30:00Z,13,126,moderate
2026-07-18T06:00:00Z,2026-07-18T06:30:00Z,14,114,moderate
2026-07-18T06:00:00Z,2026-07-18T06:30:00Z,15,81,low
2026-07-18T06:00:00Z,2026-07-18T06:30:00Z,16,1,very low
2026-07-18T06:00:00Z,2026-07-18T06:30:00Z,17,89,low
2026-07-18T06:00:00Z,2026-07-18T06:30:00Z,18,79,low
2026-07-18T06:30:00Z,2026-07-18T07:00:00Z,1,0,very low
2026-07-18T06:30:00Z,2026-07-18T07:00:00Z,2,0,very low
2026-07-18T06:30:00Z,2026-07-18T07:00:00Z,3,21,very low
2026-07-18T06:30:00Z,2026-07-18T07:00:00Z,4,9,very low
2026-07-18T06:30:00Z,2026-07-18T07:00:00Z,5,32,low
2026-07-18T06:30:00Z,2026-07-18T07:00:00Z,6,46,low
2026-07-18T06:30:00Z,2026-07-18T07:00:00Z,7,140,moderate
2026-07-18T06:30:00Z,2026-07-18T07:00:00Z,8,31,low
2026-07-18T06:30:00Z,2026-07-18T07:00:00Z,9,45,low
2026-07-18T06:30:00Z,2026-07-18T07:00:00Z,10,193,high
2026-07-18T06:30:00Z,2026-07-18T07:00:00Z,11,159,moderate
2026-07-18T06:30:00Z,2026-07-18T07:00:00Z,12,74,low
2026-07-18T06:30:00Z,2026-07-18T07:00:00Z,13,136,moderate
2026-07-18T06:30:00Z,2026-07-18T07:00:00Z,14,117,moderate
2026-07-18T06:30:00Z,2026-07-18T07:00:00Z,15,84,low
2026-07-18T06:30:00Z,2026-07-18T07:00:00Z,16,1,very low
2026-07-18T06:30:00Z,2026-07-18T07:00:00Z,17,76,low
2026-07-18T06:30:00Z,2026-07-18T07:00:00Z,18,81,low
2026-07-18T07:00:00Z,2026-07-18T07:30:00Z,1,0,very low
2026-07-18T07:00:00Z,2026-07-18T07:30:00Z,2,0,very low
2026-07-18T07:00:00Z,2026-07-18T07:30:00Z,3,22,very low
2026-07-18T07:00:00Z,2026-07-18T07:30:00Z,4,7,very low
2026-07-18T07:00:00Z,2026-07-18T07:30:00Z,5,27,low
2026-07-18T07:00:00Z,2026-07-18T07:30:00Z,6,45,low
2026-07-18T07:00:00Z,2026-07-18T07:30:00Z,7,104,moderate
2026-07-18T07:00:00Z,2026-07-18T07:30:00Z,8,30,low
2026-07-18T07:00:00Z,2026-07-18T07:30:00Z,9,45,low
2026-07-18T07:00:00Z,2026-07-18T07:30:00Z,10,192,high
2026-07-18T07:00:00Z,2026-07-18T07:30:00Z,11,131,moderate
2026-07-18T07:00:00Z,2026-07-18T07:30:00Z,12,68,low
2026-07-18T07:00:00Z,2026-07-18T07:30:00Z,13,131,moderate
2026-07-18T07:00:00Z,2026-07-18T07:30:00Z,14,109,moderate
2026-07-18T07:00:00Z,2026-07-18T07:30:00Z,15,79,low
2026-07-18T07:00:00Z,2026-07-18T07:30:00Z,16,1,very low
2026-07-18T07:00:00Z,2026-07-18T07:30:00Z,17,81,low
2026-07-18T07:00:00Z,2026-07-18T07:30:00Z,18,76,low
2026-07-18T07:30:00Z,2026-07-18T08:00:00Z,1,0,very low
2026-07-18T07:30:00Z,2026-07-18T08:00:00Z,2,0,very low
2026-07-18T07:30:00Z,2026-07-18T08:00:00Z,3,22,very low
2026-07-18T07:30:00Z,2026-07-18T08:00:00Z,4,8,very low
2026-07-18T07:30:00Z,2026-07-18T08:00:00Z,5,29,low
2026-07-18T07:30:00Z,2026-07-18T08:00:00Z,6,23,very low
2026-07-18T07:30:00Z,2026-07-18T08:00:00Z,7,64,low
2026-07-18T07:30:00Z,2026-07-18T08:00:00Z,8,22,very low
2026-07-18T07:30:00Z,2026-07-18T08:00:00Z,9,43,low
2026-07-18T07:30:00Z,2026-07-18T08:00:00Z,10,194,high
2026-07-18T07:30:00Z,2026-07-18T08:00:00Z,11,112,moderate
2026-07-18T07:30:00Z,2026-07-18T08:00:00Z,12,63,low
2026-07-18T07:30:00Z,2026-07-18T08:00:00Z,13,132,moderate
2026-07-18T07:30:00Z,2026-07-18T08:00:00Z,14,111,moderate
2026-07-18T07:30:00Z,2026-07-18T08:00:00Z,15,75,low
2026-07-18T07:30:00Z,2026-07-18T08:00:00Z,16,1,very low
2026-07-18T07:30:00Z,2026-07-18T08:00:00Z,17,65,low
2026-07-18T07:30:00Z,2026-07-18T08:00:00Z,18,72,low
2026-07-18T08:00:00Z,2026-07-18T08:30:00Z,1,0,very low
2026-07-18T08:00:00Z,2026-07-18T08:30:00Z,2,0,very low
2026-07-18T08:00:00Z,2026-07-18T08:30:00Z,3,24,very low
2026-07-18T08:00:00Z,2026-07-18T08:30:00Z,4,8,very low
2026-07-18T08:00:00Z,2026-07-18T08:30:00Z,5,33,low
2026-07-18T08:00:00Z,2026-07-18T08:30:00Z,6,21,very low
2026-07-18T08:00:00Z,2026-07-18T08:30:00Z,7,47,low
2026-07-18T08:00:00Z,2026-07-18T08:30:00Z,8,22,very low
2026-07-18T08:00:00Z,2026-07-18T08:30:00Z,9,46,low
2026-07-18T08:00:00Z,2026-07-18T08:30:00Z,10,177,high
2026-07-18T08:00:00Z,2026-07-18T08:30:00Z,11,100,moderate
2026-07-18T08:00:00Z,2026-07-18T08:30:00Z,12,59,low
2026-07-18T08:00:00Z,2026-07-18T08:30:00Z,13,119,moderate
2026-07-18T08:00:00Z,2026-07-18T08:30:00Z,14,103,moderate
2026-07-18T08:00:00Z,2026-07-18T08:30:00Z,15,71,low
2026-07-18T08:00:00Z,2026-07-18T08:30:00Z,16,1,very low
2026-07-18T08:00:00Z,2026-07-18T08:30:00Z,17,53,low
2026-07-18T08:00:00Z,2026-07-18T08:30:00Z,18,67,low
2026-07-18T08:30:00Z,2026-07-18T09:00:00Z,1,0,very low
2026-07-18T08:30:00Z,2026-07-18T09:00:00Z,2,0,very low
2026-07-18T08:30:00Z,2026-07-18T09:00:00Z,3,24,very low
2026-07-18T08:30:00Z,2026-07-18T09:00:00Z,4,8,very low
2026-07-18T08:30:00Z,2026-07-18T09:00:00Z,5,33,low
2026-07-18T08:30:00Z,2026-07-18T09:00:00Z,6,12,very low
2026-07-18T08:30:00Z,2026-07-18T09:00:00Z,7,32,low
2026-07-18T08:30:00Z,2026-07-18T09:00:00Z,8,19,very low
2026-07-18T08:30:00Z,2026-07-18T09:00:00Z,9,49,low
2026-07-18T08:30:00Z,2026-07-18T09:00:00Z,10,163,moderate
2026-07-18T08:30:00Z,2026-07-18T09:00:00Z,11,91,moderate
2026-07-18T08:30:00Z,2026-07-18T09:00:00Z,12,54,low
2026-07-18T08:30:00Z,2026-07-18T09:00:00Z,13,110,moderate
2026-07-18T08:30:00Z,2026-07-18T09:00:00Z,14,100,moderate
2026-07-18T08:30:00Z,2026-07-18T09:00:00Z,15,67,low
2026-07-18T08:30:00Z,2026-07-18T09:00:00Z,16,1,very low
2026-07-18T08:30:00Z,2026-07-18T09:00:00Z,17,49,low
2026-07-18T08:30:00Z,2026-07-18T09:00:00Z,18,63,low
2026-07-18T09:00:00Z,2026-07-18T09:30:00Z,1,0,very low
2026-07-18T09:00:00Z,2026-07-18T09:30:00Z,2,0,very low
2026-07-18T09:00:00Z,2026-07-18T09:30:00Z,3,23,very low
2026-07-18T09:00:00Z,2026-07-18T09:30:00Z,4,8,very low
2026-07-18T09:00:00Z,2026-07-18T09:30:00Z,5,31,low
2026-07-18T09:00:00Z,2026-07-18T09:30:00Z,6,12,very low
2026-07-18T09:00:00Z,2026-07-18T09:30:00Z,7,30,low
2026-07-18T09:00:00Z,2026-07-18T09:30:00Z,8,19,very low
2026-07-18T09:00:00Z,2026-07-18T09:30:00Z,9,47,low
2026-07-18T09:00:00Z,2026-07-18T09:30:00Z,10,148,moderate
2026-07-18T09:00:00Z,2026-07-18T09:30:00Z,11,82,low
2026-07-18T09:00:00Z,2026-07-18T09:30:00Z,12,54,low
2026-07-18T09:00:00Z,2026-07-18T09:30:00Z,13,103,moderate
2026-07-18T09:00:00Z,2026-07-18T09:30:00Z,14,94,moderate
2026-07-18T09:00:00Z,2026-07-18T09:30:00Z,15,62,low
2026-07-18T09:00:00Z,2026-07-18T09:30:00Z,16,1,very low
2026-07-18T09:00:00Z,2026-07-18T09:30:00Z,17,43,low
2026-07-18T09:00:00Z,2026-07-18T09:30:00Z,18,59,low
2026-07-18T09:30:00Z,2026-07-18T10:00:00Z,1,0,very low
2026-07-18T09:30:00Z,2026-07-18T10:00:00Z,2,1,very low
2026-07-18T09:30:00Z,2026-07-18T10:00:00Z,3,21,very low
2026-07-18T09:30:00Z,2026-07-18T10:00:00Z,4,10,very low
2026-07-18T09:30:00Z,2026-07-18T10:00:00Z,5,31,low
2026-07-18T09:30:00Z,2026-07-18T10:00:00Z,6,16,very low
2026-07-18T09:30:00Z,2026-07-18T10:00:00Z,7,23,very low
2026-07-18T09:30:00Z,2026-07-18T10:00:00Z,8,20,very low
2026-07-18T09:30:00Z,2026-07-18T10:00:00Z,9,59,low
2026-07-18T09:30:00Z,2026-07-18T10:00:00Z,10,142,moderate
2026-07-18T09:30:00Z,2026-07-18T10:00:00Z,11,66,low
2026-07-18T09:30:00Z,2026-07-18T10:00:00Z,12,51,low
2026-07-18T09:30:00Z,2026-07-18T10:00:00Z,13,97,moderate
2026-07-18T09:30:00Z,2026-07-18T10:00:00Z,14,86,low
2026-07-18T09:30:00Z,2026-07-18T10:00:00Z,15,60,low
2026-07-18T09:30:00Z,2026-07-18T10:00:00Z,16,1,very low
2026-07-18T09:30:00Z,2026-07-18T10:00:00Z,17,54,low
2026-07-18T09:30:00Z,2026-07-18T10:00:00Z,18,57,low
2026-07-18T10:00:00Z,2026-07-18T10:30:00Z,1,0,very low
2026-07-18T10:00:00Z,2026-07-18T10:30:00Z,2,1,very low
2026-07-18T10:00:00Z,2026-07-18T10:30:00Z,3,22,very low
2026-07-18T10:00:00Z,2026-07-18T10:30:00Z,4,10,very low
2026-07-18T10:00:00Z,2026-07-18T10:30:00Z,5,29,low
2026-07-18T10:00:00Z,2026-07-18T10:30:00Z,6,20,very low
2026-07-18T10:00:00Z,2026-07-18T10:30:00Z,7,27,low
2026-07-18T10:00:00Z,2026-07-18T10:30:00Z,8,22,very low
2026-07-18T10:00:00Z,2026-07-18T10:30:00Z,9,66,low
2026-07-18T10:00:00Z,2026-07-18T10:30:00Z,10,134,moderate
2026-07-18T10:00:00Z,2026-07-18T10:30:00Z,11,55,low
2026-07-18T10:00:00Z,2026-07-18T10:30:00Z,12,46,low
2026-07-18T10:00:00Z,2026-07-18T10:30:00Z,13,91,moderate
2026-07-18T10:00:00Z,2026-07-18T10:30:00Z,14,83,low
2026-07-18T10:00:00Z,2026-07-18T10:30:00Z,15,57,low
2026-07-18T10:00:00Z,2026-07-18T10:30:00Z,16,1,very low
2026-07-18T10:00:00Z,2026-07-18T10:30:00Z,17,68,low
2026-07-18T10:00:00Z,2026-07-18T10:30:00Z,18,56,low
2026-07-18T10:30:00Z,2026-07-18T11:00:00Z,1,0,very low
2026-07-18T10:30:00Z,2026-07-18T11:00:00Z,2,1,very low
2026-07-18T10:30:00Z,2026-07-18T11:00:00Z,3,22,very low
2026-07-18T10:30:00Z,2026-07-18T11:00:00Z,4,11,very low
2026-07-18T10:30:00Z,2026-07-18T11:00:00Z,5,27,low
2026-07-18T10:30:00Z,2026-07-18T11:00:00Z,6,14,very low
2026-07-18T10:30:00Z,2026-07-18T11:00:00Z,7,35,low
2026-07-18T10:30:00Z,2026-07-18T11:00:00Z,8,20,very low
2026-07-18T10:30:00Z,2026-07-18T11:00:00Z,9,64,low
2026-07-18T10:30:00Z,2026-07-18T11:00:00Z,10,132,moderate
2026-07-18T10:30:00Z,2026-07-18T11:00:00Z,11,50,low
2026-07-18T10:30:00Z,2026-07-18T11:00:00Z,12,43,low
2026-07-18T10:30:00Z,2026-07-18T11:00:00Z,13,86,low
2026-07-18T10:30:00Z,2026-07-18T11:00:00Z,14,76,low
2026-07-18T10:30:00Z,2026-07-18T11:00:00Z,15,55,low
2026-07-18T10:30:00Z,2026-07-18T11:00:00Z,16,1,very low
2026-07-18T10:30:00Z,2026-07-18T11:00:00Z,17,66,low
2026-07-18T10:30:00Z,2026-07-18T11:00:00Z,18,53,low
2026-07-18T11:00:00Z,2026-07-18T11:30:00Z,1,0,very low
2026-07-18T11:00:00Z,2026-07-18T11:30:00Z,2,1,very low
2026-07-18T11:00:00Z,2026-07-18T11:30:00Z,3,19,very low
2026-07-18T11:00:00Z,2026-07-18T11:30:00Z,4,10,very low
2026-07-18T11:00:00Z,2026-07-18T11:30:00Z,5,28,low
2026-07-18T11:00:00Z,2026-07-18T11:30:00Z,6,19,very low
2026-07-18T11:00:00Z,2026-07-18T11:30:00Z,7,17,very low
2026-07-18T11:00:00Z,2026-07-18T11:30:00Z,8,21,very low
2026-07-18T11:00:00Z,2026-07-18T11:30:00Z,9,65,low
2026-07-18T11:00:00Z,2026-07-18T11:30:00Z,10,133,moderate
2026-07-18T11:00:00Z,2026-07-18T11:30:00Z,11,50,low
2026-07-18T11:00:00Z,2026-07-18T11:30:00Z,12,41,low
2026-07-18T11:00:00Z,2026-07-18T11:30:00Z,13,83,low
2026-07-18T11:00:00Z,2026-07-18T11:30:00Z,14,72,low
2026-07-18T11:00:00Z,2026-07-18T11:30:00Z,15,54,low
2026-07-18T11:00:00Z,2026-07-18T11:30:00Z,16,1,very low
2026-07-18T11:00:00Z,2026-07-18T11:30:00Z,17,62,low
2026-07-18T11:00:00Z,2026-07-18T11:30:00Z,18,52,low
2026-07-18T11:30:00Z,2026-07-18T12:00:00Z,1,0,very low
2026-07-18T11:30:00Z,2026-07-18T12:00:00Z,2,0,very low
2026-07-18T11:30:00Z,2026-07-18T12:00:00Z,3,16,very low
2026-07-18T11:30:00Z,2026-07-18T12:00:00Z,4,10,very low
2026-07-18T11:30:00Z,2026-07-18T12:00:00Z,5,27,low
2026-07-18T11:30:00Z,2026-07-18T12:00:00Z,6,16,very low
2026-07-18T11:30:00Z,2026-07-18T12:00:00Z,7,31,low
2026-07-18T11:30:00Z,2026-07-18T12:00:00Z,8,18,very low
2026-07-18T11:30:00Z,2026-07-18T12:00:00Z,9,64,low
2026-07-18T11:30:00Z,2026-07-18T12:00:00Z,10,138,moderate
2026-07-18T11:30:00Z,2026-07-18T12:00:00Z,11,48,low
2026-07-18T11:30:00Z,2026-07-18T12:00:00Z,12,41,low
2026-07-18T11:30:00Z,2026-07-18T12:00:00Z,13,83,low
2026-07-18T11:30:00Z,2026-07-18T12:00:00Z,14,74,low
2026-07-18T11:30:00Z,2026-07-18T12:00:00Z,15,55,low
2026-07-18T11:30:00Z,2026-07-18T12:00:00Z,16,1,very low
2026-07-18T11:30:00Z,2026-07-18T12:00:00Z,17,59,low
2026-07-18T11:30:00Z,2026-07-18T12:00:00Z,18,53,low
2026-07-18T12:00:00Z,2026-07-18T12:30:00Z,1,0,very low
2026-07-18T12:00:00Z,2026-07-18T12:30:00Z,2,0,very low
2026-07-18T12:00:00Z,2026-07-18T12:30:00Z,3,19,very low
2026-07-18T12:00:00Z,2026-07-18T12:30:00Z,4,10,very low
2026-07-18T12:00:00Z,2026-07-18T12:30:00Z,5,30,low
2026-07-18T12:00:00Z,2026-07-18T12:30:00Z,6,15,very low
2026-07-18T12:00:00Z,2026-07-18T12:30:00Z,7,9,very low
2026-07-18T12:00:00Z,2026-07-18T12:30:00Z,8,20,very low
2026-07-18T12:00:00Z,2026-07-18T12:30:00Z,9,72,low
2026-07-18T12:00:00Z,2026-07-18T12:30:00Z,10,141,moderate
2026-07-18T12:00:00Z,2026-07-18T12:30:00Z,11,50,low
2026-07-18T12:00:00Z,2026-07-18T12:30:00Z,12,42,low
2026-07-18T12:00:00Z,2026-07-18T12:30:00Z,13,81,low
2026-07-18T12:00:00Z,2026-07-18T12:30:00Z,14,71,low
2026-07-18T12:00:00Z,2026-07-18T12:30:00Z,15,56,low
2026-07-18T12:00:00Z,2026-07-18T12:30:00Z,16,1,very low
2026-07-18T12:00:00Z,2026-07-18T12:30:00Z,17,57,low
2026-07-18T12:00:00Z,2026-07-18T12:30:00Z,18,53,low
2026-07-18T12:30:00Z,2026-07-18T13:00:00Z,1,0,very low
2026-07-18T12:30:00Z,2026-07-18T13:00:00Z,2,0,very low
2026-07-18T12:30:00Z,2026-07-18T13:00:00Z,3,19,very low
2026-07-18T12:30:00Z,2026-07-18T13:00:00Z,4,10,very low
2026-07-18T12:30:00Z,2026-07-18T13:00:00Z,5,30,low
2026-07-18T12:30:00Z,2026-07-18T13:00:00Z,6,16,very low
2026-07-18T12:30:00Z,2026-07-18T13:00:00Z,7,30,low
2026-07-18T12:30:00Z,2026-07-18T13:00:00Z,8,20,very low
2026-07-18T12:30:00Z,2026-07-18T13:00:00Z,9,70,low
2026-07-18T12:30:00Z,2026-07-18T13:00:00Z,10,134,moderate
2026-07-18T12:30:00Z,2026-07-18T13:00:00Z,11,47,low
2026-07-18T12:30:00Z,2026-07-18T13:00:00Z,12,42,low
2026-07-18T12:30:00Z,2026-07-18T13:00:00Z,13,86,low
2026-07-18T12:30:00Z,2026-07-18T13:00:00Z,14,75,low
2026-07-18T12:30:00Z,2026-07-18T13:00:00Z,15,55,low
2026-07-18T12:30:00Z,2026-07-18T13:00:00Z,16,1,very low
2026-07-18T12:30:00Z,2026-07-18T13:00:00Z,17,68,low
2026-07-18T12:30:00Z,2026-07-18T13:00:00Z,18,53,low
2026-07-18T13:00:00Z,2026-07-18T13:30:00Z,1,0,very low
2026-07-18T13:00:00Z,2026-07-18T13:30:00Z,2,1,very low
2026-07-18T13:00:00Z,2026-07-18T13:30:00Z,3,18,very low
2026-07-18T13:00:00Z,2026-07-18T13:30:00Z,4,10,very low
2026-07-18T13:00:00Z,2026-07-18T13:30:00Z,5,31,low
2026-07-18T13:00:00Z,2026-07-18T13:30:00Z,6,20,very low
2026-07-18T13:00:00Z,2026-07-18T13:30:00Z,7,30,low
2026-07-18T13:00:00Z,2026-07-18T13:30:00Z,8,21,very low
2026-07-18T13:00:00Z,2026-07-18T13:30:00Z,9,71,low
2026-07-18T13:00:00Z,2026-07-18T13:30:00Z,10,129,moderate
2026-07-18T13:00:00Z,2026-07-18T13:30:00Z,11,50,low
2026-07-18T13:00:00Z,2026-07-18T13:30:00Z,12,44,low
2026-07-18T13:00:00Z,2026-07-18T13:30:00Z,13,88,low
2026-07-18T13:00:00Z,2026-07-18T13:30:00Z,14,77,low
2026-07-18T13:00:00Z,2026-07-18T13:30:00Z,15,55,low
2026-07-18T13:00:00Z,2026-07-18T13:30:00Z,16,1,very low
2026-07-18T13:00:00Z,2026-07-18T13:30:00Z,17,59,low
2026-07-18T13:00:00Z,2026-07-18T13:30:00Z,18,53,low
2026-07-18T13:30:00Z,2026-07-18T14:00:00Z,1,0,very low
2026-07-18T13:30:00Z,2026-07-18T14:00:00Z,2,1,very low
2026-07-18T13:30:00Z,2026-07-18T14:00:00Z,3,19,very low
2026-07-18T13:30:00Z,2026-07-18T14:00:00Z,4,10,very low
2026-07-18T13:30:00Z,2026-07-18T14:00:00Z,5,29,low
2026-07-18T13:30:00Z,2026-07-18T14:00:00Z,6,18,very low
2026-07-18T13:30:00Z,2026-07-18T14:00:00Z,7,34,low
2026-07-18T13:30:00Z,2026-07-18T14:00:00Z,8,21,very low
2026-07-18T13:30:00Z,2026-07-18T14:00:00Z,9,67,low
2026-07-18T13:30:00Z,2026-07-18T14:00:00Z,10,133,moderate
2026-07-18T13:30:00Z,2026-07-18T14:00:00Z,11,53,low
2026-07-18T13:30:00Z,2026-07-18T14:00:00Z,12,48,low
2026-07-18T13:30:00Z,2026-07-18T14:00:00Z,13,87,low
2026-07-18T13:30:00Z,2026-07-18T14:00:00Z,14,73,low
2026-07-18T13:30:00Z,2026-07-18T14:00:00Z,15,55,low
2026-07-18T13:30:00Z,2026-07-18T14:00:00Z,16,1,very low
2026-07-18T13:30:00Z,2026-07-18T14:00:00Z,17,66,low
2026-07-18T13:30:00Z,2026-07-18T14:00:00Z,18,53,low
2026-07-18T14:00:00Z,2026-07-18T14:30:00Z,1,0,very low
2026-07-18T14:00:00Z,2026-07-18T14:30:00Z,2,1,very low
2026-07-18T14:00:00Z,2026-07-18T14:30:00Z,3,20,very low
2026-07-18T14:00:00Z,2026-07-18T14:30:00Z,4,10,very low
2026-07-18T14:00:00Z,2026-07-18T14:30:00Z,5,29,low
2026-07-18T14:00:00Z,2026-07-18T14:30:00Z,6,21,very low
2026-07-18T14:00:00Z,2026-07-18T14:30:00Z,7,37,low
2026-07-18T14:00:00Z,2026-07-18T14:30:00Z,8,22,very low
2026-07-18T14:00:00Z,2026-07-18T14:30:00Z,9,64,low
2026-07-18T14:00:00Z,2026-07-18T14:30:00Z,10,138,moderate
2026-07-18T14:00:00Z,2026-07-18T14:30:00Z,11,56,low
2026-07-18T14:00:00Z,2026-07-18T14:30:00Z,12,49,low
2026-07-18T14:00:00Z,2026-07-18T14:30:00Z,13,89,low
2026-07-18T14:00:00Z,2026-07-18T14:30:00Z,14,73,low
2026-07-18T14:00:00Z,2026-07-18T14:30:00Z,15,56,low
2026-07-18T14:00:00Z,2026-07-18T14:30:00Z,16,1,very low
2026-07-18T14:00:00Z,2026-07-18T14:30:00Z,17,68,low
2026-07-18T14:00:00Z,2026-07-18T14:30:00Z,18,54,low
2026-07-18T14:30:00Z,2026-07-18T15:00:00Z,1,0,very low
2026-07-18T14:30:00Z,2026-07-18T15:00:00Z,2,1,very low
2026-07-18T14:30:00Z,2026-07-18T15:00:00Z,3,18,very low
2026-07-18T14:30:00Z,2026-07-18T15:00:00Z,4,10,very low
2026-07-18T14:30:00Z,2026-07-18T15:00:00Z,5,27,low
2026-07-18T14:30:00Z,2026-07-18T15:00:00Z,6,24,very low
2026-07-18T14:30:00Z,2026-07-18T15:00:00Z,7,13,very low
2026-07-18T14:30:00Z,2026-07-18T15:00:00Z,8,25,low
2026-07-18T14:30:00Z,2026-07-18T15:00:00Z,9,71,low
2026-07-18T14:30:00Z,2026-07-18T15:00:00Z,10,151,moderate
2026-07-18T14:30:00Z,2026-07-18T15:00:00Z,11,63,low
2026-07-18T14:30:00Z,2026-07-18T15:00:00Z,12,54,low
2026-07-18T14:30:00Z,2026-07-18T15:00:00Z,13,83,low
2026-07-18T14:30:00Z,2026-07-18T15:00:00Z,14,76,low
2026-07-18T14:30:00Z,2026-07-18T15:00:00Z,15,59,low
2026-07-18T14:30:00Z,2026-07-18T15:00:00Z,16,1,very low
2026-07-18T14:30:00Z,2026-07-18T15:00:00Z,17,60,low
2026-07-18T14:30:00Z,2026-07-18T15:00:00Z,18,56,low
2026-07-18T15:00:00Z,2026-07-18T15:30:00Z,1,0,very low
2026-07-18T15:00:00Z,2026-07-18T15:30:00Z,2,1,very low
2026-07-18T15:00:00Z,2026-07-18T15:30:00Z,3,16,very low
2026-07-18T15:00:00Z,2026-07-18T15:30:00Z,4,10,very low
2026-07-18T15:00:00Z,2026-07-18T15:30:00Z,5,25,low
2026-07-18T15:00:00Z,2026-07-18T15:30:00Z,6,17,very low
2026-07-18T15:00:00Z,2026-07-18T15:30:00Z,7,12,very low
2026-07-18T15:00:00Z,2026-07-18T15:30:00Z,8,21,very low
2026-07-18T15:00:00Z,2026-07-18T15:30:00Z,9,68,low
2026-07-18T15:00:00Z,2026-07-18T15:30:00Z,10,156,moderate
2026-07-18T15:00:00Z,2026-07-18T15:30:00Z,11,61,low
2026-07-18T15:00:00Z,2026-07-18T15:30:00Z,12,58,low
2026-07-18T15:00:00Z,2026-07-18T15:30:00Z,13,85,low
2026-07-18T15:00:00Z,2026-07-18T15:30:00Z,14,78,low
2026-07-18T15:00:00Z,2026-07-18T15:30:00Z,15,60,low
2026-07-18T15:00:00Z,2026-07-18T15:30:00Z,16,1,very low
2026-07-18T15:00:00Z,2026-07-18T15:30:00Z,17,43,low
2026-07-18T15:00:00Z,2026-07-18T15:30:00Z,18,56,low
2026-07-18T15:30:00Z,2026-07-18T16:00:00Z,1,0,very low
2026-07-18T15:30:00Z,2026-07-18T16:00:00Z,2,1,very low
2026-07-18T15:30:00Z,2026-07-18T16:00:00Z,3,16,very low
2026-07-18T15:30:00Z,2026-07-18T16:00:00Z,4,9,very low
2026-07-18T15:30:00Z,2026-07-18T16:00:00Z,5,25,low
2026-07-18T15:30:00Z,2026-07-18T16:00:00Z,6,24,very low
2026-07-18T15:30:00Z,2026-07-18T16:00:00Z,7,12,very low
2026-07-18T15:30:00Z,2026-07-18T16:00:00Z,8,20,very low
2026-07-18T15:30:00Z,2026-07-18T16:00:00Z,9,62,low
2026-07-18T15:30:00Z,2026-07-18T16:00:00Z,10,153,moderate
2026-07-18T15:30:00Z,2026-07-18T16:00:00Z,11,71,low
2026-07-18T15:30:00Z,2026-07-18T16:00:00Z,12,58,low
2026-07-18T15:30:00Z,2026-07-18T16:00:00Z,13,87,low
2026-07-18T15:30:00Z,2026-07-18T16:00:00Z,14,81,low
2026-07-18T15:30:00Z,2026-07-18T16:00:00Z,15,60,low
2026-07-18T15:30:00Z,2026-07-18T16:00:00Z,16,1,very low
2026-07-18T15:30:00Z,2026-07-18T16:00:00Z,17,46,low
2026-07-18T15:30:00Z,2026-07-18T16:00:00Z,18,56,low
2026-07-18T16:00:00Z,2026-07-18T16:30:00Z,1,0,very low
2026-07-18T16:00:00Z,2026-07-18T16:30:00Z,2,1,very low
2026-07-18T16:00:00Z,2026-07-18T16:30:00Z,3,18,very low
2026-07-18T16:00:00Z,2026-07-18T16:30:00Z,4,10,very low
2026-07-18T16:00:00Z,2026-07-18T16:30:00Z,5,29,low
2026-07-18T16:00:00Z,2026-07-18T16:30:00Z,6,27,low
2026-07-18T16:00:00Z,2026-07-18T16:30:00Z,7,23,very low
2026-07-18T16:00:00Z,2026-07-18T16:30:00Z,8,22,very low
2026-07-18T16:00:00Z,2026-07-18T16:30:00Z,9,56,low
2026-07-18T16:00:00Z,2026-07-18T16:30:00Z,10,155,moderate
2026-07-18T16:00:00Z,2026-07-18T16:30:00Z,11,89,low
2026-07-18T16:00:00Z,2026-07-18T16:30:00Z,12,61,low
2026-07-18T16:00:00Z,2026-07-18T16:30:00Z,13,91,moderate
2026-07-18T16:00:00Z,2026-07-18T16:30:00Z,14,88,low
2026-07-18T16:00:00Z,2026-07-18T16:30:00Z,15,62,low
2026-07-18T16:00:00Z,2026-07-18T16:30:00Z,16,1,very low
2026-07-18T16:00:00Z,2026-07-18T16:30:00Z,17,53,low
2026-07-18T16:00:00Z,2026-07-18T16:30:00Z,18,59,low
2026-07-18T16:30:00Z,2026-07-18T17:00:00Z,1,0,very low
2026-07-18T16:30:00Z,2026-07-18T17:00:00Z,2,1,very low
2026-07-18T16:30:00Z,2026-07-18T17:00:00Z,3,21,very low
2026-07-18T16:30:00Z,2026-07-18T17:00:00Z,4,12,very low
2026-07-18T16:30:00Z,2026-07-18T17:00:00Z,5,36,low
2026-07-18T16:30:00Z,2026-07-18T17:00:00Z,6,28,low
2026-07-18T16:30:00Z,2026-07-18T17:00:00Z,7,23,very low
2026-07-18T16:30:00Z,2026-07-18T17:00:00Z,8,24,very low
2026-07-18T16:30:00Z,2026-07-18T17:00:00Z,9,50,low
2026-07-18T16:30:00Z,2026-07-18T17:00:00Z,10,163,moderate
2026-07-18T16:30:00Z,2026-07-18T17:00:00Z,11,105,moderate
2026-07-18T16:30:00Z,2026-07-18T17:00:00Z,12,60,low
2026-07-18T16:30:00Z,2026-07-18T17:00:00Z,13,107,moderate
2026-07-18T16:30:00Z,2026-07-18T17:00:00Z,14,99,moderate
2026-07-18T16:30:00Z,2026-07-18T17:00:00Z,15,68,low
2026-07-18T16:30:00Z,2026-07-18T17:00:00Z,16,1,very low
2026-07-18T16:30:00Z,2026-07-18T17:00:00Z,17,30,low
2026-07-18T16:30:00Z,2026-07-18T17:00:00Z,18,62,low
2026-07-18T17:00:00Z,2026-07-18T17:30:00Z,1,0,very low
2026-07-18T17:00:00Z,2026-07-18T17:30:00Z,2,2,very low
2026-07-18T17:00:00Z,2026-07-18T17:30:00Z,3,25,low
2026-07-18T17:00:00Z,2026-07-18T17:30:00Z,4,16,very low
2026-07-18T17:00:00Z,2026-07-18T17:30:00Z,5,47,low
2026-07-18T17:00:00Z,2026-07-18T17:30:00Z,6,39,low
2026-07-18T17:00:00Z,2026-07-18T17:30:00Z,7,42,low
2026-07-18T17:00:00Z,2026-07-18T17:30:00Z,8,31,low
2026-07-18T17:00:00Z,2026-07-18T17:30:00Z,9,56,low
2026-07-18T17:00:00Z,2026-07-18T17:30:00Z,10,165,moderate
2026-07-18T17:00:00Z,2026-07-18T17:30:00Z,11,124,moderate
2026-07-18T17:00:00Z,2026-07-18T17:30:00Z,12,64,low
2026-07-18T17:00:00Z,2026-07-18T17:30:00Z,13,109,moderate
2026-07-18T17:00:00Z,2026-07-18T17:30:00Z,14,98,moderate
2026-07-18T17:00:00Z,2026-07-18T17:30:00Z,15,76,low
2026-07-18T17:00:00Z,2026-07-18T17:30:00Z,16,1,very low
2026-07-18T17:00:00Z,2026-07-18T17:30:00Z,17,24,very low
2026-07-18T17:00:00Z,2026-07-18T17:30:00Z,18,69,low
2026-07-18T17:30:00Z,2026-07-18T18:00:00Z,1,0,very low
2026-07-18T17:30:00Z,2026-07-18T18:00:00Z,2,2,very low
2026-07-18T17:30:00Z,2026-07-18T18:00:00Z,3,23,very low
2026-07-18T17:30:00Z,2026-07-18T18:00:00Z,4,17,very low
2026-07-18T17:30:00Z,2026-07-18T18:00:00Z,5,48,low
2026-07-18T17:30:00Z,2026-07-18T18:00:00Z,6,33,low
2026-07-18T17:30:00Z,2026-07-18T18:00:00Z,7,106,moderate
2026-07-18T17:30:00Z,2026-07-18T18:00:00Z,8,28,low
2026-07-18T17:30:00Z,2026-07-18T18:00:00Z,9,62,low
2026-07-18T17:30:00Z,2026-07-18T18:00:00Z,10,152,moderate
2026-07-18T17:30:00Z,2026-07-18T18:00:00Z,11,134,moderate
2026-07-18T17:30:00Z,2026-07-18T18:00:00Z,12,64,low
2026-07-18T17:30:00Z,2026-07-18T18:00:00Z,13,112,moderate
2026-07-18T17:30:00Z,2026-07-18T18:00:00Z,14,101,moderate
2026-07-18T17:30:00Z,2026-07-18T18:00:00Z,15,76,low
2026-07-18T17:30:00Z,2026-07-18T18:00:00Z,16,2,very low
2026-07-18T17:30:00Z,2026-07-18T18:00:00Z,17,43,low
2026-07-18T17:30:00Z,2026-07-18T18:00:00Z,18,70,low
2026-07-18T18:00:00Z,2026-07-18T18:30:00Z,1,0,very low
2026-07-18T18:00:00Z,2026-07-18T18:30:00Z,2,2,very low
2026-07-18T18:00:00Z,2026-07-18T18:30:00Z,3,23,very low
2026-07-18T18:00:00Z,2026-07-18T18:30:00Z,4,19,very low
2026-07-18T18:00:00Z,2026-07-18T18:30:00Z,5,49,low
2026-07-18T18:00:00Z,2026-07-18T18:30:00Z,6,35,low
2026-07-18T18:00:00Z,2026-07-18T18:30:00Z,7,133,moderate
2026-07-18T18:00:00Z,2026-07-18T18:30:00Z,8,29,low
2026-07-18T18:00:00Z,2026-07-18T18:30:00Z,9,62,low
2026-07-18T18:00:00Z,2026-07-18T18:30:00Z,10,149,moderate
2026-07-18T18:00:00Z,2026-07-18T18:30:00Z,11,160,moderate
2026-07-18T18:00:00Z,2026-07-18T18:30:00Z,12,64,low
2026-07-18T18:00:00Z,2026-07-18T18:30:00Z,13,106,moderate
2026-07-18T18:00:00Z,2026-07-18T18:30:00Z,14,94,moderate
2026-07-18T18:00:00Z,2026-07-18T18:30:00Z,15,75,low
2026-07-18T18:00:00Z,2026-07-18T18:30:00Z,16,2,very low
2026-07-18T18:00:00Z,2026-07-18T18:30:00Z,17,49,low
2026-07-18T18:00:00Z,2026-07-18T18:30:00Z,18,70,low
2026-07-18T18:30:00Z,2026-07-18T19:00:00Z,1,0,very low
2026-07-18T18:30:00Z,2026-07-18T19:00:00Z,2,2,very low
2026-07-18T18:30:00Z,2026-07-18T19:00:00Z,3,25,low
2026-07-18T18:30:00Z,2026-07-18T19:00:00Z,4,20,very low
2026-07-18T18:30:00Z,2026-07-18T19:00:00Z,5,54,low
2026-07-18T18:30:00Z,2026-07-18T19:00:00Z,6,50,low
2026-07-18T18:30:00Z,2026-07-18T19:00:00Z,7,219,high
2026-07-18T18:30:00Z,2026-07-18T19:00:00Z,8,37,low
2026-07-18T18:30:00Z,2026-07-18T19:00:00Z,9,68,low
2026-07-18T18:30:00Z,2026-07-18T19:00:00Z,10,141,moderate
2026-07-18T18:30:00Z,2026-07-18T19:00:00Z,11,225,high
2026-07-18T18:30:00Z,2026-07-18T19:00:00Z,12,75,low
2026-07-18T18:30:00Z,2026-07-18T19:00:00Z,13,114,moderate
2026-07-18T18:30:00Z,2026-07-18T19:00:00Z,14,106,moderate
2026-07-18T18:30:00Z,2026-07-18T19:00:00Z,15,84,low
2026-07-18T18:30:00Z,2026-07-18T19:00:00Z,16,2,very low
2026-07-18T18:30:00Z,2026-07-18T19:00:00Z,17,70,low
2026-07-18T18:30:00Z,2026-07-18T19:00:00Z,18,80,low
2026-07-18T19:00:00Z,2026-07-18T19:30:00Z,1,0,very low
2026-07-18T19:00:00Z,2026-07-18T19:30:00Z,2,2,very low
2026-07-18T19:00:00Z,2026-07-18T19:30:00Z,3,26,low
2026-07-18T19:00:00Z,2026-07-18T19:30:00Z,4,20,very low
2026-07-18T19:00:00Z,2026-07-18T19:30:00Z,5,54,low
2026-07-18T19:00:00Z,2026-07-18T19:30:00Z,6,45,low
2026-07-18T19:00:00Z,2026-07-18T19:30:00Z,7,267,very high
2026-07-18T19:00:00Z,2026-07-18T19:30:00Z,8,35,low
2026-07-18T19:00:00Z,2026-07-18T19:30:00Z,9,66,low
2026-07-18T19:00:00Z,2026-07-18T19:30:00Z,10,113,moderate
2026-07-18T19:00:00Z,2026-07-18T19:30:00Z,11,265,very high
2026-07-18T19:00:00Z,2026-07-18T19:30:00Z,12,80,low
2026-07-18T19:00:00Z,2026-07-18T19:30:00Z,13,106,moderate
2026-07-18T19:00:00Z,2026-07-18T19:30:00Z,14,106,moderate
2026-07-18T19:00:00Z,2026-07-18T19:30:00Z,15,72,low
2026-07-18T19:00:00Z,2026-07-18T19:30:00Z,16,2,very low
2026-07-18T19:00:00Z,2026-07-18T19:30:00Z,17,78,low
2026-07-18T19:00:00Z,2026-07-18T19:30:00Z,18,73,low
2026-07-18T19:30:00Z,2026-07-18T20:00:00Z,1,0,very low
2026-07-18T19:30:00Z,2026-07-18T20:00:00Z,2,3,very low
2026-07-18T19:30:00Z,2026-07-18T20:00:00Z,3,25,low
2026-07-18T19:30:00Z,2026-07-18T20:00:00Z,4,21,very low
2026-07-18T19:30:00Z,2026-07-18T20:00:00Z,5,55,low
2026-07-18T19:30:00Z,2026-07-18T20:00:00Z,6,50,low
2026-07-18T19:30:00Z,2026-07-18T20:00:00Z,7,254,very high
2026-07-18T19:30:00Z,2026-07-18T20:00:00Z,8,38,low
2026-07-18T19:30:00Z,2026-07-18T20:00:00Z,9,75,low
2026-07-18T19:30:00Z,2026-07-18T20:00:00Z,10,103,moderate
2026-07-18T19:30:00Z,2026-07-18T20:00:00Z,11,302,very high
2026-07-18T19:30:00Z,2026-07-18T20:00:00Z,12,91,moderate
2026-07-18T19:30:00Z,2026-07-18T20:00:00Z,13,108,moderate
2026-07-18T19:30:00Z,2026-07-18T20:00:00Z,14,116,moderate
2026-07-18T19:30:00Z,2026-07-18T20:00:00Z,15,76,low
2026-07-18T19:30:00Z,2026-07-18T20:00:00Z,16,2,very low
2026-07-18T19:30:00Z,2026-07-18T20:00:00Z,17,88,low
2026-07-18T19:30:00Z,2026-07-18T20:00:00Z,18,76,low
2026-07-18T20:00:00Z,2026-07-18T20:30:00Z,1,0,very low
2026-07-18T20:00:00Z,2026-07-18T20:30:00Z,2,3,very low
2026-07-18T20:00:00Z,2026-07-18T20:30:00Z,3,26,low
2026-07-18T20:00:00Z,2026-07-18T20:30:00Z,4,21,very low
2026-07-18T20:00:00Z,2026-07-18T20:30:00Z,5,55,low
2026-07-18T20:00:00Z,2026-07-18T20:30:00Z,6,49,low
2026-07-18T20:00:00Z,2026-07-18T20:30:00Z,7,278,very high
2026-07-18T20:00:00Z,2026-07-18T20:30:00Z,8,38,low
2026-07-18T20:00:00Z,2026-07-18T20:30:00Z,9,75,low
2026-07-18T20:00:00Z,2026-07-18T20:30:00Z,10,98,moderate
2026-07-18T20:00:00Z,2026-07-18T20:30:00Z,11,338,very high
2026-07-18T20:00:00Z,2026-07-18T20:30:00Z,12,101,moderate
2026-07-18T20:00:00Z,2026-07-18T20:30:00Z,13,116,moderate
2026-07-18T20:00:00Z,2026-07-18T20:30:00Z,14,131,moderate
2026-07-18T20:00:00Z,2026-07-18T20:30:00Z,15,81,low
2026-07-18T20:00:00Z,2026-07-18T20:30:00Z,16,2,very low
2026-07-18T20:00:00Z,2026-07-18T20:30:00Z,17,101,moderate
2026-07-18T20:00:00Z,2026-07-18T20:30:00Z,18,80,low
2026-07-18T20:30:00Z,2026-07-18T21:00:00Z,1,0,very low
2026-07-18T20:30:00Z,2026-07-18T21:00:00Z,2,2,very low
2026-07-18T20:30:00Z,2026-07-18T21:00:00Z,3,25,low
2026-07-18T20:30:00Z,2026-07-18T21:00:00Z,4,21,very low
2026-07-18T20:30:00Z,2026-07-18T21:00:00Z,5,52,low
2026-07-18T20:30:00Z,2026-07-18T21:00:00Z,6,51,low
2026-07-18T20:30:00Z,2026-07-18T21:00:00Z,7,223,high
2026-07-18T20:30:00Z,2026-07-18T21:00:00Z,8,39,low
2026-07-18T20:30:00Z,2026-07-18T21:00:00Z,9,73,low
2026-07-18T20:30:00Z,2026-07-18T21:00:00Z,10,100,moderate
2026-07-18T20:30:00Z,2026-07-18T21:00:00Z,11,347,very high
2026-07-18T20:30:00Z,2026-07-18T21:00:00Z,12,99,moderate
2026-07-18T20:30:00Z,2026-07-18T21:00:00Z,13,115,moderate
2026-07-18T20:30:00Z,2026-07-18T21:00:00Z,14,128,moderate
2026-07-18T20:30:00Z,2026-07-18T21:00:00Z,15,78,low
2026-07-18T20:30:00Z,2026-07-18T21:00:00Z,16,2,very low
2026-07-18T20:30:00Z,2026-07-18T21:00:00Z,17,95,moderate
2026-07-18T20:30:00Z,2026-07-18T21:00:00Z,18,77,low
2026-07-18T21:00:00Z,2026-07-18T21:30:00Z,1,0,very low
2026-07-18T21:00:00Z,2026-07-18T21:30:00Z,2,2,very low
2026-07-18T21:00:00Z,2026-07-18T21:30:00Z,3,24,very low
2026-07-18T21:00:00Z,2026-07-18T21:30:00Z,4,19,very low
2026-07-18T21:00:00Z,2026-07-18T21:30:00Z,5,51,low
2026-07-18T21:00:00Z,2026-07-18T21:30:00Z,6,45,low
2026-07-18T21:00:00Z,2026-07-18T21:30:00Z,7,209,high
2026-07-18T21:00:00Z,2026-07-18T21:30:00Z,8,37,low
2026-07-18T21:00:00Z,2026-07-18T21:30:00Z,9,72,low
2026-07-18T21:00:00Z,2026-07-18T21:30:00Z,10,109,moderate
2026-07-18T21:00:00Z,2026-07-18T21:30:00Z,11,349,very high
2026-07-18T21:00:00Z,2026-07-18T21:30:00Z,12,99,moderate
2026-07-18T21:00:00Z,2026-07-18T21:30:00Z,13,115,moderate
2026-07-18T21:00:00Z,2026-07-18T21:30:00Z,14,121,moderate
2026-07-18T21:00:00Z,2026-07-18T21:30:00Z,15,77,low
2026-07-18T21:00:00Z,2026-07-18T21:30:00Z,16,2,very low
2026-07-18T21:00:00Z,2026-07-18T21:30:00Z,17,97,moderate
2026-07-18T21:00:00Z,2026-07-18T21:30:00Z,18,77,low
2026-07-18T21:30:00Z,2026-07-18T22:00:00Z,1,0,very low
2026-07-18T21:30:00Z,2026-07-18T22:00:00Z,2,1,very low
2026-07-18T21:30:00Z,2026-07-18T22:00:00Z,3,24,very low
2026-07-18T21:30:00Z,2026-07-18T22:00:00Z,4,19,very low
2026-07-18T21:30:00Z,2026-07-18T22:00:00Z,5,50,low
2026-07-18T21:30:00Z,2026-07-18T22:00:00Z,6,40,low
2026-07-18T21:30:00Z,2026-07-18T22:00:00Z,7,199,high
2026-07-18T21:30:00Z,2026-07-18T22:00:00Z,8,36,low
2026-07-18T21:30:00Z,2026-07-18T22:00:00Z,9,72,low
2026-07-18T21:30:00Z,2026-07-18T22:00:00Z,10,112,moderate
2026-07-18T21:30:00Z,2026-07-18T22:00:00Z,11,342,very high
2026-07-18T21:30:00Z,2026-07-18T22:00:00Z,12,93,moderate
2026-07-18T21:30:00Z,2026-07-18T22:00:00Z,13,117,moderate
2026-07-18T21:30:00Z,2026-07-18T22:00:00Z,14,124,moderate
2026-07-18T21:30:00Z,2026-07-18T22:00:00Z,15,77,low
2026-07-18T21:30:00Z,2026-07-18T22:00:00Z,16,2,very low
2026-07-18T21:30:00Z,2026-07-18T22:00:00Z,17,73,low
2026-07-18T21:30:00Z,2026-07-18T22:00:00Z,18,75,low
2026-07-18T22:00:00Z,2026-07-18T22:30:00Z,1,0,very low
2026-07-18T22:00:00Z,2026-07-18T22:30:00Z,2,1,very low
2026-07-18T22:00:00Z,2026-07-18T22:30:00Z,3,24,very low
2026-07-18T22:00:00Z,2026-07-18T22:30:00Z,4,18,very low
2026-07-18T22:00:00Z,2026-07-18T22:30:00Z,5,48,low
2026-07-18T22:00:00Z,2026-07-18T22:30:00Z,6,35,low
2026-07-18T22:00:00Z,2026-07-18T22:30:00Z,7,204,high
2026-07-18T22:00:00Z,2026-07-18T22:30:00Z,8,32,low
2026-07-18T22:00:00Z,2026-07-18T22:30:00Z,9,62,low
2026-07-18T22:00:00Z,2026-07-18T22:30:00Z,10,110,moderate
2026-07-18T22:00:00Z,2026-07-18T22:30:00Z,11,344,very high
2026-07-18T22:00:00Z,2026-07-18T22:30:00Z,12,88,low
2026-07-18T22:00:00Z,2026-07-18T22:30:00Z,13,113,moderate
2026-07-18T22:00:00Z,2026-07-18T22:30:00Z,14,119,moderate
2026-07-18T22:00:00Z,2026-07-18T22:30:00Z,15,72,low
2026-07-18T22:00:00Z,2026-07-18T22:30:00Z,16,1,very low
2026-07-18T22:00:00Z,2026-07-18T22:30:00Z,17,64,low
2026-07-18T22:00:00Z,2026-07-18T22:30:00Z,18,70,low
2026-07-18T22:30:00Z,2026-07-18T23:00:00Z,1,0,very low
2026-07-18T22:30:00Z,2026-07-18T23:00:00Z,2,1,very low
2026-07-18T22:30:00Z,2026-07-18T23:00:00Z,3,23,very low
2026-07-18T22:30:00Z,2026-07-18T23:00:00Z,4,18,very low
2026-07-18T22:30:00Z,2026-07-18T23:00:00Z,5,47,low
2026-07-18T22:30:00Z,2026-07-18T23:00:00Z,6,28,low
2026-07-18T22:30:00Z,2026-07-18T23:00:00Z,7,192,high
2026-07-18T22:30:00Z,2026-07-18T23:00:00Z,8,29,low
2026-07-18T22:30:00Z,2026-07-18T23:00:00Z,9,61,low
2026-07-18T22:30:00Z,2026-07-18T23:00:00Z,10,90,moderate
2026-07-18T22:30:00Z,2026-07-18T23:00:00Z,11,350,very high
2026-07-18T22:30:00Z,2026-07-18T23:00:00Z,12,87,low
2026-07-18T22:30:00Z,2026-07-18T23:00:00Z,13,105,moderate
2026-07-18T22:30:00Z,2026-07-18T23:00:00Z,14,116,moderate
2026-07-18T22:30:00Z,2026-07-18T23:00:00Z,15,70,low
2026-07-18T22:30:00Z,2026-07-18T23:00:00Z,16,1,very low
2026-07-18T22:30:00Z,2026-07-18T23:00:00Z,17,63,low
2026-07-18T22:30:00Z,2026-07-18T23:00:00Z,18,67,low
2026-07-18T23:00:00Z,2026-07-18T23:30:00Z,1,0,very low
2026-07-18T23:00:00Z,2026-07-18T23:30:00Z,2,0,very low
2026-07-18T23:00:00Z,2026-07-18T23:30:00Z,3,22,very low
2026-07-18T23:00:00Z,2026-07-18T23:30:00Z,4,19,very low
2026-07-18T23:00:00Z,2026-07-18T23:30:00Z,5,46,low
2026-07-18T23:00:00Z,2026-07-18T23:30:00Z,6,29,low
2026-07-18T23:00:00Z,2026-07-18T23:30:00Z,7,199,high
2026-07-18T23:00:00Z,2026-07-18T23:30:00Z,8,30,low
2026-07-18T23:00:00Z,2026-07-18T23:30:00Z,9,65,low
2026-07-18T23:00:00Z,2026-07-18T23:30:00Z,10,116,moderate
2026-07-18T23:00:00Z,2026-07-18T23:30:00Z,11,346,very high
2026-07-18T23:00:00Z,2026-07-18T23:30:00Z,12,85,low
2026-07-18T23:00:00Z,2026-07-18T23:30:00Z,13,112,moderate
2026-07-18T23:00:00Z,2026-07-18T23:30:00Z,14,115,moderate
2026-07-18T23:00:00Z,2026-07-18T23:30:00Z,15,70,low
2026-07-18T23:00:00Z,2026-07-18T23:30:00Z,16,1,very low
2026-07-18T23:00:00Z,2026-07-18T23:30:00Z,17,64,low
2026-07-18T23:00:00Z,2026-07-18T23:30:00Z,18,69,low
2026-07-18T23:30:00Z,2026-07-19T00:00:00Z,1,0,very low
2026-07-18T23:30:00Z,2026-07-19T00:00:00Z,2,0,very low
2026-07-18T23:30:00Z,2026-07-19T00:00:00Z,3,13,very low
2026-07-18T23:30:00Z,2026-07-19T00:00:00Z,4,19,very low
2026-07-18T23:30:00Z,2026-07-19T00:00:00Z,5,44,low
2026-07-18T23:30:00Z,2026-07-19T00:00:00Z,6,25,low
2026-07-18T23:30:00Z,2026-07-19T00:00:00Z,7,171,high
2026-07-18T23:30:00Z,2026-07-19T00:00:00Z,8,28,low
2026-07-18T23:30:00Z,2026-07-19T00:00:00Z,9,84,low
2026-07-18T23:30:00Z,2026-07-19T00:00:00Z,10,108,moderate
2026-07-18T23:30:00Z,2026-07-19T00:00:00Z,11,328,very high
2026-07-18T23:30:00Z,2026-07-19T00:00:00Z,12,87,low
2026-07-18T23:30:00Z,2026-07-19T00:00:00Z,13,109,moderate
2026-07-18T23:30:00Z,2026-07-19T00:00:00Z,14,116,moderate
2026-07-18T23:30:00Z,2026-07-19T00:00:00Z,15,71,low
2026-07-18T23:30:00Z,2026-07-19T00:00:00Z,16,1,very low
2026-07-18T23:30:00Z,2026-07-19T00:00:00Z,17,64,low
2026-07-18T23:30:00Z,2026-07-19T00:00:00Z,18,69,low
2026-07-19T00:00:00Z,2026-07-19T00:30:00Z,1,0,very low
2026-07-19T00:00:00Z,2026-07-19T00:30:00Z,2,0,very low
2026-07-19T00:00:00Z,2026-07-19T00:30:00Z,3,18,very low
2026-07-19T00:00:00Z,2026-07-19T00:30:00Z,4,20,very low
2026-07-19T00:00:00Z,2026-07-19T00:30:00Z,5,44,low
2026-07-19T00:00:00Z,2026-07-19T00:30:00Z,6,31,low
2026-07-19T00:00:00Z,2026-07-19T00:30:00Z,7,129,moderate
2026-07-19T00:00:00Z,2026-07-19T00:30:00Z,8,33,low
2026-07-19T00:00:00Z,2026-07-19T00:30:00Z,9,82,low
2026-07-19T00:00:00Z,2026-07-19T00:30:00Z,10,124,moderate
2026-07-19T00:00:00Z,2026-07-19T00:30:00Z,11,337,very high
2026-07-19T00:00:00Z,2026-07-19T00:30:00Z,12,89,low
2026-07-19T00:00:00Z,2026-07-19T00:30:00Z,13,115,moderate
2026-07-19T00:00:00Z,2026-07-19T00:30:00Z,14,113,moderate
2026-07-19T00:00:00Z,2026-07-19T00:30:00Z,15,71,low
2026-07-19T00:00:00Z,2026-07-19T00:30:00Z,16,1,very low
2026-07-19T00:00:00Z,2026-07-19T00:30:00Z,17,71,low
2026-07-19T00:00:00Z,2026-07-19T00:30:00Z,18,70,low
2026-07-19T00:30:00Z,2026-07-19T01:00:00Z,1,0,very low
2026-07-19T00:30:00Z,2026-07-19T01:00:00Z,2,0,very low
2026-07-19T00:30:00Z,2026-07-19T01:00:00Z,3,19,very low
2026-07-19T00:30:00Z,2026-07-19T01:00:00Z,4,18,very low
2026-07-19T00:30:00Z,2026-07-19T01:00:00Z,5,41,low
2026-07-19T00:30:00Z,2026-07-19T01:00:00Z,6,33,low
2026-07-19T00:30:00Z,2026-07-19T01:00:00Z,7,168,moderate
2026-07-19T00:30:00Z,2026-07-19T01:00:00Z,8,35,low
2026-07-19T00:30:00Z,2026-07-19T01:00:00Z,9,80,low
2026-07-19T00:30:00Z,2026-07-19T01:00:00Z,10,110,moderate
2026-07-19T00:30:00Z,2026-07-19T01:00:00Z,11,338,very high
2026-07-19T00:30:00Z,2026-07-19T01:00:00Z,12,90,moderate
2026-07-19T00:30:00Z,2026-07-19T01:00:00Z,13,103,moderate
2026-07-19T00:30:00Z,2026-07-19T01:00:00Z,14,100,moderate
2026-07-19T00:30:00Z,2026-07-19T01:00:00Z,15,73,low
2026-07-19T00:30:00Z,2026-07-19T01:00:00Z,16,0,very low
2026-07-19T00:30:00Z,2026-07-19T01:00:00Z,17,37,low
2026-07-19T00:30:00Z,2026-07-19T01:00:00Z,18,69,low
2026-07-19T01:00:00Z,2026-07-19T01:30:00Z,1,0,very low
2026-07-19T01:00:00Z,2026-07-19T01:30:00Z,2,0,very low
2026-07-19T01:00:00Z,2026-07-19T01:30:00Z,3,21,very low
2026-07-19T01:00:00Z,2026-07-19T01:30:00Z,4,15,very low
2026-07-19T01:00:00Z,2026-07-19T01:30:00Z,5,34,low
2026-07-19T01:00:00Z,2026-07-19T01:30:00Z,6,37,low
2026-07-19T01:00:00Z,2026-07-19T01:30:00Z,7,166,moderate
2026-07-19T01:00:00Z,2026-07-19T01:30:00Z,8,37,low
2026-07-19T01:00:00Z,2026-07-19T01:30:00Z,9,79,low
2026-07-19T01:00:00Z,2026-07-19T01:30:00Z,10,81,low
2026-07-19T01:00:00Z,2026-07-19T01:30:00Z,11,342,very high
2026-07-19T01:00:00Z,2026-07-19T01:30:00Z,12,92,moderate
2026-07-19T01:00:00Z,2026-07-19T01:30:00Z,13,92,moderate
2026-07-19T01:00:00Z,2026-07-19T01:30:00Z,14,101,moderate
2026-07-19T01:00:00Z,2026-07-19T01:30:00Z,15,76,low
2026-07-19T01:00:00Z,2026-07-19T01:30:00Z,16,1,very low
2026-07-19T01:00:00Z,2026-07-19T01:30:00Z,17,88,low
2026-07-19T01:00:00Z,2026-07-19T01:30:00Z,18,69,low
2026-07-19T01:30:00Z,2026-07-19T02:00:00Z,1,0,very low
2026-07-19T01:30:00Z,2026-07-19T02:00:00Z,2,0,very low
2026-07-19T01:30:00Z,2026-07-19T02:00:00Z,3,18,very low
2026-07-19T01:30:00Z,2026-07-19T02:00:00Z,4,12,very low
2026-07-19T01:30:00Z,2026-07-19T02:00:00Z,5,27,low
2026-07-19T01:30:00Z,2026-07-19T02:00:00Z,6,33,low
2026-07-19T01:30:00Z,2026-07-19T02:00:00Z,7,167,moderate
2026-07-19T01:30:00Z,2026-07-19T02:00:00Z,8,34,low
2026-07-19T01:30:00Z,2026-07-19T02:00:00Z,9,76,low
2026-07-19T01:30:00Z,2026-07-19T02:00:00Z,10,105,moderate
2026-07-19T01:30:00Z,2026-07-19T02:00:00Z,11,358,very high
2026-07-19T01:30:00Z,2026-07-19T02:00:00Z,12,92,moderate
2026-07-19T01:30:00Z,2026-07-19T02:00:00Z,13,102,moderate
2026-07-19T01:30:00Z,2026-07-19T02:00:00Z,14,101,moderate
2026-07-19T01:30:00Z,2026-07-19T02:00:00Z,15,73,low
2026-07-19T01:30:00Z,2026-07-19T02:00:00Z,16,0,very low
2026-07-19T01:30:00Z,2026-07-19T02:00:00Z,17,41,low
2026-07-19T01:30:00Z,2026-07-19T02:00:00Z,18,68,low
2026-07-19T02:00:00Z,2026-07-19T02:30:00Z,1,0,very low
2026-07-19T02:00:00Z,2026-07-19T02:30:00Z,2,0,very low
2026-07-19T02:00:00Z,2026-07-19T02:30:00Z,3,18,very low
2026-07-19T02:00:00Z,2026-07-19T02:30:00Z,4,12,very low
2026-07-19T02:00:00Z,2026-07-19T02:30:00Z,5,27,low
2026-07-19T02:00:00Z,2026-07-19T02:30:00Z,6,37,low
2026-07-19T02:00:00Z,2026-07-19T02:30:00Z,7,170,high
2026-07-19T02:00:00Z,2026-07-19T02:30:00Z,8,35,low
2026-07-19T02:00:00Z,2026-07-19T02:30:00Z,9,74,low
2026-07-19T02:00:00Z,2026-07-19T02:30:00Z,10,98,moderate
2026-07-19T02:00:00Z,2026-07-19T02:30:00Z,11,354,very high
2026-07-19T02:00:00Z,2026-07-19T02:30:00Z,12,89,low
2026-07-19T02:00:00Z,2026-07-19T02:30:00Z,13,98,moderate
2026-07-19T02:00:00Z,2026-07-19T02:30:00Z,14,99,moderate
2026-07-19T02:00:00Z,2026-07-19T02:30:00Z,15,69,low
2026-07-19T02:00:00Z,2026-07-19T02:30:00Z,16,0,very low
2026-07-19T02:00:00Z,2026-07-19T02:30:00Z,17,84,low
2026-07-19T02:00:00Z,2026-07-19T02:30:00Z,18,67,low
2026-07-19T02:30:00Z,2026-07-19T03:00:00Z,1,0,very low
2026-07-19T02:30:00Z,2026-07-19T03:00:00Z,2,0,very low
2026-07-19T02:30:00Z,2026-07-19T03:00:00Z,3,19,very low
2026-07-19T02:30:00Z,2026-07-19T03:00:00Z,4,12,very low
2026-07-19T02:30:00Z,2026-07-19T03:00:00Z,5,29,low
2026-07-19T02:30:00Z,2026-07-19T03:00:00Z,6,36,low
2026-07-19T02:30:00Z,2026-07-19T03:00:00Z,7,184,high
2026-07-19T02:30:00Z,2026-07-19T03:00:00Z,8,38,low
2026-07-19T02:30:00Z,2026-07-19T03:00:00Z,9,84,low
2026-07-19T02:30:00Z,2026-07-19T03:00:00Z,10,93,moderate
2026-07-19T02:30:00Z,2026-07-19T03:00:00Z,11,368,very high
2026-07-19T02:30:00Z,2026-07-19T03:00:00Z,12,98,moderate
2026-07-19T02:30:00Z,2026-07-19T03:00:00Z,13,95,moderate
2026-07-19T02:30:00Z,2026-07-19T03:00:00Z,14,97,moderate
2026-07-19T02:30:00Z,2026-07-19T03:00:00Z,15,73,low
2026-07-19T02:30:00Z,2026-07-19T03:00:00Z,16,0,very low
2026-07-19T02:30:00Z,2026-07-19T03:00:00Z,17,45,low
2026-07-19T02:30:00Z,2026-07-19T03:00:00Z,18,68,low
2026-07-19T03:00:00Z,2026-07-19T03:30:00Z,1,0,very low
2026-07-19T03:00:00Z,2026-07-19T03:30:00Z,2,0,very low
2026-07-19T03:00:00Z,2026-07-19T03:30:00Z,3,19,very low
2026-07-19T03:00:00Z,2026-07-19T03:30:00Z,4,13,very low
2026-07-19T03:00:00Z,2026-07-19T03:30:00Z,5,27,low
2026-07-19T03:00:00Z,2026-07-19T03:30:00Z,6,35,low
2026-07-19T03:00:00Z,2026-07-19T03:30:00Z,7,157,moderate
2026-07-19T03:00:00Z,2026-07-19T03:30:00Z,8,37,low
2026-07-19T03:00:00Z,2026-07-19T03:30:00Z,9,83,low
2026-07-19T03:00:00Z,2026-07-19T03:30:00Z,10,91,moderate
2026-07-19T03:00:00Z,2026-07-19T03:30:00Z,11,368,very high
2026-07-19T03:00:00Z,2026-07-19T03:30:00Z,12,104,moderate
2026-07-19T03:00:00Z,2026-07-19T03:30:00Z,13,95,moderate
2026-07-19T03:00:00Z,2026-07-19T03:30:00Z,14,96,moderate
2026-07-19T03:00:00Z,2026-07-19T03:30:00Z,15,71,low
2026-07-19T03:00:00Z,2026-07-19T03:30:00Z,16,1,very low
2026-07-19T03:00:00Z,2026-07-19T03:30:00Z,17,87,low
2026-07-19T03:00:00Z,2026-07-19T03:30:00Z,18,68,low
2026-07-19T03:30:00Z,2026-07-19T04:00:00Z,1,0,very low
2026-07-19T03:30:00Z,2026-07-19T04:00:00Z,2,0,very low
2026-07-19T03:30:00Z,2026-07-19T04:00:00Z,3,19,very low
2026-07-19T03:30:00Z,2026-07-19T04:00:00Z,4,13,very low
2026-07-19T03:30:00Z,2026-07-19T04:00:00Z,5,29,low
2026-07-19T03:30:00Z,2026-07-19T04:00:00Z,6,33,low
2026-07-19T03:30:00Z,2026-07-19T04:00:00Z,7,161,moderate
2026-07-19T03:30:00Z,2026-07-19T04:00:00Z,8,38,low
2026-07-19T03:30:00Z,2026-07-19T04:00:00Z,9,89,low
2026-07-19T03:30:00Z,2026-07-19T04:00:00Z,10,92,moderate
2026-07-19T03:30:00Z,2026-07-19T04:00:00Z,11,365,very high
2026-07-19T03:30:00Z,2026-07-19T04:00:00Z,12,109,moderate
2026-07-19T03:30:00Z,2026-07-19T04:00:00Z,13,97,moderate
2026-07-19T03:30:00Z,2026-07-19T04:00:00Z,14,99,moderate
2026-07-19T03:30:00Z,2026-07-19T04:00:00Z,15,75,low
2026-07-19T03:30:00Z,2026-07-19T04:00:00Z,16,0,very low
2026-07-19T03:30:00Z,2026-07-19T04:00:00Z,17,53,low
2026-07-19T03:30:00Z,2026-07-19T04:00:00Z,18,70,low
2026-07-19T04:00:00Z,2026-07-19T04:30:00Z,1,0,very low
2026-07-19T04:00:00Z,2026-07-19T04:30:00Z,2,0,very low
2026-07-19T04:00:00Z,2026-07-19T04:30:00Z,3,21,very low
2026-07-19T04:00:00Z,2026-07-19T04:30:00Z,4,13,very low
2026-07-19T04:00:00Z,2026-07-19T04:30:00Z,5,29,low
2026-07-19T04:00:00Z,2026-07-19T04:30:00Z,6,39,low
2026-07-19T04:00:00Z,2026-07-19T04:30:00Z,7,140,moderate
2026-07-19T04:00:00Z,2026-07-19T04:30:00Z,8,41,low
2026-07-19T04:00:00Z,2026-07-19T04:30:00Z,9,91,moderate
2026-07-19T04:00:00Z,2026-07-19T04:30:00Z,10,99,moderate
2026-07-19T04:00:00Z,2026-07-19T04:30:00Z,11,354,very high
2026-07-19T04:00:00Z,2026-07-19T04:30:00Z,12,110,moderate
2026-07-19T04:00:00Z,2026-07-19T04:30:00Z,13,98,moderate
2026-07-19T04:00:00Z,2026-07-19T04:30:00Z,14,95,moderate
2026-07-19T04:00:00Z,2026-07-19T04:30:00Z,15,75,low
2026-07-19T04:00:00Z,2026-07-19T04:30:00Z,16,1,very low
2026-07-19T04:00:00Z,2026-07-19T04:30:00Z,17,73,low
2026-07-19T04:00:00Z,2026-07-19T04:30:00Z,18,71,low
2026-07-19T04:30:00Z,2026-07-19T05:00:00Z,1,0,very low
2026-07-19T04:30:00Z,2026-07-19T05:00:00Z,2,0,very low
2026-07-19T04:30:00Z,2026-07-19T05:00:00Z,3,22,very low
2026-07-19T04:30:00Z,2026-07-19T05:00:00Z,4,14,very low
2026-07-19T04:30:00Z,2026-07-19T05:00:00Z,5,29,low
2026-07-19T04:30:00Z,2026-07-19T05:00:00Z,6,37,low
2026-07-19T04:30:00Z,2026-07-19T05:00:00Z,7,99,moderate
2026-07-19T04:30:00Z,2026-07-19T05:00:00Z,8,46,low
2026-07-19T04:30:00Z,2026-07-19T05:00:00Z,9,98,moderate
2026-07-19T04:30:00Z,2026-07-19T05:00:00Z,10,151,moderate
2026-07-19T04:30:00Z,2026-07-19T05:00:00Z,11,346,very high
2026-07-19T04:30:00Z,2026-07-19T05:00:00Z,12,120,moderate
2026-07-19T04:30:00Z,2026-07-19T05:00:00Z,13,121,moderate
2026-07-19T04:30:00Z,2026-07-19T05:00:00Z,14,103,moderate
2026-07-19T04:30:00Z,2026-07-19T05:00:00Z,15,88,low
2026-07-19T04:30:00Z,2026-07-19T05:00:00Z,16,0,very low
2026-07-19T04:30:00Z,2026-07-19T05:00:00Z,17,35,low
2026-07-19T04:30:00Z,2026-07-19T05:00:00Z,18,81,low
2026-07-19T05:00:00Z,2026-07-19T05:30:00Z,1,0,very low
2026-07-19T05:00:00Z,2026-07-19T05:30:00Z,2,0,very low
2026-07-19T05:00:00Z,2026-07-19T05:30:00Z,3,23,very low
2026-07-19T05:00:00Z,2026-07-19T05:30:00Z,4,14,very low
2026-07-19T05:00:00Z,2026-07-19T05:30:00Z,5,29,low
2026-07-19T05:00:00Z,2026-07-19T05:30:00Z,6,39,low
2026-07-19T05:00:00Z,2026-07-19T05:30:00Z,7,135,moderate
2026-07-19T05:00:00Z,2026-07-19T05:30:00Z,8,44,low
2026-07-19T05:00:00Z,2026-07-19T05:30:00Z,9,92,moderate
2026-07-19T05:00:00Z,2026-07-19T05:30:00Z,10,143,moderate
2026-07-19T05:00:00Z,2026-07-19T05:30:00Z,11,320,very high
2026-07-19T05:00:00Z,2026-07-19T05:30:00Z,12,110,moderate
2026-07-19T05:00:00Z,2026-07-19T05:30:00Z,13,115,moderate
2026-07-19T05:00:00Z,2026-07-19T05:30:00Z,14,97,moderate
2026-07-19T05:00:00Z,2026-07-19T05:30:00Z,15,84,low
2026-07-19T05:00:00Z,2026-07-19T05:30:00Z,16,1,very low
2026-07-19T05:00:00Z,2026-07-19T05:30:00Z,17,73,low
2026-07-19T05:00:00Z,2026-07-19T05:30:00Z,18,79,low
2026-07-19T05:30:00Z,2026-07-19T06:00:00Z,1,0,very low
2026-07-19T05:30:00Z,2026-07-19T06:00:00Z,2,0,very low
2026-07-19T05:30:00Z,2026-07-19T06:00:00Z,3,22,very low
2026-07-19T05:30:00Z,2026-07-19T06:00:00Z,4,14,very low
2026-07-19T05:30:00Z,2026-07-19T06:00:00Z,5,31,low
2026-07-19T05:30:00Z,2026-07-19T06:00:00Z,6,40,low
2026-07-19T05:30:00Z,2026-07-19T06:00:00Z,7,130,moderate
2026-07-19T05:30:00Z,2026-07-19T06:00:00Z,8,44,low
2026-07-19T05:30:00Z,2026-07-19T06:00:00Z,9,93,moderate
2026-07-19T05:30:00Z,2026-07-19T06:00:00Z,10,157,moderate
2026-07-19T05:30:00Z,2026-07-19T06:00:00Z,11,262,very high
2026-07-19T05:30:00Z,2026-07-19T06:00:00Z,12,100,moderate
2026-07-19T05:30:00Z,2026-07-19T06:00:00Z,13,120,moderate
2026-07-19T05:30:00Z,2026-07-19T06:00:00Z,14,102,moderate
2026-07-19T05:30:00Z,2026-07-19T06:00:00Z,15,89,low
2026-07-19T05:30:00Z,2026-07-19T06:00:00Z,16,0,very low
2026-07-19T05:30:00Z,2026-07-19T06:00:00Z,17,41,low
2026-07-19T05:30:00Z,2026-07-19T06:00:00Z,18,82,low
2026-07-19T06:00:00Z,2026-07-19T06:30:00Z,1,0,very low
2026-07-19T06:00:00Z,2026-07-19T06:30:00Z,2,0,very low
2026-07-19T06:00:00Z,2026-07-19T06:30:00Z,3,20,very low
2026-07-19T06:00:00Z,2026-07-19T06:30:00Z,4,11,very low
2026-07-19T06:00:00Z,2026-07-19T06:30:00Z,5,26,low
2026-07-19T06:00:00Z,2026-07-19T06:30:00Z,6,37,low
2026-07-19T06:00:00Z,2026-07-19T06:30:00Z,7,120,moderate
2026-07-19T06:00:00Z,2026-07-19T06:30:00Z,8,38,low
2026-07-19T06:00:00Z,2026-07-19T06:30:00Z,9,85,low
2026-07-19T06:00:00Z,2026-07-19T06:30:00Z,10,150,moderate
2026-07-19T06:00:00Z,2026-07-19T06:30:00Z,11,199,high
2026-07-19T06:00:00Z,2026-07-19T06:30:00Z,12,88,low
2026-07-19T06:00:00Z,2026-07-19T06:30:00Z,13,119,moderate
2026-07-19T06:00:00Z,2026-07-19T06:30:00Z,14,104,moderate
2026-07-19T06:00:00Z,2026-07-19T06:30:00Z,15,86,low
2026-07-19T06:00:00Z,2026-07-19T06:30:00Z,16,0,very low
2026-07-19T06:00:00Z,2026-07-19T06:30:00Z,17,31,low
2026-07-19T06:00:00Z,2026-07-19T06:30:00Z,18,78,low
2026-07-19T06:30:00Z,2026-07-19T07:00:00Z,1,0,very low
2026-07-19T06:30:00Z,2026-07-19T07:00:00Z,2,0,very low
2026-07-19T06:30:00Z,2026-07-19T07:00:00Z,3,20,very low
2026-07-19T06:30:00Z,2026-07-19T07:00:00Z,4,11,very low
2026-07-19T06:30:00Z,2026-07-19T07:00:00Z,5,23,very low
2026-07-19T06:30:00Z,2026-07-19T07:00:00Z,6,19,very low
2026-07-19T06:30:00Z,2026-07-19T07:00:00Z,7,107,moderate
2026-07-19T06:30:00Z,2026-07-19T07:00:00Z,8,35,low
2026-07-19T06:30:00Z,2026-07-19T07:00:00Z,9,86,low
2026-07-19T06:30:00Z,2026-07-19T07:00:00Z,10,169,moderate
2026-07-19T06:30:00Z,2026-07-19T07:00:00Z,11,171,high
2026-07-19T06:30:00Z,2026-07-19T07:00:00Z,12,85,low
2026-07-19T06:30:00Z,2026-07-19T07:00:00Z,13,120,moderate
2026-07-19T06:30:00Z,2026-07-19T07:00:00Z,14,104,moderate
2026-07-19T06:30:00Z,2026-07-19T07:00:00Z,15,87,low
2026-07-19T06:30:00Z,2026-07-19T07:00:00Z,16,0,very low
2026-07-19T06:30:00Z,2026-07-19T07:00:00Z,17,19,very low
2026-07-19T06:30:00Z,2026-07-19T07:00:00Z,18,79,low
2026-07-19T07:00:00Z,2026-07-19T07:30:00Z,1,0,very low
2026-07-19T07:00:00Z,2026-07-19T07:30:00Z,2,0,very low
2026-07-19T07:00:00Z,2026-07-19T07:30:00Z,3,21,very low
2026-07-19T07:00:00Z,2026-07-19T07:30:00Z,4,12,very low
2026-07-19T07:00:00Z,2026-07-19T07:30:00Z,5,24,very low
2026-07-19T07:00:00Z,2026-07-19T07:30:00Z,6,18,very low
2026-07-19T07:00:00Z,2026-07-19T07:30:00Z,7,101,moderate
2026-07-19T07:00:00Z,2026-07-19T07:30:00Z,8,37,low
2026-07-19T07:00:00Z,2026-07-19T07:30:00Z,9,85,low
2026-07-19T07:00:00Z,2026-07-19T07:30:00Z,10,166,moderate
2026-07-19T07:00:00Z,2026-07-19T07:30:00Z,11,130,moderate
2026-07-19T07:00:00Z,2026-07-19T07:30:00Z,12,76,low
2026-07-19T07:00:00Z,2026-07-19T07:30:00Z,13,111,moderate
2026-07-19T07:00:00Z,2026-07-19T07:30:00Z,14,100,moderate
2026-07-19T07:00:00Z,2026-07-19T07:30:00Z,15,82,low
2026-07-19T07:00:00Z,2026-07-19T07:30:00Z,16,0,very low
2026-07-19T07:00:00Z,2026-07-19T07:30:00Z,17,15,very low
2026-07-19T07:00:00Z,2026-07-19T07:30:00Z,18,74,low
2026-07-19T07:30:00Z,2026-07-19T08:00:00Z,1,0,very low
2026-07-19T07:30:00Z,2026-07-19T08:00:00Z,2,0,very low
2026-07-19T07:30:00Z,2026-07-19T08:00:00Z,3,20,very low
2026-07-19T07:30:00Z,2026-07-19T08:00:00Z,4,11,very low
2026-07-19T07:30:00Z,2026-07-19T08:00:00Z,5,25,low
2026-07-19T07:30:00Z,2026-07-19T08:00:00Z,6,15,very low
2026-07-19T07:30:00Z,2026-07-19T08:00:00Z,7,94,moderate
2026-07-19T07:30:00Z,2026-07-19T08:00:00Z,8,36,low
2026-07-19T07:30:00Z,2026-07-19T08:00:00Z,9,87,low
2026-07-19T07:30:00Z,2026-07-19T08:00:00Z,10,158,moderate
2026-07-19T07:30:00Z,2026-07-19T08:00:00Z,11,106,moderate
2026-07-19T07:30:00Z,2026-07-19T08:00:00Z,12,73,low
2026-07-19T07:30:00Z,2026-07-19T08:00:00Z,13,105,moderate
2026-07-19T07:30:00Z,2026-07-19T08:00:00Z,14,98,moderate
2026-07-19T07:30:00Z,2026-07-19T08:00:00Z,15,78,low
2026-07-19T07:30:00Z,2026-07-19T08:00:00Z,16,0,very low
2026-07-19T07:30:00Z,2026-07-19T08:00:00Z,17,31,low
2026-07-19T07:30:00Z,2026-07-19T08:00:00Z,18,71,low
2026-07-19T08:00:00Z,2026-07-19T08:30:00Z,1,0,very low
2026-07-19T08:00:00Z,2026-07-19T08:30:00Z,2,0,very low
2026-07-19T08:00:00Z,2026-07-19T08:30:00Z,3,23,very low
2026-07-19T08:00:00Z,2026-07-19T08:30:00Z,4,13,very low
2026-07-19T08:00:00Z,2026-07-19T08:30:00Z,5,27,low
2026-07-19T08:00:00Z,2026-07-19T08:30:00Z,6,12,very low
2026-07-19T08:00:00Z,2026-07-19T08:30:00Z,7,65,low
2026-07-19T08:00:00Z,2026-07-19T08:30:00Z,8,35,low
2026-07-19T08:00:00Z,2026-07-19T08:30:00Z,9,90,moderate
2026-07-19T08:00:00Z,2026-07-19T08:30:00Z,10,152,moderate
2026-07-19T08:00:00Z,2026-07-19T08:30:00Z,11,86,low
2026-07-19T08:00:00Z,2026-07-19T08:30:00Z,12,69,low
2026-07-19T08:00:00Z,2026-07-19T08:30:00Z,13,103,moderate
2026-07-19T08:00:00Z,2026-07-19T08:30:00Z,14,98,moderate
2026-07-19T08:00:00Z,2026-07-19T08:30:00Z,15,75,low
2026-07-19T08:00:00Z,2026-07-19T08:30:00Z,16,0,very low
2026-07-19T08:00:00Z,2026-07-19T08:30:00Z,17,32,low
2026-07-19T08:00:00Z,2026-07-19T08:30:00Z,18,69,low
2026-07-19T08:30:00Z,2026-07-19T09:00:00Z,1,0,very low
2026-07-19T08:30:00Z,2026-07-19T09:00:00Z,2,0,very low
2026-07-19T08:30:00Z,2026-07-19T09:00:00Z,3,25,low
2026-07-19T08:30:00Z,2026-07-19T09:00:00Z,4,13,very low
2026-07-19T08:30:00Z,2026-07-19T09:00:00Z,5,26,low
2026-07-19T08:30:00Z,2026-07-19T09:00:00Z,6,14,very low
2026-07-19T08:30:00Z,2026-07-19T09:00:00Z,7,48,low
2026-07-19T08:30:00Z,2026-07-19T09:00:00Z,8,35,low
2026-07-19T08:30:00Z,2026-07-19T09:00:00Z,9,95,moderate
2026-07-19T08:30:00Z,2026-07-19T09:00:00Z,10,150,moderate
2026-07-19T08:30:00Z,2026-07-19T09:00:00Z,11,73,low
2026-07-19T08:30:00Z,2026-07-19T09:00:00Z,12,66,low
2026-07-19T08:30:00Z,2026-07-19T09:00:00Z,13,105,moderate
2026-07-19T08:30:00Z,2026-07-19T09:00:00Z,14,99,moderate
2026-07-19T08:30:00Z,2026-07-19T09:00:00Z,15,75,low
2026-07-19T08:30:00Z,2026-07-19T09:00:00Z,16,0,very low
2026-07-19T08:30:00Z,2026-07-19T09:00:00Z,17,16,very low
2026-07-19T08:30:00Z,2026-07-19T09:00:00Z,18,67,low
2026-07-19T09:00:00Z,2026-07-19T09:30:00Z,1,0,very low
2026-07-19T09:00:00Z,2026-07-19T09:30:00Z,2,0,very low
2026-07-19T09:00:00Z,2026-07-19T09:30:00Z,3,24,very low
2026-07-19T09:00:00Z,2026-07-19T09:30:00Z,4,13,very low
2026-07-19T09:00:00Z,2026-07-19T09:30:00Z,5,29,low
2026-07-19T09:00:00Z,2026-07-19T09:30:00Z,6,10,very low
2026-07-19T09:00:00Z,2026-07-19T09:30:00Z,7,17,very low
2026-07-19T09:00:00Z,2026-07-19T09:30:00Z,8,34,low
2026-07-19T09:00:00Z,2026-07-19T09:30:00Z,9,95,moderate
2026-07-19T09:00:00Z,2026-07-19T09:30:00Z,10,149,moderate
2026-07-19T09:00:00Z,2026-07-19T09:30:00Z,11,75,low
2026-07-19T09:00:00Z,2026-07-19T09:30:00Z,12,64,low
2026-07-19T09:00:00Z,2026-07-19T09:30:00Z,13,108,moderate
2026-07-19T09:00:00Z,2026-07-19T09:30:00Z,14,101,moderate
2026-07-19T09:00:00Z,2026-07-19T09:30:00Z,15,73,low
2026-07-19T09:00:00Z,2026-07-19T09:30:00Z,16,1,very low
2026-07-19T09:00:00Z,2026-07-19T09:30:00Z,17,19,very low
2026-07-19T09:00:00Z,2026-07-19T09:30:00Z,18,66,low
2026-07-19T09:30:00Z,2026-07-19T10:00:00Z,1,0,very low
2026-07-19T09:30:00Z,2026-07-19T10:00:00Z,2,0,very low
2026-07-19T09:30:00Z,2026-07-19T10:00:00Z,3,25,low
2026-07-19T09:30:00Z,2026-07-19T10:00:00Z,4,11,very low
2026-07-19T09:30:00Z,2026-07-19T10:00:00Z,5,23,very low
2026-07-19T09:30:00Z,2026-07-19T10:00:00Z,6,18,very low
2026-07-19T09:30:00Z,2026-07-19T10:00:00Z,7,20,very low
2026-07-19T09:30:00Z,2026-07-19T10:00:00Z,8,34,low
2026-07-19T09:30:00Z,2026-07-19T10:00:00Z,9,92,moderate
2026-07-19T09:30:00Z,2026-07-19T10:00:00Z,10,148,moderate
2026-07-19T09:30:00Z,2026-07-19T10:00:00Z,11,76,low
2026-07-19T09:30:00Z,2026-07-19T10:00:00Z,12,57,low
2026-07-19T09:30:00Z,2026-07-19T10:00:00Z,13,106,moderate
2026-07-19T09:30:00Z,2026-07-19T10:00:00Z,14,100,moderate
2026-07-19T09:30:00Z,2026-07-19T10:00:00Z,15,71,low
2026-07-19T09:30:00Z,2026-07-19T10:00:00Z,16,0,very low
2026-07-19T09:30:00Z,2026-07-19T10:00:00Z,17,29,low
2026-07-19T09:30:00Z,2026-07-19T10:00:00Z,18,65,low
2026-07-19T10:00:00Z,2026-07-19T10:30:00Z,1,0,very low
2026-07-19T10:00:00Z,2026-07-19T10:30:00Z,2,0,very low
2026-07-19T10:00:00Z,2026-07-19T10:30:00Z,3,26,low
2026-07-19T10:00:00Z,2026-07-19T10:30:00Z,4,13,very low
2026-07-19T10:00:00Z,2026-07-19T10:30:00Z,5,29,low
2026-07-19T10:00:00Z,2026-07-19T10:30:00Z,6,17,very low
2026-07-19T10:00:00Z,2026-07-19T10:30:00Z,7,20,very low
2026-07-19T10:00:00Z,2026-07-19T10:30:00Z,8,32,low
2026-07-19T10:00:00Z,2026-07-19T10:30:00Z,9,87,low
2026-07-19T10:00:00Z,2026-07-19T10:30:00Z,10,149,moderate
2026-07-19T10:00:00Z,2026-07-19T10:30:00Z,11,74,low
2026-07-19T10:00:00Z,2026-07-19T10:30:00Z,12,49,low
2026-07-19T10:00:00Z,2026-07-19T10:30:00Z,13,104,moderate
2026-07-19T10:00:00Z,2026-07-19T10:30:00Z,14,101,moderate
2026-07-19T10:00:00Z,2026-07-19T10:30:00Z,15,68,low
2026-07-19T10:00:00Z,2026-07-19T10:30:00Z,16,2,very low
2026-07-19T10:00:00Z,2026-07-19T10:30:00Z,17,42,low
2026-07-19T10:00:00Z,2026-07-19T10:30:00Z,18,64,low
2026-07-19T10:30:00Z,2026-07-19T11:00:00Z,1,0,very low
2026-07-19T10:30:00Z,2026-07-19T11:00:00Z,2,1,very low
2026-07-19T10:30:00Z,2026-07-19T11:00:00Z,3,34,low
2026-07-19T10:30:00Z,2026-07-19T11:00:00Z,4,12,very low
2026-07-19T10:30:00Z,2026-07-19T11:00:00Z,5,30,low
2026-07-19T10:30:00Z,2026-07-19T11:00:00Z,6,34,low
2026-07-19T10:30:00Z,2026-07-19T11:00:00Z,7,26,low
2026-07-19T10:30:00Z,2026-07-19T11:00:00Z,8,29,low
2026-07-19T10:30:00Z,2026-07-19T11:00:00Z,9,52,low
2026-07-19T10:30:00Z,2026-07-19T11:00:00Z,10,133,moderate
2026-07-19T10:30:00Z,2026-07-19T11:00:00Z,11,86,low
2026-07-19T10:30:00Z,2026-07-19T11:00:00Z,12,50,low
2026-07-19T10:30:00Z,2026-07-19T11:00:00Z,13,99,moderate
2026-07-19T10:30:00Z,2026-07-19T11:00:00Z,14,96,moderate
2026-07-19T10:30:00Z,2026-07-19T11:00:00Z,15,63,low
2026-07-19T10:30:00Z,2026-07-19T11:00:00Z,16,0,very low
2026-07-19T10:30:00Z,2026-07-19T11:00:00Z,17,37,low
2026-07-19T10:30:00Z,2026-07-19T11:00:00Z,18,58,low
2026-07-19T11:00:00Z,2026-07-19T11:30:00Z,1,0,very low
2026-07-19T11:00:00Z,2026-07-19T11:30:00Z,2,0,very low
2026-07-19T11:00:00Z,2026-07-19T11:30:00Z,3,35,low
2026-07-19T11:00:00Z,2026-07-19T11:30:00Z,4,13,very low
2026-07-19T11:00:00Z,2026-07-19T11:30:00Z,5,28,low
2026-07-19T11:00:00Z,2026-07-19T11:30:00Z,6,31,low
2026-07-19T11:00:00Z,2026-07-19T11:30:00Z,7,50,low
2026-07-19T11:00:00Z,2026-07-19T11:30:00Z,8,28,low
2026-07-19T11:00:00Z,2026-07-19T11:30:00Z,9,47,low
2026-07-19T11:00:00Z,2026-07-19T11:30:00Z,10,128,moderate
2026-07-19T11:00:00Z,2026-07-19T11:30:00Z,11,88,low
2026-07-19T11:00:00Z,2026-07-19T11:30:00Z,12,44,low
2026-07-19T11:00:00Z,2026-07-19T11:30:00Z,13,94,moderate
2026-07-19T11:00:00Z,2026-07-19T11:30:00Z,14,89,low
2026-07-19T11:00:00Z,2026-07-19T11:30:00Z,15,61,low
2026-07-19T11:00:00Z,2026-07-19T11:30:00Z,16,2,very low
2026-07-19T11:00:00Z,2026-07-19T11:30:00Z,17,41,low
2026-07-19T11:00:00Z,2026-07-19T11:30:00Z,18,57,low
2026-07-19T11:30:00Z,2026-07-19T12:00:00Z,1,0,very low
2026-07-19T11:30:00Z,2026-07-19T12:00:00Z,2,0,very low
2026-07-19T11:30:00Z,2026-07-19T12:00:00Z,3,35,low
2026-07-19T11:30:00Z,2026-07-19T12:00:00Z,4,12,very low
2026-07-19T11:30:00Z,2026-07-19T12:00:00Z,5,29,low
2026-07-19T11:30:00Z,2026-07-19T12:00:00Z,6,40,low
2026-07-19T11:30:00Z,2026-07-19T12:00:00Z,7,48,low
2026-07-19T11:30:00Z,2026-07-19T12:00:00Z,8,29,low
2026-07-19T11:30:00Z,2026-07-19T12:00:00Z,9,41,low
2026-07-19T11:30:00Z,2026-07-19T12:00:00Z,10,126,moderate
2026-07-19T11:30:00Z,2026-07-19T12:00:00Z,11,86,low
2026-07-19T11:30:00Z,2026-07-19T12:00:00Z,12,48,low
2026-07-19T11:30:00Z,2026-07-19T12:00:00Z,13,94,moderate
2026-07-19T11:30:00Z,2026-07-19T12:00:00Z,14,90,moderate
2026-07-19T11:30:00Z,2026-07-19T12:00:00Z,15,62,low
2026-07-19T11:30:00Z,2026-07-19T12:00:00Z,16,0,very low
2026-07-19T11:30:00Z,2026-07-19T12:00:00Z,17,27,low
2026-07-19T11:30:00Z,2026-07-19T12:00:00Z,18,57,low
2026-07-19T12:00:00Z,2026-07-19T12:30:00Z,1,0,very low
2026-07-19T12:00:00Z,2026-07-19T12:30:00Z,2,0,very low
2026-07-19T12:00:00Z,2026-07-19T12:30:00Z,3,35,low
2026-07-19T12:00:00Z,2026-07-19T12:30:00Z,4,13,very low
2026-07-19T12:00:00Z,2026-07-19T12:30:00Z,5,30,low
2026-07-19T12:00:00Z,2026-07-19T12:30:00Z,6,38,low
2026-07-19T12:00:00Z,2026-07-19T12:30:00Z,7,47,low
2026-07-19T12:00:00Z,2026-07-19T12:30:00Z,8,26,low
2026-07-19T12:00:00Z,2026-07-19T12:30:00Z,9,33,low
2026-07-19T12:00:00Z,2026-07-19T12:30:00Z,10,124,moderate
2026-07-19T12:00:00Z,2026-07-19T12:30:00Z,11,82,low
2026-07-19T12:00:00Z,2026-07-19T12:30:00Z,12,45,low
2026-07-19T12:00:00Z,2026-07-19T12:30:00Z,13,96,moderate
2026-07-19T12:00:00Z,2026-07-19T12:30:00Z,14,92,moderate
2026-07-19T12:00:00Z,2026-07-19T12:30:00Z,15,60,low
2026-07-19T12:00:00Z,2026-07-19T12:30:00Z,16,0,very low
2026-07-19T12:00:00Z,2026-07-19T12:30:00Z,17,19,very low
2026-07-19T12:00:00Z,2026-07-19T12:30:00Z,18,55,low
2026-07-19T12:30:00Z,2026-07-19T13:00:00Z,1,0,very low
2026-07-19T12:30:00Z,2026-07-19T13:00:00Z,2,0,very low
2026-07-19T12:30:00Z,2026-07-19T13:00:00Z,3,41,low
2026-07-19T12:30:00Z,2026-07-19T13:00:00Z,4,13,very low
2026-07-19T12:30:00Z,2026-07-19T13:00:00Z,5,35,low
2026-07-19T12:30:00Z,2026-07-19T13:00:00Z,6,45,low
2026-07-19T12:30:00Z,2026-07-19T13:00:00Z,7,51,low
2026-07-19T12:30:00Z,2026-07-19T13:00:00Z,8,28,low
2026-07-19T12:30:00Z,2026-07-19T13:00:00Z,9,23,very low
2026-07-19T12:30:00Z,2026-07-19T13:00:00Z,10,120,moderate
2026-07-19T12:30:00Z,2026-07-19T13:00:00Z,11,81,low
2026-07-19T12:30:00Z,2026-07-19T13:00:00Z,12,48,low
2026-07-19T12:30:00Z,2026-07-19T13:00:00Z,13,95,moderate
2026-07-19T12:30:00Z,2026-07-19T13:00:00Z,14,94,moderate
2026-07-19T12:30:00Z,2026-07-19T13:00:00Z,15,60,low
2026-07-19T12:30:00Z,2026-07-19T13:00:00Z,16,0,very low
2026-07-19T12:30:00Z,2026-07-19T13:00:00Z,17,20,very low
2026-07-19T12:30:00Z,2026-07-19T13:00:00Z,18,54,low
2026-07-19T13:00:00Z,2026-07-19T13:30:00Z,1,0,very low
2026-07-19T13:00:00Z,2026-07-19T13:30:00Z,2,0,very low
2026-07-19T13:00:00Z,2026-07-19T13:30:00Z,3,43,low
2026-07-19T13:00:00Z,2026-07-19T13:30:00Z,4,17,very low
2026-07-19T13:00:00Z,2026-07-19T13:30:00Z,5,39,low
2026-07-19T13:00:00Z,2026-07-19T13:30:00Z,6,34,low
2026-07-19T13:00:00Z,2026-07-19T13:30:00Z,7,23,very low
2026-07-19T13:00:00Z,2026-07-19T13:30:00Z,8,26,low
2026-07-19T13:00:00Z,2026-07-19T13:30:00Z,9,17,very low
2026-07-19T13:00:00Z,2026-07-19T13:30:00Z,10,125,moderate
2026-07-19T13:00:00Z,2026-07-19T13:30:00Z,11,118,moderate
2026-07-19T13:00:00Z,2026-07-19T13:30:00Z,12,55,low
2026-07-19T13:00:00Z,2026-07-19T13:30:00Z,13,98,moderate
2026-07-19T13:00:00Z,2026-07-19T13:30:00Z,14,98,moderate
2026-07-19T13:00:00Z,2026-07-19T13:30:00Z,15,61,low
2026-07-19T13:00:00Z,2026-07-19T13:30:00Z,16,0,very low
2026-07-19T13:00:00Z,2026-07-19T13:30:00Z,17,35,low
2026-07-19T13:00:00Z,2026-07-19T13:30:00Z,18,56,low
2026-07-19T13:30:00Z,2026-07-19T14:00:00Z,1,0,very low
2026-07-19T13:30:00Z,2026-07-19T14:00:00Z,2,0,very low
2026-07-19T13:30:00Z,2026-07-19T14:00:00Z,3,43,low
2026-07-19T13:30:00Z,2026-07-19T14:00:00Z,4,16,very low
2026-07-19T13:30:00Z,2026-07-19T14:00:00Z,5,42,low
2026-07-19T13:30:00Z,2026-07-19T14:00:00Z,6,42,low
2026-07-19T13:30:00Z,2026-07-19T14:00:00Z,7,38,low
2026-07-19T13:30:00Z,2026-07-19T14:00:00Z,8,28,low
2026-07-19T13:30:00Z,2026-07-19T14:00:00Z,9,24,very low
2026-07-19T13:30:00Z,2026-07-19T14:00:00Z,10,115,moderate
2026-07-19T13:30:00Z,2026-07-19T14:00:00Z,11,115,moderate
2026-07-19T13:30:00Z,2026-07-19T14:00:00Z,12,52,low
2026-07-19T13:30:00Z,2026-07-19T14:00:00Z,13,96,moderate
2026-07-19T13:30:00Z,2026-07-19T14:00:00Z,14,96,moderate
2026-07-19T13:30:00Z,2026-07-19T14:00:00Z,15,61,low
2026-07-19T13:30:00Z,2026-07-19T14:00:00Z,16,0,very low
2026-07-19T13:30:00Z,2026-07-19T14:00:00Z,17,27,low
2026-07-19T13:30:00Z,2026-07-19T14:00:00Z,18,56,low
2026-07-19T14:00:00Z,2026-07-19T14:30:00Z,1,0,very low
2026-07-19T14:00:00Z,2026-07-19T14:30:00Z,2,0,very low
2026-07-19T14:00:00Z,2026-07-19T14:30:00Z,3,42,low
2026-07-19T14:00:00Z,2026-07-19T14:30:00Z,4,17,very low
2026-07-19T14:00:00Z,2026-07-19T14:30:00Z,5,41,low
2026-07-19T14:00:00Z,2026-07-19T14:30:00Z,6,36,low
2026-07-19T14:00:00Z,2026-07-19T14:30:00Z,7,41,low
2026-07-19T14:00:00Z,2026-07-19T14:30:00Z,8,28,low
2026-07-19T14:00:00Z,2026-07-19T14:30:00Z,9,21,very low
2026-07-19T14:00:00Z,2026-07-19T14:30:00Z,10,114,moderate
2026-07-19T14:00:00Z,2026-07-19T14:30:00Z,11,123,moderate
2026-07-19T14:00:00Z,2026-07-19T14:30:00Z,12,57,low
2026-07-19T14:00:00Z,2026-07-19T14:30:00Z,13,97,moderate
2026-07-19T14:00:00Z,2026-07-19T14:30:00Z,14,97,moderate
2026-07-19T14:00:00Z,2026-07-19T14:30:00Z,15,64,low
2026-07-19T14:00:00Z,2026-07-19T14:30:00Z,16,0,very low
2026-07-19T14:00:00Z,2026-07-19T14:30:00Z,17,14,very low
2026-07-19T14:00:00Z,2026-07-19T14:30:00Z,18,57,low
2026-07-19T14:30:00Z,2026-07-19T15:00:00Z,1,0,very low
2026-07-19T14:30:00Z,2026-07-19T15:00:00Z,2,0,very low
2026-07-19T14:30:00Z,2026-07-19T15:00:00Z,3,37,low
2026-07-19T14:30:00Z,2026-07-19T15:00:00Z,4,15,very low
2026-07-19T14:30:00Z,2026-07-19T15:00:00Z,5,41,low
2026-07-19T14:30:00Z,2026-07-19T15:00:00Z,6,38,low
2026-07-19T14:30:00Z,2026-07-19T15:00:00Z,7,55,low
2026-07-19T14:30:00Z,2026-07-19T15:00:00Z,8,27,low
2026-07-19T14:30:00Z,2026-07-19T15:00:00Z,9,20,very low
2026-07-19T14:30:00Z,2026-07-19T15:00:00Z,10,112,moderate
2026-07-19T14:30:00Z,2026-07-19T15:00:00Z,11,112,moderate
2026-07-19T14:30:00Z,2026-07-19T15:00:00Z,12,57,low
2026-07-19T14:30:00Z,2026-07-19T15:00:00Z,13,92,moderate
2026-07-19T14:30:00Z,2026-07-19T15:00:00Z,14,91,moderate
2026-07-19T14:30:00Z,2026-07-19T15:00:00Z,15,62,low
2026-07-19T14:30:00Z,2026-07-19T15:00:00Z,16,1,very low
2026-07-19T14:30:00Z,2026-07-19T15:00:00Z,17,9,very low
2026-07-19T14:30:00Z,2026-07-19T15:00:00Z,18,55,low
2026-07-19T15:00:00Z,2026-07-19T15:30:00Z,1,0,very low
2026-07-19T15:00:00Z,2026-07-19T15:30:00Z,2,0,very low
2026-07-19T15:00:00Z,2026-07-19T15:30:00Z,3,36,low
2026-07-19T15:00:00Z,2026-07-19T15:30:00Z,4,15,very low
2026-07-19T15:00:00Z,2026-07-19T15:30:00Z,5,38,low
2026-07-19T15:00:00Z,2026-07-19T15:30:00Z,6,30,low
2026-07-19T15:00:00Z,2026-07-19T15:30:00Z,7,55,low
2026-07-19T15:00:00Z,2026-07-19T15:30:00Z,8,25,low
2026-07-19T15:00:00Z,2026-07-19T15:30:00Z,9,19,very low
2026-07-19T15:00:00Z,2026-07-19T15:30:00Z,10,116,moderate
2026-07-19T15:00:00Z,2026-07-19T15:30:00Z,11,121,moderate
2026-07-19T15:00:00Z,2026-07-19T15:30:00Z,12,61,low
2026-07-19T15:00:00Z,2026-07-19T15:30:00Z,13,100,moderate
2026-07-19T15:00:00Z,2026-07-19T15:30:00Z,14,99,moderate
2026-07-19T15:00:00Z,2026-07-19T15:30:00Z,15,60,low
2026-07-19T15:00:00Z,2026-07-19T15:30:00Z,16,2,very low
2026-07-19T15:00:00Z,2026-07-19T15:30:00Z,17,41,low
2026-07-19T15:00:00Z,2026-07-19T15:30:00Z,18,56,low
2026-07-19T15:30:00Z,2026-07-19T16:00:00Z,1,0,very low
2026-07-19T15:30:00Z,2026-07-19T16:00:00Z,2,0,very low
2026-07-19T15:30:00Z,2026-07-19T16:00:00Z,3,38,low
2026-07-19T15:30:00Z,2026-07-19T16:00:00Z,4,11,very low
2026-07-19T15:30:00Z,2026-07-19T16:00:00Z,5,38,low
2026-07-19T15:30:00Z,2026-07-19T16:00:00Z,6,39,low
2026-07-19T15:30:00Z,2026-07-19T16:00:00Z,7,55,low
2026-07-19T15:30:00Z,2026-07-19T16:00:00Z,8,30,low
2026-07-19T15:30:00Z,2026-07-19T16:00:00Z,9,32,low
2026-07-19T15:30:00Z,2026-07-19T16:00:00Z,10,143,moderate
2026-07-19T15:30:00Z,2026-07-19T16:00:00Z,11,128,moderate
2026-07-19T15:30:00Z,2026-07-19T16:00:00Z,12,63,low
2026-07-19T15:30:00Z,2026-07-19T16:00:00Z,13,104,moderate
2026-07-19T15:30:00Z,2026-07-19T16:00:00Z,14,100,moderate
2026-07-19T15:30:00Z,2026-07-19T16:00:00Z,15,71,low
2026-07-19T15:30:00Z,2026-07-19T16:00:00Z,16,1,very low
2026-07-19T15:30:00Z,2026-07-19T16:00:00Z,17,14,very low
2026-07-19T15:30:00Z,2026-07-19T16:00:00Z,18,64,low
2026-07-19T16:00:00Z,2026-07-19T16:30:00Z,1,0,very low
2026-07-19T16:00:00Z,2026-07-19T16:30:00Z,2,0,very low
2026-07-19T16:00:00Z,2026-07-19T16:30:00Z,3,41,low
2026-07-19T16:00:00Z,2026-07-19T16:30:00Z,4,12,very low
2026-07-19T16:00:00Z,2026-07-19T16:30:00Z,5,42,low
2026-07-19T16:00:00Z,2026-07-19T16:30:00Z,6,48,low
2026-07-19T16:00:00Z,2026-07-19T16:30:00Z,7,72,low
2026-07-19T16:00:00Z,2026-07-19T16:30:00Z,8,36,low
2026-07-19T16:00:00Z,2026-07-19T16:30:00Z,9,45,low
2026-07-19T16:00:00Z,2026-07-19T16:30:00Z,10,147,moderate
2026-07-19T16:00:00Z,2026-07-19T16:30:00Z,11,139,moderate
2026-07-19T16:00:00Z,2026-07-19T16:30:00Z,12,65,low
2026-07-19T16:00:00Z,2026-07-19T16:30:00Z,13,106,moderate
2026-07-19T16:00:00Z,2026-07-19T16:30:00Z,14,101,moderate
2026-07-19T16:00:00Z,2026-07-19T16:30:00Z,15,73,low
2026-07-19T16:00:00Z,2026-07-19T16:30:00Z,16,2,very low
2026-07-19T16:00:00Z,2026-07-19T16:30:00Z,17,69,low
2026-07-19T16:00:00Z,2026-07-19T16:30:00Z,18,69,low
2026-07-19T16:30:00Z,2026-07-19T17:00:00Z,1,0,very low
2026-07-19T16:30:00Z,2026-07-19T17:00:00Z,2,0,very low
2026-07-19T16:30:00Z,2026-07-19T17:00:00Z,3,42,low
2026-07-19T16:30:00Z,2026-07-19T17:00:00Z,4,16,very low
2026-07-19T16:30:00Z,2026-07-19T17:00:00Z,5,50,low
2026-07-19T16:30:00Z,2026-07-19T17:00:00Z,6,38,low
2026-07-19T16:30:00Z,2026-07-19T17:00:00Z,7,94,moderate
2026-07-19T16:30:00Z,2026-07-19T17:00:00Z,8,41,low
2026-07-19T16:30:00Z,2026-07-19T17:00:00Z,9,78,low
2026-07-19T16:30:00Z,2026-07-19T17:00:00Z,10,150,moderate
2026-07-19T16:30:00Z,2026-07-19T17:00:00Z,11,152,moderate
2026-07-19T16:30:00Z,2026-07-19T17:00:00Z,12,71,low
2026-07-19T16:30:00Z,2026-07-19T17:00:00Z,13,113,moderate
2026-07-19T16:30:00Z,2026-07-19T17:00:00Z,14,107,moderate
2026-07-19T16:30:00Z,2026-07-19T17:00:00Z,15,80,low
2026-07-19T16:30:00Z,2026-07-19T17:00:00Z,16,2,very low
2026-07-19T16:30:00Z,2026-07-19T17:00:00Z,17,90,moderate
2026-07-19T16:30:00Z,2026-07-19T17:00:00Z,18,78,low
2026-07-19T17:00:00Z,2026-07-19T17:30:00Z,1,0,very low
2026-07-19T17:00:00Z,2026-07-19T17:30:00Z,2,0,very low
2026-07-19T17:00:00Z,2026-07-19T17:30:00Z,3,38,low
2026-07-19T17:00:00Z,2026-07-19T17:30:00Z,4,17,very low
2026-07-19T17:00:00Z,2026-07-19T17:30:00Z,5,55,low
2026-07-19T17:00:00Z,2026-07-19T17:30:00Z,6,39,low
2026-07-19T17:00:00Z,2026-07-19T17:30:00Z,7,144,moderate
2026-07-19T17:00:00Z,2026-07-19T17:30:00Z,8,45,low
2026-07-19T17:00:00Z,2026-07-19T17:30:00Z,9,98,moderate
2026-07-19T17:00:00Z,2026-07-19T17:30:00Z,10,160,moderate
2026-07-19T17:00:00Z,2026-07-19T17:30:00Z,11,155,moderate
2026-07-19T17:00:00Z,2026-07-19T17:30:00Z,12,81,low
2026-07-19T17:00:00Z,2026-07-19T17:30:00Z,13,121,moderate
2026-07-19T17:00:00Z,2026-07-19T17:30:00Z,14,112,moderate
2026-07-19T17:00:00Z,2026-07-19T17:30:00Z,15,89,low
2026-07-19T17:00:00Z,2026-07-19T17:30:00Z,16,3,very low
2026-07-19T17:00:00Z,2026-07-19T17:30:00Z,17,108,moderate
2026-07-19T17:00:00Z,2026-07-19T17:30:00Z,18,87,low
2026-07-19T17:30:00Z,2026-07-19T18:00:00Z,1,0,very low
2026-07-19T17:30:00Z,2026-07-19T18:00:00Z,2,1,very low
2026-07-19T17:30:00Z,2026-07-19T18:00:00Z,3,36,low
2026-07-19T17:30:00Z,2026-07-19T18:00:00Z,4,18,very low
2026-07-19T17:30:00Z,2026-07-19T18:00:00Z,5,63,low
2026-07-19T17:30:00Z,2026-07-19T18:00:00Z,6,56,low
2026-07-19T17:30:00Z,2026-07-19T18:00:00Z,7,190,high
2026-07-19T17:30:00Z,2026-07-19T18:00:00Z,8,52,low
2026-07-19T17:30:00Z,2026-07-19T18:00:00Z,9,112,moderate
2026-07-19T17:30:00Z,2026-07-19T18:00:00Z,10,167,moderate
2026-07-19T17:30:00Z,2026-07-19T18:00:00Z,11,186,high
2026-07-19T17:30:00Z,2026-07-19T18:00:00Z,12,88,low
2026-07-19T17:30:00Z,2026-07-19T18:00:00Z,13,125,moderate
2026-07-19T17:30:00Z,2026-07-19T18:00:00Z,14,115,moderate
2026-07-19T17:30:00Z,2026-07-19T18:00:00Z,15,99,moderate
2026-07-19T17:30:00Z,2026-07-19T18:00:00Z,16,2,very low
2026-07-19T17:30:00Z,2026-07-19T18:00:00Z,17,127,moderate
2026-07-19T17:30:00Z,2026-07-19T18:00:00Z,18,97,moderate
2026-07-19T18:00:00Z,2026-07-19T18:30:00Z,1,0,very low
2026-07-19T18:00:00Z,2026-07-19T18:30:00Z,2,0,very low
2026-07-19T18:00:00Z,2026-07-19T18:30:00Z,3,34,low
2026-07-19T18:00:00Z,2026-07-19T18:30:00Z,4,19,very low
2026-07-19T18:00:00Z,2026-07-19T18:30:00Z,5,70,low
2026-07-19T18:00:00Z,2026-07-19T18:30:00Z,6,63,low
2026-07-19T18:00:00Z,2026-07-19T18:30:00Z,7,285,very high
2026-07-19T18:00:00Z,2026-07-19T18:30:00Z,8,52,low
2026-07-19T18:00:00Z,2026-07-19T18:30:00Z,9,118,moderate
2026-07-19T18:00:00Z,2026-07-19T18:30:00Z,10,170,high
2026-07-19T18:00:00Z,2026-07-19T18:30:00Z,11,207,high
2026-07-19T18:00:00Z,2026-07-19T18:30:00Z,12,93,moderate
2026-07-19T18:00:00Z,2026-07-19T18:30:00Z,13,135,moderate
2026-07-19T18:00:00Z,2026-07-19T18:30:00Z,14,128,moderate
2026-07-19T18:00:00Z,2026-07-19T18:30:00Z,15,105,moderate
2026-07-19T18:00:00Z,2026-07-19T18:30:00Z,16,3,very low
2026-07-19T18:00:00Z,2026-07-19T18:30:00Z,17,176,high
2026-07-19T18:00:00Z,2026-07-19T18:30:00Z,18,106,moderate
2026-07-19T18:30:00Z,2026-07-19T19:00:00Z,1,0,very low
2026-07-19T18:30:00Z,2026-07-19T19:00:00Z,2,1,very low
2026-07-19T18:30:00Z,2026-07-19T19:00:00Z,3,31,low
2026-07-19T18:30:00Z,2026-07-19T19:00:00Z,4,17,very low
2026-07-19T18:30:00Z,2026-07-19T19:00:00Z,5,69,low
2026-07-19T18:30:00Z,2026-07-19T19:00:00Z,6,64,low
2026-07-19T18:30:00Z,2026-07-19T19:00:00Z,7,315,very high
2026-07-19T18:30:00Z,2026-07-19T19:00:00Z,8,56,low
2026-07-19T18:30:00Z,2026-07-19T19:00:00Z,9,126,moderate
2026-07-19T18:30:00Z,2026-07-19T19:00:00Z,10,183,high
2026-07-19T18:30:00Z,2026-07-19T19:00:00Z,11,226,high
2026-07-19T18:30:00Z,2026-07-19T19:00:00Z,12,100,moderate
2026-07-19T18:30:00Z,2026-07-19T19:00:00Z,13,141,moderate
2026-07-19T18:30:00Z,2026-07-19T19:00:00Z,14,133,moderate
2026-07-19T18:30:00Z,2026-07-19T19:00:00Z,15,111,moderate
2026-07-19T18:30:00Z,2026-07-19T19:00:00Z,16,2,very low
2026-07-19T18:30:00Z,2026-07-19T19:00:00Z,17,194,high
2026-07-19T18:30:00Z,2026-07-19T19:00:00Z,18,112,moderate
2026-07-19T19:00:00Z,2026-07-19T19:30:00Z,1,0,very low
2026-07-19T19:00:00Z,2026-07-19T19:30:00Z,2,1,very low
2026-07-19T19:00:00Z,2026-07-19T19:30:00Z,3,30,low
2026-07-19T19:00:00Z,2026-07-19T19:30:00Z,4,17,very low
2026-07-19T19:00:00Z,2026-07-19T19:30:00Z,5,71,low
2026-07-19T19:00:00Z,2026-07-19T19:30:00Z,6,60,low
2026-07-19T19:00:00Z,2026-07-19T19:30:00Z,7,331,very high
2026-07-19T19:00:00Z,2026-07-19T19:30:00Z,8,64,low
2026-07-19T19:00:00Z,2026-07-19T19:30:00Z,9,126,moderate
2026-07-19T19:00:00Z,2026-07-19T19:30:00Z,10,123,moderate
2026-07-19T19:00:00Z,2026-07-19T19:30:00Z,11,284,very high
2026-07-19T19:00:00Z,2026-07-19T19:30:00Z,12,105,moderate
2026-07-19T19:00:00Z,2026-07-19T19:30:00Z,13,125,moderate
2026-07-19T19:00:00Z,2026-07-19T19:30:00Z,14,129,moderate
2026-07-19T19:00:00Z,2026-07-19T19:30:00Z,15,115,moderate
2026-07-19T19:00:00Z,2026-07-19T19:30:00Z,16,2,very low
2026-07-19T19:00:00Z,2026-07-19T19:30:00Z,17,194,high
2026-07-19T19:00:00Z,2026-07-19T19:30:00Z,18,109,moderate
2026-07-19T19:30:00Z,2026-07-19T20:00:00Z,1,0,very low
2026-07-19T19:30:00Z,2026-07-19T20:00:00Z,2,1,very low
2026-07-19T19:30:00Z,2026-07-19T20:00:00Z,3,30,low
2026-07-19T19:30:00Z,2026-07-19T20:00:00Z,4,18,very low
2026-07-19T19:30:00Z,2026-07-19T20:00:00Z,5,83,low
2026-07-19T19:30:00Z,2026-07-19T20:00:00Z,6,70,low
2026-07-19T19:30:00Z,2026-07-19T20:00:00Z,7,353,very high
2026-07-19T19:30:00Z,2026-07-19T20:00:00Z,8,83,low
2026-07-19T19:30:00Z,2026-07-19T20:00:00Z,9,142,moderate
2026-07-19T19:30:00Z,2026-07-19T20:00:00Z,10,181,high
2026-07-19T19:30:00Z,2026-07-19T20:00:00Z,11,327,very high
2026-07-19T19:30:00Z,2026-07-19T20:00:00Z,12,124,moderate
2026-07-19T19:30:00Z,2026-07-19T20:00:00Z,13,143,moderate
2026-07-19T19:30:00Z,2026-07-19T20:00:00Z,14,134,moderate
2026-07-19T19:30:00Z,2026-07-19T20:00:00Z,15,121,moderate
2026-07-19T19:30:00Z,2026-07-19T20:00:00Z,16,2,very low
2026-07-19T19:30:00Z,2026-07-19T20:00:00Z,17,212,high
2026-07-19T19:30:00Z,2026-07-19T20:00:00Z,18,121,moderate
2026-07-19T20:00:00Z,2026-07-19T20:30:00Z,1,0,very low
2026-07-19T20:00:00Z,2026-07-19T20:30:00Z,2,2,very low
2026-07-19T20:00:00Z,2026-07-19T20:30:00Z,3,32,low
2026-07-19T20:00:00Z,2026-07-19T20:30:00Z,4,19,very low
2026-07-19T20:00:00Z,2026-07-19T20:30:00Z,5,82,low
2026-07-19T20:00:00Z,2026-07-19T20:30:00Z,6,62,low
2026-07-19T20:00:00Z,2026-07-19T20:30:00Z,7,363,very high
2026-07-19T20:00:00Z,2026-07-19T20:30:00Z,8,90,moderate
2026-07-19T20:00:00Z,2026-07-19T20:30:00Z,9,144,moderate
2026-07-19T20:00:00Z,2026-07-19T20:30:00Z,10,165,moderate
2026-07-19T20:00:00Z,2026-07-19T20:30:00Z,11,351,very high
2026-07-19T20:00:00Z,2026-07-19T20:30:00Z,12,133,moderate
2026-07-19T20:00:00Z,2026-07-19T20:30:00Z,13,144,moderate
2026-07-19T20:00:00Z,2026-07-19T20:30:00Z,14,137,moderate
2026-07-19T20:00:00Z,2026-07-19T20:30:00Z,15,126,moderate
2026-07-19T20:00:00Z,2026-07-19T20:30:00Z,16,3,very low
2026-07-19T20:00:00Z,2026-07-19T20:30:00Z,17,227,high
2026-07-19T20:00:00Z,2026-07-19T20:30:00Z,18,124,moderate
2026-07-19T20:30:00Z,2026-07-19T21:00:00Z,1,0,very low
2026-07-19T20:30:00Z,2026-07-19T21:00:00Z,2,3,very low
2026-07-19T20:30:00Z,2026-07-19T21:00:00Z,3,35,low
2026-07-19T20:30:00Z,2026-07-19T21:00:00Z,4,18,very low
2026-07-19T20:30:00Z,2026-07-19T21:00:00Z,5,83,low
2026-07-19T20:30:00Z,2026-07-19T21:00:00Z,6,69,low
2026-07-19T20:30:00Z,2026-07-19T21:00:00Z,7,365,very high
2026-07-19T20:30:00Z,2026-07-19T21:00:00Z,8,98,moderate
2026-07-19T20:30:00Z,2026-07-19T21:00:00Z,9,148,moderate
2026-07-19T20:30:00Z,2026-07-19T21:00:00Z,10,149,moderate
2026-07-19T20:30:00Z,2026-07-19T21:00:00Z,11,355,very high
2026-07-19T20:30:00Z,2026-07-19T21:00:00Z,12,136,moderate
2026-07-19T20:30:00Z,2026-07-19T21:00:00Z,13,138,moderate
2026-07-19T20:30:00Z,2026-07-19T21:00:00Z,14,136,moderate
2026-07-19T20:30:00Z,2026-07-19T21:00:00Z,15,123,moderate
2026-07-19T20:30:00Z,2026-07-19T21:00:00Z,16,3,very low
2026-07-19T20:30:00Z,2026-07-19T21:00:00Z,17,235,very high
2026-07-19T20:30:00Z,2026-07-19T21:00:00Z,18,122,moderate
2026-07-19T21:00:00Z,2026-07-19T21:30:00Z,1,0,very low
2026-07-19T21:00:00Z,2026-07-19T21:30:00Z,2,3,very low
2026-07-19T21:00:00Z,2026-07-19T21:30:00Z,3,32,low
2026-07-19T21:00:00Z,2026-07-19T21:30:00Z,4,18,very low
2026-07-19T21:00:00Z,2026-07-19T21:30:00Z,5,83,low
2026-07-19T21:00:00Z,2026-07-19T21:30:00Z,6,66,low
2026-07-19T21:00:00Z,2026-07-19T21:30:00Z,7,362,very high
2026-07-19T21:00:00Z,2026-07-19T21:30:00Z,8,93,moderate
2026-07-19T21:00:00Z,2026-07-19T21:30:00Z,9,148,moderate
2026-07-19T21:00:00Z,2026-07-19T21:30:00Z,10,146,moderate
2026-07-19T21:00:00Z,2026-07-19T21:30:00Z,11,358,very high
2026-07-19T21:00:00Z,2026-07-19T21:30:00Z,12,139,moderate
2026-07-19T21:00:00Z,2026-07-19T21:30:00Z,13,137,moderate
2026-07-19T21:00:00Z,2026-07-19T21:30:00Z,14,135,moderate
2026-07-19T21:00:00Z,2026-07-19T21:30:00Z,15,126,moderate
2026-07-19T21:00:00Z,2026-07-19T21:30:00Z,16,3,very low
2026-07-19T21:00:00Z,2026-07-19T21:30:00Z,17,235,very high
2026-07-19T21:00:00Z,2026-07-19T21:30:00Z,18,123,moderate
2026-07-19T21:30:00Z,2026-07-19T22:00:00Z,1,0,very low
2026-07-19T21:30:00Z,2026-07-19T22:00:00Z,2,3,very low
2026-07-19T21:30:00Z,2026-07-19T22:00:00Z,3,32,low
2026-07-19T21:30:00Z,2026-07-19T22:00:00Z,4,18,very low
2026-07-19T21:30:00Z,2026-07-19T22:00:00Z,5,82,low
2026-07-19T21:30:00Z,2026-07-19T22:00:00Z,6,60,low
2026-07-19T21:30:00Z,2026-07-19T22:00:00Z,7,360,very high
2026-07-19T21:30:00Z,2026-07-19T22:00:00Z,8,85,low
2026-07-19T21:30:00Z,2026-07-19T22:00:00Z,9,151,moderate
2026-07-19T21:30:00Z,2026-07-19T22:00:00Z,10,158,moderate
2026-07-19T21:30:00Z,2026-07-19T22:00:00Z,11,352,very high
2026-07-19T21:30:00Z,2026-07-19T22:00:00Z,12,130,moderate
2026-07-19T21:30:00Z,2026-07-19T22:00:00Z,13,137,moderate
2026-07-19T21:30:00Z,2026-07-19T22:00:00Z,14,127,moderate
2026-07-19T21:30:00Z,2026-07-19T22:00:00Z,15,119,moderate
2026-07-19T21:30:00Z,2026-07-19T22:00:00Z,16,1,very low
2026-07-19T21:30:00Z,2026-07-19T22:00:00Z,17,223,high
2026-07-19T21:30:00Z,2026-07-19T22:00:00Z,18,118,moderate
2026-07-19T22:00:00Z,2026-07-19T22:30:00Z,1,0,very low
2026-07-19T22:00:00Z,2026-07-19T22:30:00Z,2,3,very low
2026-07-19T22:00:00Z,2026-07-19T22:30:00Z,3,22,very low
2026-07-19T22:00:00Z,2026-07-19T22:30:00Z,4,19,very low
2026-07-19T22:00:00Z,2026-07-19T22:30:00Z,5,74,low
2026-07-19T22:00:00Z,2026-07-19T22:30:00Z,6,49,low
2026-07-19T22:00:00Z,2026-07-19T22:30:00Z,7,348,very high
2026-07-19T22:00:00Z,2026-07-19T22:30:00Z,8,65,low
2026-07-19T22:00:00Z,2026-07-19T22:30:00Z,9,141,moderate
2026-07-19T22:00:00Z,2026-07-19T22:30:00Z,10,118,moderate
2026-07-19T22:00:00Z,2026-07-19T22:30:00Z,11,347,very high
2026-07-19T22:00:00Z,2026-07-19T22:30:00Z,12,117,moderate
2026-07-19T22:00:00Z,2026-07-19T22:30:00Z,13,122,moderate
2026-07-19T22:00:00Z,2026-07-19T22:30:00Z,14,124,moderate
2026-07-19T22:00:00Z,2026-07-19T22:30:00Z,15,111,moderate
2026-07-19T22:00:00Z,2026-07-19T22:30:00Z,16,2,very low
2026-07-19T22:00:00Z,2026-07-19T22:30:00Z,17,193,high
2026-07-19T22:00:00Z,2026-07-19T22:30:00Z,18,107,moderate
2026-07-19T22:30:00Z,2026-07-19T23:00:00Z,1,0,very low
2026-07-19T22:30:00Z,2026-07-19T23:00:00Z,2,3,very low
2026-07-19T22:30:00Z,2026-07-19T23:00:00Z,3,21,very low
2026-07-19T22:30:00Z,2026-07-19T23:00:00Z,4,21,very low
2026-07-19T22:30:00Z,2026-07-19T23:00:00Z,5,78,low
2026-07-19T22:30:00Z,2026-07-19T23:00:00Z,6,54,low
2026-07-19T22:30:00Z,2026-07-19T23:00:00Z,7,348,very high
2026-07-19T22:30:00Z,2026-07-19T23:00:00Z,8,61,low
2026-07-19T22:30:00Z,2026-07-19T23:00:00Z,9,139,moderate
2026-07-19T22:30:00Z,2026-07-19T23:00:00Z,10,144,moderate
2026-07-19T22:30:00Z,2026-07-19T23:00:00Z,11,343,very high
2026-07-19T22:30:00Z,2026-07-19T23:00:00Z,12,113,moderate
2026-07-19T22:30:00Z,2026-07-19T23:00:00Z,13,126,moderate
2026-07-19T22:30:00Z,2026-07-19T23:00:00Z,14,119,moderate
2026-07-19T22:30:00Z,2026-07-19T23:00:00Z,15,108,moderate
2026-07-19T22:30:00Z,2026-07-19T23:00:00Z,16,1,very low
2026-07-19T22:30:00Z,2026-07-19T23:00:00Z,17,204,high
2026-07-19T22:30:00Z,2026-07-19T23:00:00Z,18,107,moderate
2026-07-19T23:00:00Z,2026-07-19T23:30:00Z,1,0,very low
2026-07-19T23:00:00Z,2026-07-19T23:30:00Z,2,3,very low
2026-07-19T23:00:00Z,2026-07-19T23:30:00Z,3,21,very low
2026-07-19T23:00:00Z,2026-07-19T23:30:00Z,4,20,very low
2026-07-19T23:00:00Z,2026-07-19T23:30:00Z,5,74,low
2026-07-19T23:00:00Z,2026-07-19T23:30:00Z,6,52,low
2026-07-19T23:00:00Z,2026-07-19T23:30:00Z,7,343,very high
2026-07-19T23:00:00Z,2026-07-19T23:30:00Z,8,57,low
2026-07-19T23:00:00Z,2026-07-19T23:30:00Z,9,130,moderate
2026-07-19T23:00:00Z,2026-07-19T23:30:00Z,10,134,moderate
2026-07-19T23:00:00Z,2026-07-19T23:30:00Z,11,349,very high
2026-07-19T23:00:00Z,2026-07-19T23:30:00Z,12,113,moderate
2026-07-19T23:00:00Z,2026-07-19T23:30:00Z,13,123,moderate
2026-07-19T23:00:00Z,2026-07-19T23:30:00Z,14,119,moderate
2026-07-19T23:00:00Z,2026-07-19T23:30:00Z,15,108,moderate
2026-07-19T23:00:00Z,2026-07-19T23:30:00Z,16,2,very low
2026-07-19T23:00:00Z,2026-07-19T23:30:00Z,17,199,high
2026-07-19T23:00:00Z,2026-07-19T23:30:00Z,18,105,moderate
2026-07-19T23:30:00Z,2026-07-20T00:00:00Z,1,0,very low
2026-07-19T23:30:00Z,2026-07-20T00:00:00Z,2,2,very low
2026-07-19T23:30:00Z,2026-07-20T00:00:00Z,3,22,very low
2026-07-19T23:30:00Z,2026-07-20T00:00:00Z,4,16,very low
2026-07-19T23:30:00Z,2026-07-20T00:00:00Z,5,81,low
2026-07-19T23:30:00Z,2026-07-20T00:00:00Z,6,44,low
2026-07-19T23:30:00Z,2026-07-20T00:00:00Z,7,329,very high
2026-07-19T23:30:00Z,2026-07-20T00:00:00Z,8,49,low
2026-07-19T23:30:00Z,2026-07-20T00:00:00Z,9,117,moderate
2026-07-19T23:30:00Z,2026-07-20T00:00:00Z,10,93,moderate
2026-07-19T23:30:00Z,2026-07-20T00:00:00Z,11,361,very high
2026-07-19T23:30:00Z,2026-07-20T00:00:00Z,12,118,moderate
2026-07-19T23:30:00Z,2026-07-20T00:00:00Z,13,118,moderate
2026-07-19T23:30:00Z,2026-07-20T00:00:00Z,14,125,moderate
2026-07-19T23:30:00Z,2026-07-20T00:00:00Z,15,101,moderate
2026-07-19T23:30:00Z,2026-07-20T00:00:00Z,16,2,very low
2026-07-19T23:30:00Z,2026-07-20T00:00:00Z,17,189,high
2026-07-19T23:30:00Z,2026-07-20T00:00:00Z,18,98,moderate
2026-07-20T00:00:00Z,2026-07-20T00:30:00Z,1,0,very low
2026-07-20T00:00:00Z,2026-07-20T00:30:00Z,2,2,very low
2026-07-20T00:00:00Z,2026-07-20T00:30:00Z,3,19,very low
2026-07-20T00:00:00Z,2026-07-20T00:30:00Z,4,19,very low
2026-07-20T00:00:00Z,2026-07-20T00:30:00Z,5,78,low
2026-07-20T00:00:00Z,2026-07-20T00:30:00Z,6,46,low
2026-07-20T00:00:00Z,2026-07-20T00:30:00Z,7,318,very high
2026-07-20T00:00:00Z,2026-07-20T00:30:00Z,8,42,low
2026-07-20T00:00:00Z,2026-07-20T00:30:00Z,9,126,moderate
2026-07-20T00:00:00Z,2026-07-20T00:30:00Z,10,121,moderate
2026-07-20T00:00:00Z,2026-07-20T00:30:00Z,11,329,very high
2026-07-20T00:00:00Z,2026-07-20T00:30:00Z,12,101,moderate
2026-07-20T00:00:00Z,2026-07-20T00:30:00Z,13,112,moderate
2026-07-20T00:00:00Z,2026-07-20T00:30:00Z,14,110,moderate
2026-07-20T00:00:00Z,2026-07-20T00:30:00Z,15,92,moderate
2026-07-20T00:00:00Z,2026-07-20T00:30:00Z,16,2,very low
2026-07-20T00:00:00Z,2026-07-20T00:30:00Z,17,132,moderate
2026-07-20T00:00:00Z,2026-07-20T00:30:00Z,18,92,moderate
2026-07-20T00:30:00Z,2026-07-20T01:00:00Z,1,0,very low
2026-07-20T00:30:00Z,2026-07-20T01:00:00Z,2,2,very low
2026-07-20T00:30:00Z,2026-07-20T01:00:00Z,3,13,very low
2026-07-20T00:30:00Z,2026-07-20T01:00:00Z,4,15,very low
2026-07-20T00:30:00Z,2026-07-20T01:00:00Z,5,74,low
2026-07-20T00:30:00Z,2026-07-20T01:00:00Z,6,38,low
2026-07-20T00:30:00Z,2026-07-20T01:00:00Z,7,357,very high
2026-07-20T00:30:00Z,2026-07-20T01:00:00Z,8,53,low
2026-07-20T00:30:00Z,2026-07-20T01:00:00Z,9,108,moderate
2026-07-20T00:30:00Z,2026-07-20T01:00:00Z,10,210,high
2026-07-20T00:30:00Z,2026-07-20T01:00:00Z,11,363,very high
2026-07-20T00:30:00Z,2026-07-20T01:00:00Z,12,118,moderate
2026-07-20T00:30:00Z,2026-07-20T01:00:00Z,13,123,moderate
2026-07-20T00:30:00Z,2026-07-20T01:00:00Z,14,117,moderate
2026-07-20T00:30:00Z,2026-07-20T01:00:00Z,15,110,moderate
2026-07-20T00:30:00Z,2026-07-20T01:00:00Z,16,1,very low
2026-07-20T00:30:00Z,2026-07-20T01:00:00Z,17,143,moderate
2026-07-20T00:30:00Z,2026-07-20T01:00:00Z,18,107,moderate
2026-07-20T01:00:00Z,2026-07-20T01:30:00Z,1,0,very low
2026-07-20T01:00:00Z,2026-07-20T01:30:00Z,2,1,very low
2026-07-20T01:00:00Z,2026-07-20T01:30:00Z,3,13,very low
2026-07-20T01:00:00Z,2026-07-20T01:30:00Z,4,14,very low
2026-07-20T01:00:00Z,2026-07-20T01:30:00Z,5,70,low
2026-07-20T01:00:00Z,2026-07-20T01:30:00Z,6,34,low
2026-07-20T01:00:00Z,2026-07-20T01:30:00Z,7,351,very high
2026-07-20T01:00:00Z,2026-07-20T01:30:00Z,8,36,low
2026-07-20T01:00:00Z,2026-07-20T01:30:00Z,9,114,moderate
2026-07-20T01:00:00Z,2026-07-20T01:30:00Z,10,214,high
2026-07-20T01:00:00Z,2026-07-20T01:30:00Z,11,366,very high
2026-07-20T01:00:00Z,2026-07-20T01:30:00Z,12,118,moderate
2026-07-20T01:00:00Z,2026-07-20T01:30:00Z,13,116,moderate
2026-07-20T01:00:00Z,2026-07-20T01:30:00Z,14,109,moderate
2026-07-20T01:00:00Z,2026-07-20T01:30:00Z,15,107,moderate
2026-07-20T01:00:00Z,2026-07-20T01:30:00Z,16,1,very low
2026-07-20T01:00:00Z,2026-07-20T01:30:00Z,17,132,moderate
2026-07-20T01:00:00Z,2026-07-20T01:30:00Z,18,103,moderate
2026-07-20T01:30:00Z,2026-07-20T02:00:00Z,1,0,very low
2026-07-20T01:30:00Z,2026-07-20T02:00:00Z,2,2,very low
2026-07-20T01:30:00Z,2026-07-20T02:00:00Z,3,14,very low
2026-07-20T01:30:00Z,2026-07-20T02:00:00Z,4,16,very low
2026-07-20T01:30:00Z,2026-07-20T02:00:00Z,5,74,low
2026-07-20T01:30:00Z,2026-07-20T02:00:00Z,6,45,low
2026-07-20T01:30:00Z,2026-07-20T02:00:00Z,7,368,very high
2026-07-20T01:30:00Z,2026-07-20T02:00:00Z,8,40,low
2026-07-20T01:30:00Z,2026-07-20T02:00:00Z,9,100,moderate
2026-07-20T01:30:00Z,2026-07-20T02:00:00Z,10,207,high
2026-07-20T01:30:00Z,2026-07-20T02:00:00Z,11,371,very high
2026-07-20T01:30:00Z,2026-07-20T02:00:00Z,12,121,moderate
2026-07-20T01:30:00Z,2026-07-20T02:00:00Z,13,108,moderate
2026-07-20T01:30:00Z,2026-07-20T02:00:00Z,14,106,moderate
2026-07-20T01:30:00Z,2026-07-20T02:00:00Z,15,106,moderate
2026-07-20T01:30:00Z,2026-07-20T02:00:00Z,16,1,very low
2026-07-20T01:30:00Z,2026-07-20T02:00:00Z,17,128,moderate
2026-07-20T01:30:00Z,2026-07-20T02:00:00Z,18,102,moderate
2026-07-20T02:00:00Z,2026-07-20T02:30:00Z,1,0,very low
2026-07-20T02:00:00Z,2026-07-20T02:30:00Z,2,2,very low
2026-07-20T02:00:00Z,2026-07-20T02:30:00Z,3,20,very low
2026-07-20T02:00:00Z,2026-07-20T02:30:00Z,4,15,very low
2026-07-20T02:00:00Z,2026-07-20T02:30:00Z,5,72,low
2026-07-20T02:00:00Z,2026-07-20T02:30:00Z,6,41,low
2026-07-20T02:00:00Z,2026-07-20T02:30:00Z,7,258,very high
2026-07-20T02:00:00Z,2026-07-20T02:30:00Z,8,41,low
2026-07-20T02:00:00Z,2026-07-20T02:30:00Z,9,121,moderate
2026-07-20T02:00:00Z,2026-07-20T02:30:00Z,10,199,high
2026-07-20T02:00:00Z,2026-07-20T02:30:00Z,11,337,very high
2026-07-20T02:00:00Z,2026-07-20T02:30:00Z,12,104,moderate
2026-07-20T02:00:00Z,2026-07-20T02:30:00Z,13,123,moderate
2026-07-20T02:00:00Z,2026-07-20T02:30:00Z,14,102,moderate
2026-07-20T02:00:00Z,2026-07-20T02:30:00Z,15,98,moderate
2026-07-20T02:00:00Z,2026-07-20T02:30:00Z,16,1,very low
2026-07-20T02:00:00Z,2026-07-20T02:30:00Z,17,100,moderate
2026-07-20T02:00:00Z,2026-07-20T02:30:00Z,18,96,moderate
2026-07-20T02:30:00Z,2026-07-20T03:00:00Z,1,0,very low
2026-07-20T02:30:00Z,2026-07-20T03:00:00Z,2,2,very low
2026-07-20T02:30:00Z,2026-07-20T03:00:00Z,3,14,very low
2026-07-20T02:30:00Z,2026-07-20T03:00:00Z,4,16,very low
2026-07-20T02:30:00Z,2026-07-20T03:00:00Z,5,75,low
2026-07-20T02:30:00Z,2026-07-20T03:00:00Z,6,48,low
2026-07-20T02:30:00Z,2026-07-20T03:00:00Z,7,373,very high
2026-07-20T02:30:00Z,2026-07-20T03:00:00Z,8,45,low
2026-07-20T02:30:00Z,2026-07-20T03:00:00Z,9,101,moderate
2026-07-20T02:30:00Z,2026-07-20T03:00:00Z,10,167,moderate
2026-07-20T02:30:00Z,2026-07-20T03:00:00Z,11,377,very high
2026-07-20T02:30:00Z,2026-07-20T03:00:00Z,12,136,moderate
2026-07-20T02:30:00Z,2026-07-20T03:00:00Z,13,139,moderate
2026-07-20T02:30:00Z,2026-07-20T03:00:00Z,14,130,moderate
2026-07-20T02:30:00Z,2026-07-20T03:00:00Z,15,106,moderate
2026-07-20T02:30:00Z,2026-07-20T03:00:00Z,16,1,very low
2026-07-20T02:30:00Z,2026-07-20T03:00:00Z,17,138,moderate
2026-07-20T02:30:00Z,2026-07-20T03:00:00Z,18,102,moderate
2026-07-20T03:00:00Z,2026-07-20T03:30:00Z,1,0,very low
2026-07-20T03:00:00Z,2026-07-20T03:30:00Z,2,2,very low
2026-07-20T03:00:00Z,2026-07-20T03:30:00Z,3,25,low
2026-07-20T03:00:00Z,2026-07-20T03:30:00Z,4,18,very low
2026-07-20T03:00:00Z,2026-07-20T03:30:00Z,5,72,low
2026-07-20T03:00:00Z,2026-07-20T03:30:00Z,6,52,low
2026-07-20T03:00:00Z,2026-07-20T03:30:00Z,7,184,high
2026-07-20T03:00:00Z,2026-07-20T03:30:00Z,8,48,low
2026-07-20T03:00:00Z,2026-07-20T03:30:00Z,9,132,moderate
2026-07-20T03:00:00Z,2026-07-20T03:30:00Z,10,193,high
2026-07-20T03:00:00Z,2026-07-20T03:30:00Z,11,368,very high
2026-07-20T03:00:00Z,2026-07-20T03:30:00Z,12,130,moderate
2026-07-20T03:00:00Z,2026-07-20T03:30:00Z,13,155,moderate
2026-07-20T03:00:00Z,2026-07-20T03:30:00Z,14,135,moderate
2026-07-20T03:00:00Z,2026-07-20T03:30:00Z,15,110,moderate
2026-07-20T03:00:00Z,2026-07-20T03:30:00Z,16,2,very low
2026-07-20T03:00:00Z,2026-07-20T03:30:00Z,17,95,moderate
2026-07-20T03:00:00Z,2026-07-20T03:30:00Z,18,105,moderate
2026-07-20T03:30:00Z,2026-07-20T04:00:00Z,1,0,very low
2026-07-20T03:30:00Z,2026-07-20T04:00:00Z,2,2,very low
2026-07-20T03:30:00Z,2026-07-20T04:00:00Z,3,18,very low
2026-07-20T03:30:00Z,2026-07-20T04:00:00Z,4,19,very low
2026-07-20T03:30:00Z,2026-07-20T04:00:00Z,5,75,low
2026-07-20T03:30:00Z,2026-07-20T04:00:00Z,6,64,low
2026-07-20T03:30:00Z,2026-07-20T04:00:00Z,7,376,very high
2026-07-20T03:30:00Z,2026-07-20T04:00:00Z,8,64,low
2026-07-20T03:30:00Z,2026-07-20T04:00:00Z,9,107,moderate
2026-07-20T03:30:00Z,2026-07-20T04:00:00Z,10,108,moderate
2026-07-20T03:30:00Z,2026-07-20T04:00:00Z,11,381,very high
2026-07-20T03:30:00Z,2026-07-20T04:00:00Z,12,164,moderate
2026-07-20T03:30:00Z,2026-07-20T04:00:00Z,13,137,moderate
2026-07-20T03:30:00Z,2026-07-20T04:00:00Z,14,135,moderate
2026-07-20T03:30:00Z,2026-07-20T04:00:00Z,15,106,moderate
2026-07-20T03:30:00Z,2026-07-20T04:00:00Z,16,1,very low
2026-07-20T03:30:00Z,2026-07-20T04:00:00Z,17,174,high
2026-07-20T03:30:00Z,2026-07-20T04:00:00Z,18,105,moderate
2026-07-20T04:00:00Z,2026-07-20T04:30:00Z,1,0,very low
2026-07-20T04:00:00Z,2026-07-20T04:30:00Z,2,2,very low
2026-07-20T04:00:00Z,2026-07-20T04:30:00Z,3,23,very low
2026-07-20T04:00:00Z,2026-07-20T04:30:00Z,4,20,very low
2026-07-20T04:00:00Z,2026-07-20T04:30:00Z,5,74,low
2026-07-20T04:00:00Z,2026-07-20T04:30:00Z,6,61,low
2026-07-20T04:00:00Z,2026-07-20T04:30:00Z,7,198,high
2026-07-20T04:00:00Z,2026-07-20T04:30:00Z,8,55,low
2026-07-20T04:00:00Z,2026-07-20T04:30:00Z,9,152,moderate
2026-07-20T04:00:00Z,2026-07-20T04:30:00Z,10,170,high
2026-07-20T04:00:00Z,2026-07-20T04:30:00Z,11,366,very high
2026-07-20T04:00:00Z,2026-07-20T04:30:00Z,12,162,moderate
2026-07-20T04:00:00Z,2026-07-20T04:30:00Z,13,154,moderate
2026-07-20T04:00:00Z,2026-07-20T04:30:00Z,14,141,moderate
2026-07-20T04:00:00Z,2026-07-20T04:30:00Z,15,113,moderate
2026-07-20T04:00:00Z,2026-07-20T04:30:00Z,16,2,very low
2026-07-20T04:00:00Z,2026-07-20T04:30:00Z,17,117,moderate
2026-07-20T04:00:00Z,2026-07-20T04:30:00Z,18,110,moderate
2026-07-20T04:30:00Z,2026-07-20T05:00:00Z,1,0,very low
2026-07-20T04:30:00Z,2026-07-20T05:00:00Z,2,1,very low
2026-07-20T04:30:00Z,2026-07-20T05:00:00Z,3,27,low
2026-07-20T04:30:00Z,2026-07-20T05:00:00Z,4,17,very low
2026-07-20T04:30:00Z,2026-07-20T05:00:00Z,5,92,moderate
2026-07-20T04:30:00Z,2026-07-20T05:00:00Z,6,62,low
2026-07-20T04:30:00Z,2026-07-20T05:00:00Z,7,377,very high
2026-07-20T04:30:00Z,2026-07-20T05:00:00Z,8,74,low
2026-07-20T04:30:00Z,2026-07-20T05:00:00Z,9,142,moderate
2026-07-20T04:30:00Z,2026-07-20T05:00:00Z,10,179,high
2026-07-20T04:30:00Z,2026-07-20T05:00:00Z,11,366,very high
2026-07-20T04:30:00Z,2026-07-20T05:00:00Z,12,170,high
2026-07-20T04:30:00Z,2026-07-20T05:00:00Z,13,139,moderate
2026-07-20T04:30:00Z,2026-07-20T05:00:00Z,14,127,moderate
2026-07-20T04:30:00Z,2026-07-20T05:00:00Z,15,123,moderate
2026-07-20T04:30:00Z,2026-07-20T05:00:00Z,16,1,very low
2026-07-20T04:30:00Z,2026-07-20T05:00:00Z,17,207,high
2026-07-20T04:30:00Z,2026-07-20T05:00:00Z,18,122,moderate
2026-07-20T05:00:00Z,2026-07-20T05:30:00Z,1,0,very low
2026-07-20T05:00:00Z,2026-07-20T05:30:00Z,2,1,very low
2026-07-20T05:00:00Z,2026-07-20T05:30:00Z,3,26,low
2026-07-20T05:00:00Z,2026-07-20T05:30:00Z,4,19,very low
2026-07-20T05:00:00Z,2026-07-20T05:30:00Z,5,78,low
2026-07-20T05:00:00Z,2026-07-20T05:30:00Z,6,58,low
2026-07-20T05:00:00Z,2026-07-20T05:30:00Z,7,300,very high
2026-07-20T05:00:00Z,2026-07-20T05:30:00Z,8,61,low
2026-07-20T05:00:00Z,2026-07-20T05:30:00Z,9,169,moderate
2026-07-20T05:00:00Z,2026-07-20T05:30:00Z,10,214,high
2026-07-20T05:00:00Z,2026-07-20T05:30:00Z,11,332,very high
2026-07-20T05:00:00Z,2026-07-20T05:30:00Z,12,145,moderate
2026-07-20T05:00:00Z,2026-07-20T05:30:00Z,13,154,moderate
2026-07-20T05:00:00Z,2026-07-20T05:30:00Z,14,131,moderate
2026-07-20T05:00:00Z,2026-07-20T05:30:00Z,15,125,moderate
2026-07-20T05:00:00Z,2026-07-20T05:30:00Z,16,2,very low
2026-07-20T05:00:00Z,2026-07-20T05:30:00Z,17,172,high
2026-07-20T05:00:00Z,2026-07-20T05:30:00Z,18,123,moderate
2026-07-20T05:30:00Z,2026-07-20T06:00:00Z,1,0,very low
2026-07-20T05:30:00Z,2026-07-20T06:00:00Z,2,1,very low
2026-07-20T05:30:00Z,2026-07-20T06:00:00Z,3,31,low
2026-07-20T05:30:00Z,2026-07-20T06:00:00Z,4,17,very low
2026-07-20T05:30:00Z,2026-07-20T06:00:00Z,5,85,low
2026-07-20T05:30:00Z,2026-07-20T06:00:00Z,6,55,low
2026-07-20T05:30:00Z,2026-07-20T06:00:00Z,7,346,very high
2026-07-20T05:30:00Z,2026-07-20T06:00:00Z,8,77,low
2026-07-20T05:30:00Z,2026-07-20T06:00:00Z,9,177,high
2026-07-20T05:30:00Z,2026-07-20T06:00:00Z,10,207,high
2026-07-20T05:30:00Z,2026-07-20T06:00:00Z,11,257,very high
2026-07-20T05:30:00Z,2026-07-20T06:00:00Z,12,134,moderate
2026-07-20T05:30:00Z,2026-07-20T06:00:00Z,13,143,moderate
2026-07-20T05:30:00Z,2026-07-20T06:00:00Z,14,137,moderate
2026-07-20T05:30:00Z,2026-07-20T06:00:00Z,15,129,moderate
2026-07-20T05:30:00Z,2026-07-20T06:00:00Z,16,1,very low
2026-07-20T05:30:00Z,2026-07-20T06:00:00Z,17,225,high
2026-07-20T05:30:00Z,2026-07-20T06:00:00Z,18,130,moderate
2026-07-20T06:00:00Z,2026-07-20T06:30:00Z,1,0,very low
2026-07-20T06:00:00Z,2026-07-20T06:30:00Z,2,3,very low
2026-07-20T06:00:00Z,2026-07-20T06:30:00Z,3,33,low
2026-07-20T06:00:00Z,2026-07-20T06:30:00Z,4,19,very low
2026-07-20T06:00:00Z,2026-07-20T06:30:00Z,5,86,low
2026-07-20T06:00:00Z,2026-07-20T06:30:00Z,6,45,low
2026-07-20T06:00:00Z,2026-07-20T06:30:00Z,7,337,very high
2026-07-20T06:00:00Z,2026-07-20T06:30:00Z,8,79,low
2026-07-20T06:00:00Z,2026-07-20T06:30:00Z,9,168,moderate
2026-07-20T06:00:00Z,2026-07-20T06:30:00Z,10,209,high
2026-07-20T06:00:00Z,2026-07-20T06:30:00Z,11,198,high
2026-07-20T06:00:00Z,2026-07-20T06:30:00Z,12,125,moderate
2026-07-20T06:00:00Z,2026-07-20T06:30:00Z,13,152,moderate
2026-07-20T06:00:00Z,2026-07-20T06:30:00Z,14,140,moderate
2026-07-20T06:00:00Z,2026-07-20T06:30:00Z,15,130,moderate
2026-07-20T06:00:00Z,2026-07-20T06:30:00Z,16,2,very low
2026-07-20T06:00:00Z,2026-07-20T06:30:00Z,17,192,high
2026-07-20T06:00:00Z,2026-07-20T06:30:00Z,18,129,moderate
2026-07-20T06:30:00Z,2026-07-20T07:00:00Z,1,0,very low
2026-07-20T06:30:00Z,2026-07-20T07:00:00Z,2,1,very low
2026-07-20T06:30:00Z,2026-07-20T07:00:00Z,3,28,low
2026-07-20T06:30:00Z,2026-07-20T07:00:00Z,4,20,very low
2026-07-20T06:30:00Z,2026-07-20T07:00:00Z,5,91,moderate
2026-07-20T06:30:00Z,2026-07-20T07:00:00Z,6,63,low
2026-07-20T06:30:00Z,2026-07-20T07:00:00Z,7,320,very high
2026-07-20T06:30:00Z,2026-07-20T07:00:00Z,8,86,low
2026-07-20T06:30:00Z,2026-07-20T07:00:00Z,9,178,high
2026-07-20T06:30:00Z,2026-07-20T07:00:00Z,10,200,high
2026-07-20T06:30:00Z,2026-07-20T07:00:00Z,11,157,moderate
2026-07-20T06:30:00Z,2026-07-20T07:00:00Z,12,116,moderate
2026-07-20T06:30:00Z,2026-07-20T07:00:00Z,13,146,moderate
2026-07-20T06:30:00Z,2026-07-20T07:00:00Z,14,134,moderate
2026-07-20T06:30:00Z,2026-07-20T07:00:00Z,15,127,moderate
2026-07-20T06:30:00Z,2026-07-20T07:00:00Z,16,1,very low
2026-07-20T06:30:00Z,2026-07-20T07:00:00Z,17,190,high
2026-07-20T06:30:00Z,2026-07-20T07:00:00Z,18,126,moderate
2026-07-20T07:00:00Z,2026-07-20T07:30:00Z,1,0,very low
2026-07-20T07:00:00Z,2026-07-20T07:30:00Z,2,1,very low
2026-07-20T07:00:00Z,2026-07-20T07:30:00Z,3,29,low
2026-07-20T07:00:00Z,2026-07-20T07:30:00Z,4,22,very low
2026-07-20T07:00:00Z,2026-07-20T07:30:00Z,5,94,moderate
2026-07-20T07:00:00Z,2026-07-20T07:30:00Z,6,58,low
2026-07-20T07:00:00Z,2026-07-20T07:30:00Z,7,306,very high
2026-07-20T07:00:00Z,2026-07-20T07:30:00Z,8,76,low
2026-07-20T07:00:00Z,2026-07-20T07:30:00Z,9,168,moderate
2026-07-20T07:00:00Z,2026-07-20T07:30:00Z,10,190,high
2026-07-20T07:00:00Z,2026-07-20T07:30:00Z,11,131,moderate
2026-07-20T07:00:00Z,2026-07-20T07:30:00Z,12,103,moderate
2026-07-20T07:00:00Z,2026-07-20T07:30:00Z,13,139,moderate
2026-07-20T07:00:00Z,2026-07-20T07:30:00Z,14,131,moderate
2026-07-20T07:00:00Z,2026-07-20T07:30:00Z,15,119,moderate
2026-07-20T07:00:00Z,2026-07-20T07:30:00Z,16,0,very low
2026-07-20T07:00:00Z,2026-07-20T07:30:00Z,17,197,high
2026-07-20T07:00:00Z,2026-07-20T07:30:00Z,18,120,moderate
2026-07-20T07:30:00Z,2026-07-20T08:00:00Z,1,0,very low
2026-07-20T07:30:00Z,2026-07-20T08:00:00Z,2,0,very low
2026-07-20T07:30:00Z,2026-07-20T08:00:00Z,3,26,low
2026-07-20T07:30:00Z,2026-07-20T08:00:00Z,4,22,very low
2026-07-20T07:30:00Z,2026-07-20T08:00:00Z,5,94,moderate
2026-07-20T07:30:00Z,2026-07-20T08:00:00Z,6,50,low
2026-07-20T07:30:00Z,2026-07-20T08:00:00Z,7,291,very high
2026-07-20T07:30:00Z,2026-07-20T08:00:00Z,8,70,low
2026-07-20T07:30:00Z,2026-07-20T08:00:00Z,9,156,moderate
2026-07-20T07:30:00Z,2026-07-20T08:00:00Z,10,180,high
2026-07-20T07:30:00Z,2026-07-20T08:00:00Z,11,112,moderate
2026-07-20T07:30:00Z,2026-07-20T08:00:00Z,12,89,low
2026-07-20T07:30:00Z,2026-07-20T08:00:00Z,13,138,moderate
2026-07-20T07:30:00Z,2026-07-20T08:00:00Z,14,133,moderate
2026-07-20T07:30:00Z,2026-07-20T08:00:00Z,15,111,moderate
2026-07-20T07:30:00Z,2026-07-20T08:00:00Z,16,1,very low
2026-07-20T07:30:00Z,2026-07-20T08:00:00Z,17,185,high
2026-07-20T07:30:00Z,2026-07-20T08:00:00Z,18,112,moderate
2026-07-20T08:00:00Z,2026-07-20T08:30:00Z,1,0,very low
2026-07-20T08:00:00Z,2026-07-20T08:30:00Z,2,0,very low
2026-07-20T08:00:00Z,2026-07-20T08:30:00Z,3,36,low
2026-07-20T08:00:00Z,2026-07-20T08:30:00Z,4,19,very low
2026-07-20T08:00:00Z,2026-07-20T08:30:00Z,5,97,moderate
2026-07-20T08:00:00Z,2026-07-20T08:30:00Z,6,25,low
2026-07-20T08:00:00Z,2026-07-20T08:30:00Z,7,272,very high
2026-07-20T08:00:00Z,2026-07-20T08:30:00Z,8,65,low
2026-07-20T08:00:00Z,2026-07-20T08:30:00Z,9,135,moderate
2026-07-20T08:00:00Z,2026-07-20T08:30:00Z,10,181,high
2026-07-20T08:00:00Z,2026-07-20T08:30:00Z,11,94,moderate
2026-07-20T08:00:00Z,2026-07-20T08:30:00Z,12,78,low
2026-07-20T08:00:00Z,2026-07-20T08:30:00Z,13,127,moderate
2026-07-20T08:00:00Z,2026-07-20T08:30:00Z,14,120,moderate
2026-07-20T08:00:00Z,2026-07-20T08:30:00Z,15,104,moderate
2026-07-20T08:00:00Z,2026-07-20T08:30:00Z,16,3,very low
2026-07-20T08:00:00Z,2026-07-20T08:30:00Z,17,181,high
2026-07-20T08:00:00Z,2026-07-20T08:30:00Z,18,105,moderate
2026-07-20T08:30:00Z,2026-07-20T09:00:00Z,1,0,very low
2026-07-20T08:30:00Z,2026-07-20T09:00:00Z,2,0,very low
2026-07-20T08:30:00Z,2026-07-20T09:00:00Z,3,27,low
2026-07-20T08:30:00Z,2026-07-20T09:00:00Z,4,22,very low
2026-07-20T08:30:00Z,2026-07-20T09:00:00Z,5,90,moderate
2026-07-20T08:30:00Z,2026-07-20T09:00:00Z,6,36,low
2026-07-20T08:30:00Z,2026-07-20T09:00:00Z,7,262,very high
2026-07-20T08:30:00Z,2026-07-20T09:00:00Z,8,59,low
2026-07-20T08:30:00Z,2026-07-20T09:00:00Z,9,127,moderate
2026-07-20T08:30:00Z,2026-07-20T09:00:00Z,10,167,moderate
2026-07-20T08:30:00Z,2026-07-20T09:00:00Z,11,84,low
2026-07-20T08:30:00Z,2026-07-20T09:00:00Z,12,64,low
2026-07-20T08:30:00Z,2026-07-20T09:00:00Z,13,108,moderate
2026-07-20T08:30:00Z,2026-07-20T09:00:00Z,14,102,moderate
2026-07-20T08:30:00Z,2026-07-20T09:00:00Z,15,96,moderate
2026-07-20T08:30:00Z,2026-07-20T09:00:00Z,16,1,very low
2026-07-20T08:30:00Z,2026-07-20T09:00:00Z,17,153,moderate
2026-07-20T08:30:00Z,2026-07-20T09:00:00Z,18,96,moderate
2026-07-20T09:00:00Z,2026-07-20T09:30:00Z,1,0,very low
2026-07-20T09:00:00Z,2026-07-20T09:30:00Z,2,0,very low
2026-07-20T09:00:00Z,2026-07-20T09:30:00Z,3,36,low
2026-07-20T09:00:00Z,2026-07-20T09:30:00Z,4,18,very low
2026-07-20T09:00:00Z,2026-07-20T09:30:00Z,5,93,moderate
2026-07-20T09:00:00Z,2026-07-20T09:30:00Z,6,15,very low
2026-07-20T09:00:00Z,2026-07-20T09:30:00Z,7,212,high
2026-07-20T09:00:00Z,2026-07-20T09:30:00Z,8,39,low
2026-07-20T09:00:00Z,2026-07-20T09:30:00Z,9,122,moderate
2026-07-20T09:00:00Z,2026-07-20T09:30:00Z,10,167,moderate
2026-07-20T09:00:00Z,2026-07-20T09:30:00Z,11,79,low
2026-07-20T09:00:00Z,2026-07-20T09:30:00Z,12,58,low
2026-07-20T09:00:00Z,2026-07-20T09:30:00Z,13,114,moderate
2026-07-20T09:00:00Z,2026-07-20T09:30:00Z,14,110,moderate
2026-07-20T09:00:00Z,2026-07-20T09:30:00Z,15,88,low
2026-07-20T09:00:00Z,2026-07-20T09:30:00Z,16,3,very low
2026-07-20T09:00:00Z,2026-07-20T09:30:00Z,17,165,moderate
2026-07-20T09:00:00Z,2026-07-20T09:30:00Z,18,90,moderate
2026-07-20T09:30:00Z,2026-07-20T10:00:00Z,1,0,very low
2026-07-20T09:30:00Z,2026-07-20T10:00:00Z,2,0,very low
2026-07-20T09:30:00Z,2026-07-20T10:00:00Z,3,38,low
2026-07-20T09:30:00Z,2026-07-20T10:00:00Z,4,15,very low
2026-07-20T09:30:00Z,2026-07-20T10:00:00Z,5,102,moderate
2026-07-20T09:30:00Z,2026-07-20T10:00:00Z,6,24,very low
2026-07-20T09:30:00Z,2026-07-20T10:00:00Z,7,206,high
2026-07-20T09:30:00Z,2026-07-20T10:00:00Z,8,36,low
2026-07-20T09:30:00Z,2026-07-20T10:00:00Z,9,103,moderate
2026-07-20T09:30:00Z,2026-07-20T10:00:00Z,10,146,moderate
2026-07-20T09:30:00Z,2026-07-20T10:00:00Z,11,91,moderate
2026-07-20T09:30:00Z,2026-07-20T10:00:00Z,12,58,low
2026-07-20T09:30:00Z,2026-07-20T10:00:00Z,13,107,moderate
2026-07-20T09:30:00Z,2026-07-20T10:00:00Z,14,112,moderate
2026-07-20T09:30:00Z,2026-07-20T10:00:00Z,15,84,low
2026-07-20T09:30:00Z,2026-07-20T10:00:00Z,16,1,very low
2026-07-20T09:30:00Z,2026-07-20T10:00:00Z,17,144,moderate
2026-07-20T09:30:00Z,2026-07-20T10:00:00Z,18,85,low
2026-07-20T10:00:00Z,2026-07-20T10:30:00Z,1,0,very low
2026-07-20T10:00:00Z,2026-07-20T10:30:00Z,2,0,very low
2026-07-20T10:00:00Z,2026-07-20T10:30:00Z,3,39,low
2026-07-20T10:00:00Z,2026-07-20T10:30:00Z,4,14,very low
2026-07-20T10:00:00Z,2026-07-20T10:30:00Z,5,90,moderate
2026-07-20T10:00:00Z,2026-07-20T10:30:00Z,6,16,very low
2026-07-20T10:00:00Z,2026-07-20T10:30:00Z,7,104,moderate
2026-07-20T10:00:00Z,2026-07-20T10:30:00Z,8,36,low
2026-07-20T10:00:00Z,2026-07-20T10:30:00Z,9,118,moderate
2026-07-20T10:00:00Z,2026-07-20T10:30:00Z,10,151,moderate
2026-07-20T10:00:00Z,2026-07-20T10:30:00Z,11,78,low
2026-07-20T10:00:00Z,2026-07-20T10:30:00Z,12,54,low
2026-07-20T10:00:00Z,2026-07-20T10:30:00Z,13,108,moderate
2026-07-20T10:00:00Z,2026-07-20T10:30:00Z,14,111,moderate
2026-07-20T10:00:00Z,2026-07-20T10:30:00Z,15,82,low
2026-07-20T10:00:00Z,2026-07-20T10:30:00Z,16,2,very low
2026-07-20T10:00:00Z,2026-07-20T10:30:00Z,17,110,moderate
2026-07-20T10:00:00Z,2026-07-20T10:30:00Z,18,81,low
2026-07-20T10:30:00Z,2026-07-20T11:00:00Z,1,0,very low
2026-07-20T10:30:00Z,2026-07-20T11:00:00Z,2,0,very low
2026-07-20T10:30:00Z,2026-07-20T11:00:00Z,3,40,low
2026-07-20T10:30:00Z,2026-07-20T11:00:00Z,4,13,very low
2026-07-20T10:30:00Z,2026-07-20T11:00:00Z,5,110,moderate
2026-07-20T10:30:00Z,2026-07-20T11:00:00Z,6,24,very low
2026-07-20T10:30:00Z,2026-07-20T11:00:00Z,7,220,high
2026-07-20T10:30:00Z,2026-07-20T11:00:00Z,8,43,low
2026-07-20T10:30:00Z,2026-07-20T11:00:00Z,9,81,low
2026-07-20T10:30:00Z,2026-07-20T11:00:00Z,10,143,moderate
2026-07-20T10:30:00Z,2026-07-20T11:00:00Z,11,93,moderate
2026-07-20T10:30:00Z,2026-07-20T11:00:00Z,12,39,low
2026-07-20T10:30:00Z,2026-07-20T11:00:00Z,13,92,moderate
2026-07-20T10:30:00Z,2026-07-20T11:00:00Z,14,97,moderate
2026-07-20T10:30:00Z,2026-07-20T11:00:00Z,15,80,low
2026-07-20T10:30:00Z,2026-07-20T11:00:00Z,16,1,very low
2026-07-20T10:30:00Z,2026-07-20T11:00:00Z,17,131,moderate
2026-07-20T10:30:00Z,2026-07-20T11:00:00Z,18,80,low
2026-07-20T11:00:00Z,2026-07-20T11:30:00Z,1,0,very low
2026-07-20T11:00:00Z,2026-07-20T11:30:00Z,2,0,very low
2026-07-20T11:00:00Z,2026-07-20T11:30:00Z,3,39,low
2026-07-20T11:00:00Z,2026-07-20T11:30:00Z,4,12,very low
2026-07-20T11:00:00Z,2026-07-20T11:30:00Z,5,91,moderate
2026-07-20T11:00:00Z,2026-07-20T11:30:00Z,6,16,very low
2026-07-20T11:00:00Z,2026-07-20T11:30:00Z,7,85,low
2026-07-20T11:00:00Z,2026-07-20T11:30:00Z,8,37,low
2026-07-20T11:00:00Z,2026-07-20T11:30:00Z,9,130,moderate
2026-07-20T11:00:00Z,2026-07-20T11:30:00Z,10,151,moderate
2026-07-20T11:00:00Z,2026-07-20T11:30:00Z,11,79,low
2026-07-20T11:00:00Z,2026-07-20T11:30:00Z,12,50,low
2026-07-20T11:00:00Z,2026-07-20T11:30:00Z,13,102,moderate
2026-07-20T11:00:00Z,2026-07-20T11:30:00Z,14,105,moderate
2026-07-20T11:00:00Z,2026-07-20T11:30:00Z,15,82,low
2026-07-20T11:00:00Z,2026-07-20T11:30:00Z,16,2,very low
2026-07-20T11:00:00Z,2026-07-20T11:30:00Z,17,98,moderate
2026-07-20T11:00:00Z,2026-07-20T11:30:00Z,18,80,low
2026-07-20T11:30:00Z,2026-07-20T12:00:00Z,1,0,very low
2026-07-20T11:30:00Z,2026-07-20T12:00:00Z,2,0,very low
2026-07-20T11:30:00Z,2026-07-20T12:00:00Z,3,38,low
2026-07-20T11:30:00Z,2026-07-20T12:00:00Z,4,10,very low
2026-07-20T11:30:00Z,2026-07-20T12:00:00Z,5,114,moderate
2026-07-20T11:30:00Z,2026-07-20T12:00:00Z,6,20,very low
2026-07-20T11:30:00Z,2026-07-20T12:00:00Z,7,208,high
2026-07-20T11:30:00Z,2026-07-20T12:00:00Z,8,36,low
2026-07-20T11:30:00Z,2026-07-20T12:00:00Z,9,82,low
2026-07-20T11:30:00Z,2026-07-20T12:00:00Z,10,144,moderate
2026-07-20T11:30:00Z,2026-07-20T12:00:00Z,11,105,moderate
2026-07-20T11:30:00Z,2026-07-20T12:00:00Z,12,39,low
2026-07-20T11:30:00Z,2026-07-20T12:00:00Z,13,93,moderate
2026-07-20T11:30:00Z,2026-07-20T12:00:00Z,14,100,moderate
2026-07-20T11:30:00Z,2026-07-20T12:00:00Z,15,82,low
2026-07-20T11:30:00Z,2026-07-20T12:00:00Z,16,0,very low
2026-07-20T11:30:00Z,2026-07-20T12:00:00Z,17,105,moderate
2026-07-20T11:30:00Z,2026-07-20T12:00:00Z,18,80,low
2026-07-20T12:00:00Z,2026-07-20T12:30:00Z,1,0,very low
2026-07-20T12:00:00Z,2026-07-20T12:30:00Z,2,0,very low
2026-07-20T12:00:00Z,2026-07-20T12:30:00Z,3,37,low
2026-07-20T12:00:00Z,2026-07-20T12:30:00Z,4,10,very low
2026-07-20T12:00:00Z,2026-07-20T12:30:00Z,5,93,moderate
2026-07-20T12:00:00Z,2026-07-20T12:30:00Z,6,20,very low
2026-07-20T12:00:00Z,2026-07-20T12:30:00Z,7,67,low
2026-07-20T12:00:00Z,2026-07-20T12:30:00Z,8,35,low
2026-07-20T12:00:00Z,2026-07-20T12:30:00Z,9,131,moderate
2026-07-20T12:00:00Z,2026-07-20T12:30:00Z,10,154,moderate
2026-07-20T12:00:00Z,2026-07-20T12:30:00Z,11,85,low
2026-07-20T12:00:00Z,2026-07-20T12:30:00Z,12,49,low
2026-07-20T12:00:00Z,2026-07-20T12:30:00Z,13,100,moderate
2026-07-20T12:00:00Z,2026-07-20T12:30:00Z,14,99,moderate
2026-07-20T12:00:00Z,2026-07-20T12:30:00Z,15,82,low
2026-07-20T12:00:00Z,2026-07-20T12:30:00Z,16,1,very low
2026-07-20T12:00:00Z,2026-07-20T12:30:00Z,17,91,moderate
2026-07-20T12:00:00Z,2026-07-20T12:30:00Z,18,79,low
2026-07-20T12:30:00Z,2026-07-20T13:00:00Z,1,0,very low
2026-07-20T12:30:00Z,2026-07-20T13:00:00Z,2,0,very low
2026-07-20T12:30:00Z,2026-07-20T13:00:00Z,3,44,low
2026-07-20T12:30:00Z,2026-07-20T13:00:00Z,4,10,very low
2026-07-20T12:30:00Z,2026-07-20T13:00:00Z,5,115,moderate
2026-07-20T12:30:00Z,2026-07-20T13:00:00Z,6,19,very low
2026-07-20T12:30:00Z,2026-07-20T13:00:00Z,7,183,high
2026-07-20T12:30:00Z,2026-07-20T13:00:00Z,8,30,low
2026-07-20T12:30:00Z,2026-07-20T13:00:00Z,9,86,low
2026-07-20T12:30:00Z,2026-07-20T13:00:00Z,10,145,moderate
2026-07-20T12:30:00Z,2026-07-20T13:00:00Z,11,117,moderate
2026-07-20T12:30:00Z,2026-07-20T13:00:00Z,12,41,low
2026-07-20T12:30:00Z,2026-07-20T13:00:00Z,13,93,moderate
2026-07-20T12:30:00Z,2026-07-20T13:00:00Z,14,99,moderate
2026-07-20T12:30:00Z,2026-07-20T13:00:00Z,15,81,low
2026-07-20T12:30:00Z,2026-07-20T13:00:00Z,16,0,very low
2026-07-20T12:30:00Z,2026-07-20T13:00:00Z,17,112,moderate
2026-07-20T12:30:00Z,2026-07-20T13:00:00Z,18,80,low
2026-07-20T13:00:00Z,2026-07-20T13:30:00Z,1,0,very low
2026-07-20T13:00:00Z,2026-07-20T13:30:00Z,2,0,very low
2026-07-20T13:00:00Z,2026-07-20T13:30:00Z,3,41,low
2026-07-20T13:00:00Z,2026-07-20T13:30:00Z,4,11,very low
2026-07-20T13:00:00Z,2026-07-20T13:30:00Z,5,105,moderate
2026-07-20T13:00:00Z,2026-07-20T13:30:00Z,6,16,very low
2026-07-20T13:00:00Z,2026-07-20T13:30:00Z,7,53,low
2026-07-20T13:00:00Z,2026-07-20T13:30:00Z,8,34,low
2026-07-20T13:00:00Z,2026-07-20T13:30:00Z,9,126,moderate
2026-07-20T13:00:00Z,2026-07-20T13:30:00Z,10,168,moderate
2026-07-20T13:00:00Z,2026-07-20T13:30:00Z,11,101,moderate
2026-07-20T13:00:00Z,2026-07-20T13:30:00Z,12,49,low
2026-07-20T13:00:00Z,2026-07-20T13:30:00Z,13,92,moderate
2026-07-20T13:00:00Z,2026-07-20T13:30:00Z,14,86,low
2026-07-20T13:00:00Z,2026-07-20T13:30:00Z,15,84,low
2026-07-20T13:00:00Z,2026-07-20T13:30:00Z,16,2,very low
2026-07-20T13:00:00Z,2026-07-20T13:30:00Z,17,83,low
2026-07-20T13:00:00Z,2026-07-20T13:30:00Z,18,80,low
2026-07-20T13:30:00Z,2026-07-20T14:00:00Z,1,0,very low
2026-07-20T13:30:00Z,2026-07-20T14:00:00Z,2,0,very low
2026-07-20T13:30:00Z,2026-07-20T14:00:00Z,3,39,low
2026-07-20T13:30:00Z,2026-07-20T14:00:00Z,4,13,very low
2026-07-20T13:30:00Z,2026-07-20T14:00:00Z,5,114,moderate
2026-07-20T13:30:00Z,2026-07-20T14:00:00Z,6,19,very low
2026-07-20T13:30:00Z,2026-07-20T14:00:00Z,7,198,high
2026-07-20T13:30:00Z,2026-07-20T14:00:00Z,8,35,low
2026-07-20T13:30:00Z,2026-07-20T14:00:00Z,9,99,moderate
2026-07-20T13:30:00Z,2026-07-20T14:00:00Z,10,155,moderate
2026-07-20T13:30:00Z,2026-07-20T14:00:00Z,11,109,moderate
2026-07-20T13:30:00Z,2026-07-20T14:00:00Z,12,59,low
2026-07-20T13:30:00Z,2026-07-20T14:00:00Z,13,93,moderate
2026-07-20T13:30:00Z,2026-07-20T14:00:00Z,14,96,moderate
2026-07-20T13:30:00Z,2026-07-20T14:00:00Z,15,88,low
2026-07-20T13:30:00Z,2026-07-20T14:00:00Z,16,1,very low
2026-07-20T13:30:00Z,2026-07-20T14:00:00Z,17,95,moderate
2026-07-20T13:30:00Z,2026-07-20T14:00:00Z,18,85,low
2026-07-20T14:00:00Z,2026-07-20T14:30:00Z,1,0,very low
2026-07-20T14:00:00Z,2026-07-20T14:30:00Z,2,0,very low
2026-07-20T14:00:00Z,2026-07-20T14:30:00Z,3,36,low
2026-07-20T14:00:00Z,2026-07-20T14:30:00Z,4,17,very low
2026-07-20T14:00:00Z,2026-07-20T14:30:00Z,5,113,moderate
2026-07-20T14:00:00Z,2026-07-20T14:30:00Z,6,29,low
2026-07-20T14:00:00Z,2026-07-20T14:30:00Z,7,162,moderate
2026-07-20T14:00:00Z,2026-07-20T14:30:00Z,8,37,low
2026-07-20T14:00:00Z,2026-07-20T14:30:00Z,9,133,moderate
2026-07-20T14:00:00Z,2026-07-20T14:30:00Z,10,174,high
2026-07-20T14:00:00Z,2026-07-20T14:30:00Z,11,111,moderate
2026-07-20T14:00:00Z,2026-07-20T14:30:00Z,12,62,low
2026-07-20T14:00:00Z,2026-07-20T14:30:00Z,13,100,moderate
2026-07-20T14:00:00Z,2026-07-20T14:30:00Z,14,92,moderate
2026-07-20T14:00:00Z,2026-07-20T14:30:00Z,15,94,moderate
2026-07-20T14:00:00Z,2026-07-20T14:30:00Z,16,2,very low
2026-07-20T14:00:00Z,2026-07-20T14:30:00Z,17,119,moderate
2026-07-20T14:00:00Z,2026-07-20T14:30:00Z,18,92,moderate
2026-07-20T14:30:00Z,2026-07-20T15:00:00Z,1,0,very low
2026-07-20T14:30:00Z,2026-07-20T15:00:00Z,2,0,very low
2026-07-20T14:30:00Z,2026-07-20T15:00:00Z,3,36,low
2026-07-20T14:30:00Z,2026-07-20T15:00:00Z,4,18,very low
2026-07-20T14:30:00Z,2026-07-20T15:00:00Z,5,114,moderate
2026-07-20T14:30:00Z,2026-07-20T15:00:00Z,6,55,low
2026-07-20T14:30:00Z,2026-07-20T15:00:00Z,7,212,high
2026-07-20T14:30:00Z,2026-07-20T15:00:00Z,8,46,low
2026-07-20T14:30:00Z,2026-07-20T15:00:00Z,9,123,moderate
2026-07-20T14:30:00Z,2026-07-20T15:00:00Z,10,163,moderate
2026-07-20T14:30:00Z,2026-07-20T15:00:00Z,11,107,moderate
2026-07-20T14:30:00Z,2026-07-20T15:00:00Z,12,67,low
2026-07-20T14:30:00Z,2026-07-20T15:00:00Z,13,111,moderate
2026-07-20T14:30:00Z,2026-07-20T15:00:00Z,14,110,moderate
2026-07-20T14:30:00Z,2026-07-20T15:00:00Z,15,95,moderate
2026-07-20T14:30:00Z,2026-07-20T15:00:00Z,16,1,very low
2026-07-20T14:30:00Z,2026-07-20T15:00:00Z,17,156,moderate
2026-07-20T14:30:00Z,2026-07-20T15:00:00Z,18,95,moderate
2026-07-20T15:00:00Z,2026-07-20T15:30:00Z,1,0,very low
2026-07-20T15:00:00Z,2026-07-20T15:30:00Z,2,1,very low
2026-07-20T15:00:00Z,2026-07-20T15:30:00Z,3,41,low
2026-07-20T15:00:00Z,2026-07-20T15:30:00Z,4,17,very low
2026-07-20T15:00:00Z,2026-07-20T15:30:00Z,5,123,moderate
2026-07-20T15:00:00Z,2026-07-20T15:30:00Z,6,54,low
2026-07-20T15:00:00Z,2026-07-20T15:30:00Z,7,241,very high
2026-07-20T15:00:00Z,2026-07-20T15:30:00Z,8,61,low
2026-07-20T15:00:00Z,2026-07-20T15:30:00Z,9,156,moderate
2026-07-20T15:00:00Z,2026-07-20T15:30:00Z,10,177,high
2026-07-20T15:00:00Z,2026-07-20T15:30:00Z,11,120,moderate
2026-07-20T15:00:00Z,2026-07-20T15:30:00Z,12,69,low
2026-07-20T15:00:00Z,2026-07-20T15:30:00Z,13,117,moderate
2026-07-20T15:00:00Z,2026-07-20T15:30:00Z,14,114,moderate
2026-07-20T15:00:00Z,2026-07-20T15:30:00Z,15,105,moderate
2026-07-20T15:00:00Z,2026-07-20T15:30:00Z,16,2,very low
2026-07-20T15:00:00Z,2026-07-20T15:30:00Z,17,199,high
2026-07-20T15:00:00Z,2026-07-20T15:30:00Z,18,108,moderate
2026-07-20T15:30:00Z,2026-07-20T16:00:00Z,1,0,very low
2026-07-20T15:30:00Z,2026-07-20T16:00:00Z,2,1,very low
2026-07-20T15:30:00Z,2026-07-20T16:00:00Z,3,44,low
2026-07-20T15:30:00Z,2026-07-20T16:00:00Z,4,18,very low
2026-07-20T15:30:00Z,2026-07-20T16:00:00Z,5,138,moderate
2026-07-20T15:30:00Z,2026-07-20T16:00:00Z,6,76,low
2026-07-20T15:30:00Z,2026-07-20T16:00:00Z,7,269,very high
2026-07-20T15:30:00Z,2026-07-20T16:00:00Z,8,82,low
2026-07-20T15:30:00Z,2026-07-20T16:00:00Z,9,173,high
2026-07-20T15:30:00Z,2026-07-20T16:00:00Z,10,196,high
2026-07-20T15:30:00Z,2026-07-20T16:00:00Z,11,122,moderate
2026-07-20T15:30:00Z,2026-07-20T16:00:00Z,12,85,low
2026-07-20T15:30:00Z,2026-07-20T16:00:00Z,13,154,moderate
2026-07-20T15:30:00Z,2026-07-20T16:00:00Z,14,153,moderate
2026-07-20T15:30:00Z,2026-07-20T16:00:00Z,15,125,moderate
2026-07-20T15:30:00Z,2026-07-20T16:00:00Z,16,1,very low
2026-07-20T15:30:00Z,2026-07-20T16:00:00Z,17,191,high
2026-07-20T15:30:00Z,2026-07-20T16:00:00Z,18,125,moderate
2026-07-20T16:00:00Z,2026-07-20T16:30:00Z,1,0,very low
2026-07-20T16:00:00Z,2026-07-20T16:30:00Z,2,1,very low
2026-07-20T16:00:00Z,2026-07-20T16:30:00Z,3,44,low
2026-07-20T16:00:00Z,2026-07-20T16:30:00Z,4,17,very low
2026-07-20T16:00:00Z,2026-07-20T16:30:00Z,5,135,moderate
2026-07-20T16:00:00Z,2026-07-20T16:30:00Z,6,113,moderate
2026-07-20T16:00:00Z,2026-07-20T16:30:00Z,7,288,very high
2026-07-20T16:00:00Z,2026-07-20T16:30:00Z,8,111,moderate
2026-07-20T16:00:00Z,2026-07-20T16:30:00Z,9,199,high
2026-07-20T16:00:00Z,2026-07-20T16:30:00Z,10,212,high
2026-07-20T16:00:00Z,2026-07-20T16:30:00Z,11,139,moderate
2026-07-20T16:00:00Z,2026-07-20T16:30:00Z,12,97,moderate
2026-07-20T16:00:00Z,2026-07-20T16:30:00Z,13,154,moderate
2026-07-20T16:00:00Z,2026-07-20T16:30:00Z,14,146,moderate
2026-07-20T16:00:00Z,2026-07-20T16:30:00Z,15,136,moderate
2026-07-20T16:00:00Z,2026-07-20T16:30:00Z,16,2,very low
2026-07-20T16:00:00Z,2026-07-20T16:30:00Z,17,238,very high
2026-07-20T16:00:00Z,2026-07-20T16:30:00Z,18,138,moderate
2026-07-20T16:30:00Z,2026-07-20T17:00:00Z,1,0,very low
2026-07-20T16:30:00Z,2026-07-20T17:00:00Z,2,1,very low
2026-07-20T16:30:00Z,2026-07-20T17:00:00Z,3,47,low
2026-07-20T16:30:00Z,2026-07-20T17:00:00Z,4,17,very low
2026-07-20T16:30:00Z,2026-07-20T17:00:00Z,5,144,moderate
2026-07-20T16:30:00Z,2026-07-20T17:00:00Z,6,124,moderate
2026-07-20T16:30:00Z,2026-07-20T17:00:00Z,7,301,very high
2026-07-20T16:30:00Z,2026-07-20T17:00:00Z,8,126,moderate
2026-07-20T16:30:00Z,2026-07-20T17:00:00Z,9,215,high
2026-07-20T16:30:00Z,2026-07-20T17:00:00Z,10,224,high
2026-07-20T16:30:00Z,2026-07-20T17:00:00Z,11,137,moderate
2026-07-20T16:30:00Z,2026-07-20T17:00:00Z,12,116,moderate
2026-07-20T16:30:00Z,2026-07-20T17:00:00Z,13,169,moderate
2026-07-20T16:30:00Z,2026-07-20T17:00:00Z,14,159,moderate
2026-07-20T16:30:00Z,2026-07-20T17:00:00Z,15,148,moderate
2026-07-20T16:30:00Z,2026-07-20T17:00:00Z,16,1,very low
2026-07-20T16:30:00Z,2026-07-20T17:00:00Z,17,259,very high
2026-07-20T16:30:00Z,2026-07-20T17:00:00Z,18,150,moderate
2026-07-20T17:00:00Z,2026-07-20T17:30:00Z,1,0,very low
2026-07-20T17:00:00Z,2026-07-20T17:30:00Z,2,1,very low
2026-07-20T17:00:00Z,2026-07-20T17:30:00Z,3,49,low
2026-07-20T17:00:00Z,2026-07-20T17:30:00Z,4,18,very low
2026-07-20T17:00:00Z,2026-07-20T17:30:00Z,5,144,moderate
2026-07-20T17:00:00Z,2026-07-20T17:30:00Z,6,156,moderate
2026-07-20T17:00:00Z,2026-07-20T17:30:00Z,7,324,very high
2026-07-20T17:00:00Z,2026-07-20T17:30:00Z,8,146,moderate
2026-07-20T17:00:00Z,2026-07-20T17:30:00Z,9,217,high
2026-07-20T17:00:00Z,2026-07-20T17:30:00Z,10,222,high
2026-07-20T17:00:00Z,2026-07-20T17:30:00Z,11,166,moderate
2026-07-20T17:00:00Z,2026-07-20T17:30:00Z,12,133,moderate
2026-07-20T17:00:00Z,2026-07-20T17:30:00Z,13,165,moderate
2026-07-20T17:00:00Z,2026-07-20T17:30:00Z,14,153,moderate
2026-07-20T17:00:00Z,2026-07-20T17:30:00Z,15,156,moderate
2026-07-20T17:00:00Z,2026-07-20T17:30:00Z,16,2,very low
2026-07-20T17:00:00Z,2026-07-20T17:30:00Z,17,262,very high
2026-07-20T17:00:00Z,2026-07-20T17:30:00Z,18,158,moderate
2026-07-20T17:30:00Z,2026-07-20T18:00:00Z,1,0,very low
2026-07-20T17:30:00Z,2026-07-20T18:00:00Z,2,2,very low
2026-07-20T17:30:00Z,2026-07-20T18:00:00Z,3,43,low
2026-07-20T17:30:00Z,2026-07-20T18:00:00Z,4,17,very low
2026-07-20T17:30:00Z,2026-07-20T18:00:00Z,5,151,moderate
2026-07-20T17:30:00Z,2026-07-20T18:00:00Z,6,162,moderate
2026-07-20T17:30:00Z,2026-07-20T18:00:00Z,7,329,very high
2026-07-20T17:30:00Z,2026-07-20T18:00:00Z,8,148,moderate
2026-07-20T17:30:00Z,2026-07-20T18:00:00Z,9,225,high
2026-07-20T17:30:00Z,2026-07-20T18:00:00Z,10,223,high
2026-07-20T17:30:00Z,2026-07-20T18:00:00Z,11,193,high
2026-07-20T17:30:00Z,2026-07-20T18:00:00Z,12,138,moderate
2026-07-20T17:30:00Z,2026-07-20T18:00:00Z,13,172,high
2026-07-20T17:30:00Z,2026-07-20T18:00:00Z,14,159,moderate
2026-07-20T17:30:00Z,2026-07-20T18:00:00Z,15,160,moderate
2026-07-20T17:30:00Z,2026-07-20T18:00:00Z,16,1,very low
2026-07-20T17:30:00Z,2026-07-20T18:00:00Z,17,286,very high
2026-07-20T17:30:00Z,2026-07-20T18:00:00Z,18,162,moderate
2026-07-20T18:00:00Z,2026-07-20T18:30:00Z,1,0,very low
2026-07-20T18:00:00Z,2026-07-20T18:30:00Z,2,3,very low
2026-07-20T18:00:00Z,2026-07-20T18:30:00Z,3,41,low
2026-07-20T18:00:00Z,2026-07-20T18:30:00Z,4,17,very low
2026-07-20T18:00:00Z,2026-07-20T18:30:00Z,5,139,moderate
2026-07-20T18:00:00Z,2026-07-20T18:30:00Z,6,163,moderate
2026-07-20T18:00:00Z,2026-07-20T18:30:00Z,7,332,very high
2026-07-20T18:00:00Z,2026-07-20T18:30:00Z,8,145,moderate
2026-07-20T18:00:00Z,2026-07-20T18:30:00Z,9,216,high
2026-07-20T18:00:00Z,2026-07-20T18:30:00Z,10,221,high
2026-07-20T18:00:00Z,2026-07-20T18:30:00Z,11,242,very high
2026-07-20T18:00:00Z,2026-07-20T18:30:00Z,12,142,moderate
2026-07-20T18:00:00Z,2026-07-20T18:30:00Z,13,172,high
2026-07-20T18:00:00Z,2026-07-20T18:30:00Z,14,159,moderate
2026-07-20T18:00:00Z,2026-07-20T18:30:00Z,15,160,moderate
2026-07-20T18:00:00Z,2026-07-20T18:30:00Z,16,2,very low
2026-07-20T18:00:00Z,2026-07-20T18:30:00Z,17,280,very high
2026-07-20T18:00:00Z,2026-07-20T18:30:00Z,18,162,moderate
2026-07-20T18:30:00Z,2026-07-20T19:00:00Z,1,0,very low
2026-07-20T18:30:00Z,2026-07-20T19:00:00Z,2,3,very low
2026-07-20T18:30:00Z,2026-07-20T19:00:00Z,3,41,low
2026-07-20T18:30:00Z,2026-07-20T19:00:00Z,4,17,very low
2026-07-20T18:30:00Z,2026-07-20T19:00:00Z,5,145,moderate
2026-07-20T18:30:00Z,2026-07-20T19:00:00Z,6,167,moderate
2026-07-20T18:30:00Z,2026-07-20T19:00:00Z,7,343,very high
2026-07-20T18:30:00Z,2026-07-20T19:00:00Z,8,152,moderate
2026-07-20T18:30:00Z,2026-07-20T19:00:00Z,9,222,high
2026-07-20T18:30:00Z,2026-07-20T19:00:00Z,10,235,very high
2026-07-20T18:30:00Z,2026-07-20T19:00:00Z,11,270,very high
2026-07-20T18:30:00Z,2026-07-20T19:00:00Z,12,164,moderate
2026-07-20T18:30:00Z,2026-07-20T19:00:00Z,13,182,high
2026-07-20T18:30:00Z,2026-07-20T19:00:00Z,14,164,moderate
2026-07-20T18:30:00Z,2026-07-20T19:00:00Z,15,168,moderate
2026-07-20T18:30:00Z,2026-07-20T19:00:00Z,16,2,very low
2026-07-20T18:30:00Z,2026-07-20T19:00:00Z,17,295,very high
2026-07-20T18:30:00Z,2026-07-20T19:00:00Z,18,170,high
2026-07-20T19:00:00Z,2026-07-20T19:30:00Z,1,0,very low
2026-07-20T19:00:00Z,2026-07-20T19:30:00Z,2,3,very low
2026-07-20T19:00:00Z,2026-07-20T19:30:00Z,3,44,low
2026-07-20T19:00:00Z,2026-07-20T19:30:00Z,4,18,very low
2026-07-20T19:00:00Z,2026-07-20T19:30:00Z,5,146,moderate
2026-07-20T19:00:00Z,2026-07-20T19:30:00Z,6,162,moderate
2026-07-20T19:00:00Z,2026-07-20T19:30:00Z,7,357,very high
2026-07-20T19:00:00Z,2026-07-20T19:30:00Z,8,155,moderate
2026-07-20T19:00:00Z,2026-07-20T19:30:00Z,9,225,high
2026-07-20T19:00:00Z,2026-07-20T19:30:00Z,10,223,high
2026-07-20T19:00:00Z,2026-07-20T19:30:00Z,11,310,very high
2026-07-20T19:00:00Z,2026-07-20T19:30:00Z,12,180,high
2026-07-20T19:00:00Z,2026-07-20T19:30:00Z,13,183,high
2026-07-20T19:00:00Z,2026-07-20T19:30:00Z,14,166,moderate
2026-07-20T19:00:00Z,2026-07-20T19:30:00Z,15,166,moderate
2026-07-20T19:00:00Z,2026-07-20T19:30:00Z,16,2,very low
2026-07-20T19:00:00Z,2026-07-20T19:30:00Z,17,310,very high
2026-07-20T19:00:00Z,2026-07-20T19:30:00Z,18,170,high
2026-07-20T19:30:00Z,2026-07-20T20:00:00Z,1,0,very low
2026-07-20T19:30:00Z,2026-07-20T20:00:00Z,2,2,very low
2026-07-20T19:30:00Z,2026-07-20T20:00:00Z,3,47,low
2026-07-20T19:30:00Z,2026-07-20T20:00:00Z,4,17,very low
2026-07-20T19:30:00Z,2026-07-20T20:00:00Z,5,153,moderate
2026-07-20T19:30:00Z,2026-07-20T20:00:00Z,6,172,high
2026-07-20T19:30:00Z,2026-07-20T20:00:00Z,7,367,very high
2026-07-20T19:30:00Z,2026-07-20T20:00:00Z,8,165,moderate
2026-07-20T19:30:00Z,2026-07-20T20:00:00Z,9,232,very high
2026-07-20T19:30:00Z,2026-07-20T20:00:00Z,10,266,very high
2026-07-20T19:30:00Z,2026-07-20T20:00:00Z,11,333,very high
2026-07-20T19:30:00Z,2026-07-20T20:00:00Z,12,187,high
2026-07-20T19:30:00Z,2026-07-20T20:00:00Z,13,197,high
2026-07-20T19:30:00Z,2026-07-20T20:00:00Z,14,169,moderate
2026-07-20T19:30:00Z,2026-07-20T20:00:00Z,15,182,high
2026-07-20T19:30:00Z,2026-07-20T20:00:00Z,16,1,very low
2026-07-20T19:30:00Z,2026-07-20T20:00:00Z,17,315,very high
2026-07-20T19:30:00Z,2026-07-20T20:00:00Z,18,183,high
2026-07-20T20:00:00Z,2026-07-20T20:30:00Z,1,0,very low
2026-07-20T20:00:00Z,2026-07-20T20:30:00Z,2,2,very low
2026-07-20T20:00:00Z,2026-07-20T20:30:00Z,3,52,low
2026-07-20T20:00:00Z,2026-07-20T20:30:00Z,4,17,very low
2026-07-20T20:00:00Z,2026-07-20T20:30:00Z,5,152,moderate
2026-07-20T20:00:00Z,2026-07-20T20:30:00Z,6,175,high
2026-07-20T20:00:00Z,2026-07-20T20:30:00Z,7,372,very high
2026-07-20T20:00:00Z,2026-07-20T20:30:00Z,8,173,high
2026-07-20T20:00:00Z,2026-07-20T20:30:00Z,9,236,very high
2026-07-20T20:00:00Z,2026-07-20T20:30:00Z,10,274,very high
2026-07-20T20:00:00Z,2026-07-20T20:30:00Z,11,359,very high
2026-07-20T20:00:00Z,2026-07-20T20:30:00Z,12,193,high
2026-07-20T20:00:00Z,2026-07-20T20:30:00Z,13,198,high
2026-07-20T20:00:00Z,2026-07-20T20:30:00Z,14,169,moderate
2026-07-20T20:00:00Z,2026-07-20T20:30:00Z,15,187,high
2026-07-20T20:00:00Z,2026-07-20T20:30:00Z,16,1,very low
2026-07-20T20:00:00Z,2026-07-20T20:30:00Z,17,320,very high
2026-07-20T20:00:00Z,2026-07-20T20:30:00Z,18,187,high
2026-07-20T20:30:00Z,2026-07-20T21:00:00Z,1,0,very low
2026-07-20T20:30:00Z,2026-07-20T21:00:00Z,2,3,very low
2026-07-20T20:30:00Z,2026-07-20T21:00:00Z,3,51,low
2026-07-20T20:30:00Z,2026-07-20T21:00:00Z,4,18,very low
2026-07-20T20:30:00Z,2026-07-20T21:00:00Z,5,148,moderate
2026-07-20T20:30:00Z,2026-07-20T21:00:00Z,6,166,moderate
2026-07-20T20:30:00Z,2026-07-20T21:00:00Z,7,369,very high
2026-07-20T20:30:00Z,2026-07-20T21:00:00Z,8,164,moderate
2026-07-20T20:30:00Z,2026-07-20T21:00:00Z,9,234,very high
2026-07-20T20:30:00Z,2026-07-20T21:00:00Z,10,294,very high
2026-07-20T20:30:00Z,2026-07-20T21:00:00Z,11,368,very high
2026-07-20T20:30:00Z,2026-07-20T21:00:00Z,12,182,high
2026-07-20T20:30:00Z,2026-07-20T21:00:00Z,13,193,high
2026-07-20T20:30:00Z,2026-07-20T21:00:00Z,14,160,moderate
2026-07-20T20:30:00Z,2026-07-20T21:00:00Z,15,187,high
2026-07-20T20:30:00Z,2026-07-20T21:00:00Z,16,1,very low
2026-07-20T20:30:00Z,2026-07-20T21:00:00Z,17,312,very high
2026-07-20T20:30:00Z,2026-07-20T21:00:00Z,18,187,high
2026-07-20T21:00:00Z,2026-07-20T21:30:00Z,1,0,very low
2026-07-20T21:00:00Z,2026-07-20T21:30:00Z,2,3,very low
2026-07-20T21:00:00Z,2026-07-20T21:30:00Z,3,45,low
2026-07-20T21:00:00Z,2026-07-20T21:30:00Z,4,19,very low
2026-07-20T21:00:00Z,2026-07-20T21:30:00Z,5,150,moderate
2026-07-20T21:00:00Z,2026-07-20T21:30:00Z,6,154,moderate
2026-07-20T21:00:00Z,2026-07-20T21:30:00Z,7,367,very high
2026-07-20T21:00:00Z,2026-07-20T21:30:00Z,8,158,moderate
2026-07-20T21:00:00Z,2026-07-20T21:30:00Z,9,236,very high
2026-07-20T21:00:00Z,2026-07-20T21:30:00Z,10,262,very high
2026-07-20T21:00:00Z,2026-07-20T21:30:00Z,11,371,very high
2026-07-20T21:00:00Z,2026-07-20T21:30:00Z,12,191,high
2026-07-20T21:00:00Z,2026-07-20T21:30:00Z,13,186,high
2026-07-20T21:00:00Z,2026-07-20T21:30:00Z,14,159,moderate
2026-07-20T21:00:00Z,2026-07-20T21:30:00Z,15,179,high
2026-07-20T21:00:00Z,2026-07-20T21:30:00Z,16,3,very low
2026-07-20T21:00:00Z,2026-07-20T21:30:00Z,17,326,very high
2026-07-20T21:00:00Z,2026-07-20T21:30:00Z,18,180,high
2026-07-20T21:30:00Z,2026-07-20T22:00:00Z,1,0,very low
2026-07-20T21:30:00Z,2026-07-20T22:00:00Z,2,3,very low
2026-07-20T21:30:00Z,2026-07-20T22:00:00Z,3,46,low
2026-07-20T21:30:00Z,2026-07-20T22:00:00Z,4,19,very low
2026-07-20T21:30:00Z,2026-07-20T22:00:00Z,5,146,moderate
2026-07-20T21:30:00Z,2026-07-20T22:00:00Z,6,151,moderate
2026-07-20T21:30:00Z,2026-07-20T22:00:00Z,7,363,very high
2026-07-20T21:30:00Z,2026-07-20T22:00:00Z,8,157,moderate
2026-07-20T21:30:00Z,2026-07-20T22:00:00Z,9,235,very high
2026-07-20T21:30:00Z,2026-07-20T22:00:00Z,10,278,very high
2026-07-20T21:30:00Z,2026-07-20T22:00:00Z,11,369,very high
2026-07-20T21:30:00Z,2026-07-20T22:00:00Z,12,183,high
2026-07-20T21:30:00Z,2026-07-20T22:00:00Z,13,187,high
2026-07-20T21:30:00Z,2026-07-20T22:00:00Z,14,158,moderate
2026-07-20T21:30:00Z,2026-07-20T22:00:00Z,15,178,high
2026-07-20T21:30:00Z,2026-07-20T22:00:00Z,16,3,very low
2026-07-20T21:30:00Z,2026-07-20T22:00:00Z,17,317,very high
2026-07-20T21:30:00Z,2026-07-20T22:00:00Z,18,180,high
2026-07-20T22:00:00Z,2026-07-20T22:30:00Z,1,0,very low
2026-07-20T22:00:00Z,2026-07-20T22:30:00Z,2,2,very low
2026-07-20T22:00:00Z,2026-07-20T22:30:00Z,3,44,low
2026-07-20T22:00:00Z,2026-07-20T22:30:00Z,4,19,very low
2026-07-20T22:00:00Z,2026-07-20T22:30:00Z,5,138,moderate
2026-07-20T22:00:00Z,2026-07-20T22:30:00Z,6,139,moderate
2026-07-20T22:00:00Z,2026-07-20T22:30:00Z,7,357,very high
2026-07-20T22:00:00Z,2026-07-20T22:30:00Z,8,150,moderate
2026-07-20T22:00:00Z,2026-07-20T22:30:00Z,9,233,very high
2026-07-20T22:00:00Z,2026-07-20T22:30:00Z,10,254,very high
2026-07-20T22:00:00Z,2026-07-20T22:30:00Z,11,366,very high
2026-07-20T22:00:00Z,2026-07-20T22:30:00Z,12,179,high
2026-07-20T22:00:00Z,2026-07-20T22:30:00Z,13,180,high
2026-07-20T22:00:00Z,2026-07-20T22:30:00Z,14,159,moderate
2026-07-20T22:00:00Z,2026-07-20T22:30:00Z,15,174,high
2026-07-20T22:00:00Z,2026-07-20T22:30:00Z,16,3,very low
2026-07-20T22:00:00Z,2026-07-20T22:30:00Z,17,309,very high
2026-07-20T22:00:00Z,2026-07-20T22:30:00Z,18,174,high
2026-07-20T22:30:00Z,2026-07-20T23:00:00Z,1,0,very low
2026-07-20T22:30:00Z,2026-07-20T23:00:00Z,2,2,very low
2026-07-20T22:30:00Z,2026-07-20T23:00:00Z,3,43,low
2026-07-20T22:30:00Z,2026-07-20T23:00:00Z,4,19,very low
2026-07-20T22:30:00Z,2026-07-20T23:00:00Z,5,137,moderate
2026-07-20T22:30:00Z,2026-07-20T23:00:00Z,6,144,moderate
2026-07-20T22:30:00Z,2026-07-20T23:00:00Z,7,363,very high
2026-07-20T22:30:00Z,2026-07-20T23:00:00Z,8,150,moderate
2026-07-20T22:30:00Z,2026-07-20T23:00:00Z,9,223,high
2026-07-20T22:30:00Z,2026-07-20T23:00:00Z,10,278,very high
2026-07-20T22:30:00Z,2026-07-20T23:00:00Z,11,365,very high
2026-07-20T22:30:00Z,2026-07-20T23:00:00Z,12,182,high
2026-07-20T22:30:00Z,2026-07-20T23:00:00Z,13,191,high
2026-07-20T22:30:00Z,2026-07-20T23:00:00Z,14,160,moderate
2026-07-20T22:30:00Z,2026-07-20T23:00:00Z,15,176,high
2026-07-20T22:30:00Z,2026-07-20T23:00:00Z,16,1,very low
2026-07-20T22:30:00Z,2026-07-20T23:00:00Z,17,295,very high
2026-07-20T22:30:00Z,2026-07-20T23:00:00Z,18,178,high
2026-07-20T23:00:00Z,2026-07-20T23:30:00Z,1,0,very low
2026-07-20T23:00:00Z,2026-07-20T23:30:00Z,2,2,very low
2026-07-20T23:00:00Z,2026-07-20T23:30:00Z,3,38,low
2026-07-20T23:00:00Z,2026-07-20T23:30:00Z,4,21,very low
2026-07-20T23:00:00Z,2026-07-20T23:30:00Z,5,130,moderate
2026-07-20T23:00:00Z,2026-07-20T23:30:00Z,6,136,moderate
2026-07-20T23:00:00Z,2026-07-20T23:30:00Z,7,362,very high
2026-07-20T23:00:00Z,2026-07-20T23:30:00Z,8,146,moderate
2026-07-20T23:00:00Z,2026-07-20T23:30:00Z,9,225,high
2026-07-20T23:00:00Z,2026-07-20T23:30:00Z,10,269,very high
2026-07-20T23:00:00Z,2026-07-20T23:30:00Z,11,361,very high
2026-07-20T23:00:00Z,2026-07-20T23:30:00Z,12,175,high
2026-07-20T23:00:00Z,2026-07-20T23:30:00Z,13,186,high
2026-07-20T23:00:00Z,2026-07-20T23:30:00Z,14,162,moderate
2026-07-20T23:00:00Z,2026-07-20T23:30:00Z,15,172,high
2026-07-20T23:00:00Z,2026-07-20T23:30:00Z,16,3,very low
2026-07-20T23:00:00Z,2026-07-20T23:30:00Z,17,298,very high
2026-07-20T23:00:00Z,2026-07-20T23:30:00Z,18,173,high
2026-07-20T23:30:00Z,2026-07-21T00:00:00Z,1,0,very low
2026-07-20T23:30:00Z,2026-07-21T00:00:00Z,2,0,very low
2026-07-20T23:30:00Z,2026-07-21T00:00:00Z,3,40,low
2026-07-20T23:30:00Z,2026-07-21T00:00:00Z,4,20,very low
2026-07-20T23:30:00Z,2026-07-21T00:00:00Z,5,130,moderate
2026-07-20T23:30:00Z,2026-07-21T00:00:00Z,6,113,moderate
2026-07-20T23:30:00Z,2026-07-21T00:00:00Z,7,361,very high
2026-07-20T23:30:00Z,2026-07-21T00:00:00Z,8,140,moderate
2026-07-20T23:30:00Z,2026-07-21T00:00:00Z,9,223,high
2026-07-20T23:30:00Z,2026-07-21T00:00:00Z,10,280,very high
2026-07-20T23:30:00Z,2026-07-21T00:00:00Z,11,363,very high
2026-07-20T23:30:00Z,2026-07-21T00:00:00Z,12,174,high
2026-07-20T23:30:00Z,2026-07-21T00:00:00Z,13,184,high
2026-07-20T23:30:00Z,2026-07-21T00:00:00Z,14,158,moderate
2026-07-20T23:30:00Z,2026-07-21T00:00:00Z,15,170,high
2026-07-20T23:30:00Z,2026-07-21T00:00:00Z,16,2,very low
2026-07-20T23:30:00Z,2026-07-21T00:00:00Z,17,280,very high
2026-07-20T23:30:00Z,2026-07-21T00:00:00Z,18,171,high
2026-07-21T00:00:00Z,2026-07-21T00:30:00Z,1,0,very low
2026-07-21T00:00:00Z,2026-07-21T00:30:00Z,2,1,very low
2026-07-21T00:00:00Z,2026-07-21T00:30:00Z,3,40,low
2026-07-21T00:00:00Z,2026-07-21T00:30:00Z,4,22,very low
2026-07-21T00:00:00Z,2026-07-21T00:30:00Z,5,133,moderate
2026-07-21T00:00:00Z,2026-07-21T00:30:00Z,6,110,moderate
2026-07-21T00:00:00Z,2026-07-21T00:30:00Z,7,361,very high
2026-07-21T00:00:00Z,2026-07-21T00:30:00Z,8,141,moderate
2026-07-21T00:00:00Z,2026-07-21T00:30:00Z,9,230,very high
2026-07-21T00:00:00Z,2026-07-21T00:30:00Z,10,266,very high
2026-07-21T00:00:00Z,2026-07-21T00:30:00Z,11,363,very high
2026-07-21T00:00:00Z,2026-07-21T00:30:00Z,12,179,high
2026-07-21T00:00:00Z,2026-07-21T00:30:00Z,13,174,high
2026-07-21T00:00:00Z,2026-07-21T00:30:00Z,14,159,moderate
2026-07-21T00:00:00Z,2026-07-21T00:30:00Z,15,166,moderate
2026-07-21T00:00:00Z,2026-07-21T00:30:00Z,16,2,very low
2026-07-21T00:00:00Z,2026-07-21T00:30:00Z,17,278,very high
2026-07-21T00:00:00Z,2026-07-21T00:30:00Z,18,169,moderate
2026-07-21T00:30:00Z,2026-07-21T01:00:00Z,1,0,very low
2026-07-21T00:30:00Z,2026-07-21T01:00:00Z,2,0,very low
2026-07-21T00:30:00Z,2026-07-21T01:00:00Z,3,32,low
2026-07-21T00:30:00Z,2026-07-21T01:00:00Z,4,19,very low
2026-07-21T00:30:00Z,2026-07-21T01:00:00Z,5,127,moderate
2026-07-21T00:30:00Z,2026-07-21T01:00:00Z,6,101,moderate
2026-07-21T00:30:00Z,2026-07-21T01:00:00Z,7,358,very high
2026-07-21T00:30:00Z,2026-07-21T01:00:00Z,8,140,moderate
2026-07-21T00:30:00Z,2026-07-21T01:00:00Z,9,225,high
2026-07-21T00:30:00Z,2026-07-21T01:00:00Z,10,275,very high
2026-07-21T00:30:00Z,2026-07-21T01:00:00Z,11,364,very high
2026-07-21T00:30:00Z,2026-07-21T01:00:00Z,12,176,high
2026-07-21T00:30:00Z,2026-07-21T01:00:00Z,13,179,high
2026-07-21T00:30:00Z,2026-07-21T01:00:00Z,14,159,moderate
2026-07-21T00:30:00Z,2026-07-21T01:00:00Z,15,166,moderate
2026-07-21T00:30:00Z,2026-07-21T01:00:00Z,16,1,very low
2026-07-21T00:30:00Z,2026-07-21T01:00:00Z,17,292,very high
2026-07-21T00:30:00Z,2026-07-21T01:00:00Z,18,169,moderate
2026-07-21T01:00:00Z,2026-07-21T01:30:00Z,1,0,very low
2026-07-21T01:00:00Z,2026-07-21T01:30:00Z,2,0,very low
2026-07-21T01:00:00Z,2026-07-21T01:30:00Z,3,34,low
2026-07-21T01:00:00Z,2026-07-21T01:30:00Z,4,19,very low
2026-07-21T01:00:00Z,2026-07-21T01:30:00Z,5,126,moderate
2026-07-21T01:00:00Z,2026-07-21T01:30:00Z,6,98,moderate
2026-07-21T01:00:00Z,2026-07-21T01:30:00Z,7,355,very high
2026-07-21T01:00:00Z,2026-07-21T01:30:00Z,8,136,moderate
2026-07-21T01:00:00Z,2026-07-21T01:30:00Z,9,222,high
2026-07-21T01:00:00Z,2026-07-21T01:30:00Z,10,275,very high
2026-07-21T01:00:00Z,2026-07-21T01:30:00Z,11,370,very high
2026-07-21T01:00:00Z,2026-07-21T01:30:00Z,12,178,high
2026-07-21T01:00:00Z,2026-07-21T01:30:00Z,13,183,high
2026-07-21T01:00:00Z,2026-07-21T01:30:00Z,14,160,moderate
2026-07-21T01:00:00Z,2026-07-21T01:30:00Z,15,164,moderate
2026-07-21T01:00:00Z,2026-07-21T01:30:00Z,16,1,very low
2026-07-21T01:00:00Z,2026-07-21T01:30:00Z,17,300,very high
2026-07-21T01:00:00Z,2026-07-21T01:30:00Z,18,168,moderate
2026-07-21T01:30:00Z,2026-07-21T02:00:00Z,1,0,very low
2026-07-21T01:30:00Z,2026-07-21T02:00:00Z,2,0,very low
2026-07-21T01:30:00Z,2026-07-21T02:00:00Z,3,36,low
2026-07-21T01:30:00Z,2026-07-21T02:00:00Z,4,19,very low
2026-07-21T01:30:00Z,2026-07-21T02:00:00Z,5,120,moderate
2026-07-21T01:30:00Z,2026-07-21T02:00:00Z,6,100,moderate
2026-07-21T01:30:00Z,2026-07-21T02:00:00Z,7,364,very high
2026-07-21T01:30:00Z,2026-07-21T02:00:00Z,8,139,moderate
2026-07-21T01:30:00Z,2026-07-21T02:00:00Z,9,216,high
2026-07-21T01:30:00Z,2026-07-21T02:00:00Z,10,259,very high
2026-07-21T01:30:00Z,2026-07-21T02:00:00Z,11,376,very high
2026-07-21T01:30:00Z,2026-07-21T02:00:00Z,12,179,high
2026-07-21T01:30:00Z,2026-07-21T02:00:00Z,13,181,high
2026-07-21T01:30:00Z,2026-07-21T02:00:00Z,14,161,moderate
2026-07-21T01:30:00Z,2026-07-21T02:00:00Z,15,161,moderate
2026-07-21T01:30:00Z,2026-07-21T02:00:00Z,16,1,very low
2026-07-21T01:30:00Z,2026-07-21T02:00:00Z,17,304,very high
2026-07-21T01:30:00Z,2026-07-21T02:00:00Z,18,165,moderate
2026-07-21T02:00:00Z,2026-07-21T02:30:00Z,1,0,very low
2026-07-21T02:00:00Z,2026-07-21T02:30:00Z,2,0,very low
2026-07-21T02:00:00Z,2026-07-21T02:30:00Z,3,44,low
2026-07-21T02:00:00Z,2026-07-21T02:30:00Z,4,22,very low
2026-07-21T02:00:00Z,2026-07-21T02:30:00Z,5,118,moderate
2026-07-21T02:00:00Z,2026-07-21T02:30:00Z,6,90,moderate
2026-07-21T02:00:00Z,2026-07-21T02:30:00Z,7,368,very high
2026-07-21T02:00:00Z,2026-07-21T02:30:00Z,8,134,moderate
2026-07-21T02:00:00Z,2026-07-21T02:30:00Z,9,208,high
2026-07-21T02:00:00Z,2026-07-21T02:30:00Z,10,236,very high
2026-07-21T02:00:00Z,2026-07-21T02:30:00Z,11,375,very high
2026-07-21T02:00:00Z,2026-07-21T02:30:00Z,12,178,high
2026-07-21T02:00:00Z,2026-07-21T02:30:00Z,13,176,high
2026-07-21T02:00:00Z,2026-07-21T02:30:00Z,14,160,moderate
2026-07-21T02:00:00Z,2026-07-21T02:30:00Z,15,159,moderate
2026-07-21T02:00:00Z,2026-07-21T02:30:00Z,16,1,very low
2026-07-21T02:00:00Z,2026-07-21T02:30:00Z,17,256,very high
2026-07-21T02:00:00Z,2026-07-21T02:30:00Z,18,161,moderate
2026-07-21T02:30:00Z,2026-07-21T03:00:00Z,1,0,very low
2026-07-21T02:30:00Z,2026-07-21T03:00:00Z,2,0,very low
2026-07-21T02:30:00Z,2026-07-21T03:00:00Z,3,33,low
2026-07-21T02:30:00Z,2026-07-21T03:00:00Z,4,21,very low
2026-07-21T02:30:00Z,2026-07-21T03:00:00Z,5,118,moderate
2026-07-21T02:30:00Z,2026-07-21T03:00:00Z,6,95,moderate
2026-07-21T02:30:00Z,2026-07-21T03:00:00Z,7,376,very high
2026-07-21T02:30:00Z,2026-07-21T03:00:00Z,8,143,moderate
2026-07-21T02:30:00Z,2026-07-21T03:00:00Z,9,193,high
2026-07-21T02:30:00Z,2026-07-21T03:00:00Z,10,223,high
2026-07-21T02:30:00Z,2026-07-21T03:00:00Z,11,382,very high
2026-07-21T02:30:00Z,2026-07-21T03:00:00Z,12,195,high
2026-07-21T02:30:00Z,2026-07-21T03:00:00Z,13,183,high
2026-07-21T02:30:00Z,2026-07-21T03:00:00Z,14,169,moderate
2026-07-21T02:30:00Z,2026-07-21T03:00:00Z,15,157,moderate
2026-07-21T02:30:00Z,2026-07-21T03:00:00Z,16,0,very low
2026-07-21T02:30:00Z,2026-07-21T03:00:00Z,17,323,very high
2026-07-21T02:30:00Z,2026-07-21T03:00:00Z,18,161,moderate
2026-07-21T03:00:00Z,2026-07-21T03:30:00Z,1,0,very low
2026-07-21T03:00:00Z,2026-07-21T03:30:00Z,2,0,very low
2026-07-21T03:00:00Z,2026-07-21T03:30:00Z,3,43,low
2026-07-21T03:00:00Z,2026-07-21T03:30:00Z,4,22,very low
2026-07-21T03:00:00Z,2026-07-21T03:30:00Z,5,116,moderate
2026-07-21T03:00:00Z,2026-07-21T03:30:00Z,6,86,low
2026-07-21T03:00:00Z,2026-07-21T03:30:00Z,7,377,very high
2026-07-21T03:00:00Z,2026-07-21T03:30:00Z,8,131,moderate
2026-07-21T03:00:00Z,2026-07-21T03:30:00Z,9,195,high
2026-07-21T03:00:00Z,2026-07-21T03:30:00Z,10,209,high
2026-07-21T03:00:00Z,2026-07-21T03:30:00Z,11,380,very high
2026-07-21T03:00:00Z,2026-07-21T03:30:00Z,12,193,high
2026-07-21T03:00:00Z,2026-07-21T03:30:00Z,13,178,high
2026-07-21T03:00:00Z,2026-07-21T03:30:00Z,14,164,moderate
2026-07-21T03:00:00Z,2026-07-21T03:30:00Z,15,154,moderate
2026-07-21T03:00:00Z,2026-07-21T03:30:00Z,16,1,very low
2026-07-21T03:00:00Z,2026-07-21T03:30:00Z,17,279,very high
2026-07-21T03:00:00Z,2026-07-21T03:30:00Z,18,157,moderate
2026-07-21T03:30:00Z,2026-07-21T04:00:00Z,1,0,very low
2026-07-21T03:30:00Z,2026-07-21T04:00:00Z,2,0,very low
2026-07-21T03:30:00Z,2026-07-21T04:00:00Z,3,34,low
2026-07-21T03:30:00Z,2026-07-21T04:00:00Z,4,18,very low
2026-07-21T03:30:00Z,2026-07-21T04:00:00Z,5,111,moderate
2026-07-21T03:30:00Z,2026-07-21T04:00:00Z,6,84,low
2026-07-21T03:30:00Z,2026-07-21T04:00:00Z,7,384,very high
2026-07-21T03:30:00Z,2026-07-21T04:00:00Z,8,143,moderate
2026-07-21T03:30:00Z,2026-07-21T04:00:00Z,9,170,high
2026-07-21T03:30:00Z,2026-07-21T04:00:00Z,10,193,high
2026-07-21T03:30:00Z,2026-07-21T04:00:00Z,11,387,very high
2026-07-21T03:30:00Z,2026-07-21T04:00:00Z,12,213,high
2026-07-21T03:30:00Z,2026-07-21T04:00:00Z,13,179,high
2026-07-21T03:30:00Z,2026-07-21T04:00:00Z,14,165,moderate
2026-07-21T03:30:00Z,2026-07-21T04:00:00Z,15,153,moderate
2026-07-21T03:30:00Z,2026-07-21T04:00:00Z,16,0,very low
2026-07-21T03:30:00Z,2026-07-21T04:00:00Z,17,317,very high
2026-07-21T03:30:00Z,2026-07-21T04:00:00Z,18,157,moderate
2026-07-21T04:00:00Z,2026-07-21T04:30:00Z,1,0,very low
2026-07-21T04:00:00Z,2026-07-21T04:30:00Z,2,0,very low
2026-07-21T04:00:00Z,2026-07-21T04:30:00Z,3,42,low
2026-07-21T04:00:00Z,2026-07-21T04:30:00Z,4,21,very low
2026-07-21T04:00:00Z,2026-07-21T04:30:00Z,5,108,moderate
2026-07-21T04:00:00Z,2026-07-21T04:30:00Z,6,91,moderate
2026-07-21T04:00:00Z,2026-07-21T04:30:00Z,7,379,very high
2026-07-21T04:00:00Z,2026-07-21T04:30:00Z,8,122,moderate
2026-07-21T04:00:00Z,2026-07-21T04:30:00Z,9,190,high
2026-07-21T04:00:00Z,2026-07-21T04:30:00Z,10,204,high
2026-07-21T04:00:00Z,2026-07-21T04:30:00Z,11,377,very high
2026-07-21T04:00:00Z,2026-07-21T04:30:00Z,12,208,high
2026-07-21T04:00:00Z,2026-07-21T04:30:00Z,13,180,high
2026-07-21T04:00:00Z,2026-07-21T04:30:00Z,14,160,moderate
2026-07-21T04:00:00Z,2026-07-21T04:30:00Z,15,154,moderate
2026-07-21T04:00:00Z,2026-07-21T04:30:00Z,16,1,very low
2026-07-21T04:00:00Z,2026-07-21T04:30:00Z,17,268,very high
2026-07-21T04:00:00Z,2026-07-21T04:30:00Z,18,156,moderate
2026-07-21T04:30:00Z,2026-07-21T05:00:00Z,1,0,very low
2026-07-21T04:30:00Z,2026-07-21T05:00:00Z,2,0,very low
2026-07-21T04:30:00Z,2026-07-21T05:00:00Z,3,31,low
2026-07-21T04:30:00Z,2026-07-21T05:00:00Z,4,20,very low
2026-07-21T04:30:00Z,2026-07-21T05:00:00Z,5,106,moderate
2026-07-21T04:30:00Z,2026-07-21T05:00:00Z,6,98,moderate
2026-07-21T04:30:00Z,2026-07-21T05:00:00Z,7,383,very high
2026-07-21T04:30:00Z,2026-07-21T05:00:00Z,8,151,moderate
2026-07-21T04:30:00Z,2026-07-21T05:00:00Z,9,183,high
2026-07-21T04:30:00Z,2026-07-21T05:00:00Z,10,175,high
2026-07-21T04:30:00Z,2026-07-21T05:00:00Z,11,372,very high
2026-07-21T04:30:00Z,2026-07-21T05:00:00Z,12,198,high
2026-07-21T04:30:00Z,2026-07-21T05:00:00Z,13,167,moderate
2026-07-21T04:30:00Z,2026-07-21T05:00:00Z,14,157,moderate
2026-07-21T04:30:00Z,2026-07-21T05:00:00Z,15,150,moderate
2026-07-21T04:30:00Z,2026-07-21T05:00:00Z,16,0,very low
2026-07-21T04:30:00Z,2026-07-21T05:00:00Z,17,292,very high
2026-07-21T04:30:00Z,2026-07-21T05:00:00Z,18,153,moderate
2026-07-21T05:00:00Z,2026-07-21T05:30:00Z,1,0,very low
2026-07-21T05:00:00Z,2026-07-21T05:30:00Z,2,1,very low
2026-07-21T05:00:00Z,2026-07-21T05:30:00Z,3,42,low
2026-07-21T05:00:00Z,2026-07-21T05:30:00Z,4,21,very low
2026-07-21T05:00:00Z,2026-07-21T05:30:00Z,5,103,moderate
2026-07-21T05:00:00Z,2026-07-21T05:30:00Z,6,83,low
2026-07-21T05:00:00Z,2026-07-21T05:30:00Z,7,376,very high
2026-07-21T05:00:00Z,2026-07-21T05:30:00Z,8,132,moderate
2026-07-21T05:00:00Z,2026-07-21T05:30:00Z,9,189,high
2026-07-21T05:00:00Z,2026-07-21T05:30:00Z,10,189,high
2026-07-21T05:00:00Z,2026-07-21T05:30:00Z,11,350,very high
2026-07-21T05:00:00Z,2026-07-21T05:30:00Z,12,188,high
2026-07-21T05:00:00Z,2026-07-21T05:30:00Z,13,170,high
2026-07-21T05:00:00Z,2026-07-21T05:30:00Z,14,157,moderate
2026-07-21T05:00:00Z,2026-07-21T05:30:00Z,15,150,moderate
2026-07-21T05:00:00Z,2026-07-21T05:30:00Z,16,2,very low
2026-07-21T05:00:00Z,2026-07-21T05:30:00Z,17,251,very high
2026-07-21T05:00:00Z,2026-07-21T05:30:00Z,18,151,moderate
2026-07-21T05:30:00Z,2026-07-21T06:00:00Z,1,0,very low
2026-07-21T05:30:00Z,2026-07-21T06:00:00Z,2,0,very low
2026-07-21T05:30:00Z,2026-07-21T06:00:00Z,3,25,low
2026-07-21T05:30:00Z,2026-07-21T06:00:00Z,4,19,very low
2026-07-21T05:30:00Z,2026-07-21T06:00:00Z,5,101,moderate
2026-07-21T05:30:00Z,2026-07-21T06:00:00Z,6,96,moderate
2026-07-21T05:30:00Z,2026-07-21T06:00:00Z,7,359,very high
2026-07-21T05:30:00Z,2026-07-21T06:00:00Z,8,127,moderate
2026-07-21T05:30:00Z,2026-07-21T06:00:00Z,9,183,high
2026-07-21T05:30:00Z,2026-07-21T06:00:00Z,10,239,very high
2026-07-21T05:30:00Z,2026-07-21T06:00:00Z,11,297,very high
2026-07-21T05:30:00Z,2026-07-21T06:00:00Z,12,150,moderate
2026-07-21T05:30:00Z,2026-07-21T06:00:00Z,13,162,moderate
2026-07-21T05:30:00Z,2026-07-21T06:00:00Z,14,152,moderate
2026-07-21T05:30:00Z,2026-07-21T06:00:00Z,15,148,moderate
2026-07-21T05:30:00Z,2026-07-21T06:00:00Z,16,0,very low
2026-07-21T05:30:00Z,2026-07-21T06:00:00Z,17,275,very high
2026-07-21T05:30:00Z,2026-07-21T06:00:00Z,18,151,moderate
2026-07-21T06:00:00Z,2026-07-21T06:30:00Z,1,0,very low
2026-07-21T06:00:00Z,2026-07-21T06:30:00Z,2,0,very low
2026-07-21T06:00:00Z,2026-07-21T06:30:00Z,3,25,low
2026-07-21T06:00:00Z,2026-07-21T06:30:00Z,4,19,very low
2026-07-21T06:00:00Z,2026-07-21T06:30:00Z,5,103,moderate
2026-07-21T06:00:00Z,2026-07-21T06:30:00Z,6,100,moderate
2026-07-21T06:00:00Z,2026-07-21T06:30:00Z,7,349,very high
2026-07-21T06:00:00Z,2026-07-21T06:30:00Z,8,123,moderate
2026-07-21T06:00:00Z,2026-07-21T06:30:00Z,9,185,high
2026-07-21T06:00:00Z,2026-07-21T06:30:00Z,10,241,very high
2026-07-21T06:00:00Z,2026-07-21T06:30:00Z,11,249,very high
2026-07-21T06:00:00Z,2026-07-21T06:30:00Z,12,141,moderate
2026-07-21T06:00:00Z,2026-07-21T06:30:00Z,13,158,moderate
2026-07-21T06:00:00Z,2026-07-21T06:30:00Z,14,144,moderate
2026-07-21T06:00:00Z,2026-07-21T06:30:00Z,15,149,moderate
2026-07-21T06:00:00Z,2026-07-21T06:30:00Z,16,0,very low
2026-07-21T06:00:00Z,2026-07-21T06:30:00Z,17,233,very high
2026-07-21T06:00:00Z,2026-07-21T06:30:00Z,18,150,moderate
2026-07-21T06:30:00Z,2026-07-21T07:00:00Z,1,0,very low
2026-07-21T06:30:00Z,2026-07-21T07:00:00Z,2,0,very low
2026-07-21T06:30:00Z,2026-07-21T07:00:00Z,3,19,very low
2026-07-21T06:30:00Z,2026-07-21T07:00:00Z,4,17,very low
2026-07-21T06:30:00Z,2026-07-21T07:00:00Z,5,107,moderate
2026-07-21T06:30:00Z,2026-07-21T07:00:00Z,6,95,moderate
2026-07-21T06:30:00Z,2026-07-21T07:00:00Z,7,338,very high
2026-07-21T06:30:00Z,2026-07-21T07:00:00Z,8,110,moderate
2026-07-21T06:30:00Z,2026-07-21T07:00:00Z,9,189,high
2026-07-21T06:30:00Z,2026-07-21T07:00:00Z,10,236,very high
2026-07-21T06:30:00Z,2026-07-21T07:00:00Z,11,198,high
2026-07-21T06:30:00Z,2026-07-21T07:00:00Z,12,127,moderate
2026-07-21T06:30:00Z,2026-07-21T07:00:00Z,13,155,moderate
2026-07-21T06:30:00Z,2026-07-21T07:00:00Z,14,145,moderate
2026-07-21T06:30:00Z,2026-07-21T07:00:00Z,15,144,moderate
2026-07-21T06:30:00Z,2026-07-21T07:00:00Z,16,0,very low
2026-07-21T06:30:00Z,2026-07-21T07:00:00Z,17,210,high
2026-07-21T06:30:00Z,2026-07-21T07:00:00Z,18,144,moderate
2026-07-21T07:00:00Z,2026-07-21T07:30:00Z,1,0,very low
2026-07-21T07:00:00Z,2026-07-21T07:30:00Z,2,0,very low
2026-07-21T07:00:00Z,2026-07-21T07:30:00Z,3,28,low
2026-07-21T07:00:00Z,2026-07-21T07:30:00Z,4,17,very low
2026-07-21T07:00:00Z,2026-07-21T07:30:00Z,5,103,moderate
2026-07-21T07:00:00Z,2026-07-21T07:30:00Z,6,96,moderate
2026-07-21T07:00:00Z,2026-07-21T07:30:00Z,7,316,very high
2026-07-21T07:00:00Z,2026-07-21T07:30:00Z,8,96,moderate
2026-07-21T07:00:00Z,2026-07-21T07:30:00Z,9,179,high
2026-07-21T07:00:00Z,2026-07-21T07:30:00Z,10,229,high
2026-07-21T07:00:00Z,2026-07-21T07:30:00Z,11,172,high
2026-07-21T07:00:00Z,2026-07-21T07:30:00Z,12,113,moderate
2026-07-21T07:00:00Z,2026-07-21T07:30:00Z,13,148,moderate
2026-07-21T07:00:00Z,2026-07-21T07:30:00Z,14,140,moderate
2026-07-21T07:00:00Z,2026-07-21T07:30:00Z,15,137,moderate
2026-07-21T07:00:00Z,2026-07-21T07:30:00Z,16,0,very low
2026-07-21T07:00:00Z,2026-07-21T07:30:00Z,17,205,high
2026-07-21T07:00:00Z,2026-07-21T07:30:00Z,18,137,moderate
2026-07-21T07:30:00Z,2026-07-21T08:00:00Z,1,0,very low
2026-07-21T07:30:00Z,2026-07-21T08:00:00Z,2,0,very low
2026-07-21T07:30:00Z,2026-07-21T08:00:00Z,3,25,low
2026-07-21T07:30:00Z,2026-07-21T08:00:00Z,4,17,very low
2026-07-21T07:30:00Z,2026-07-21T08:00:00Z,5,100,moderate
2026-07-21T07:30:00Z,2026-07-21T08:00:00Z,6,83,low
2026-07-21T07:30:00Z,2026-07-21T08:00:00Z,7,295,very high
2026-07-21T07:30:00Z,2026-07-21T08:00:00Z,8,83,low
2026-07-21T07:30:00Z,2026-07-21T08:00:00Z,9,172,high
2026-07-21T07:30:00Z,2026-07-21T08:00:00Z,10,227,high
2026-07-21T07:30:00Z,2026-07-21T08:00:00Z,11,132,moderate
2026-07-21T07:30:00Z,2026-07-21T08:00:00Z,12,106,moderate
2026-07-21T07:30:00Z,2026-07-21T08:00:00Z,13,152,moderate
2026-07-21T07:30:00Z,2026-07-21T08:00:00Z,14,149,moderate
2026-07-21T07:30:00Z,2026-07-21T08:00:00Z,15,130,moderate
2026-07-21T07:30:00Z,2026-07-21T08:00:00Z,16,0,very low
2026-07-21T07:30:00Z,2026-07-21T08:00:00Z,17,193,high
2026-07-21T07:30:00Z,2026-07-21T08:00:00Z,18,129,moderate
2026-07-21T08:00:00Z,2026-07-21T08:30:00Z,1,0,very low
2026-07-21T08:00:00Z,2026-07-21T08:30:00Z,2,0,very low
2026-07-21T08:00:00Z,2026-07-21T08:30:00Z,3,24,very low
2026-07-21T08:00:00Z,2026-07-21T08:30:00Z,4,17,very low
2026-07-21T08:00:00Z,2026-07-21T08:30:00Z,5,97,moderate
2026-07-21T08:00:00Z,2026-07-21T08:30:00Z,6,86,low
2026-07-21T08:00:00Z,2026-07-21T08:30:00Z,7,277,very high
2026-07-21T08:00:00Z,2026-07-21T08:30:00Z,8,75,low
2026-07-21T08:00:00Z,2026-07-21T08:30:00Z,9,157,moderate
2026-07-21T08:00:00Z,2026-07-21T08:30:00Z,10,216,high
2026-07-21T08:00:00Z,2026-07-21T08:30:00Z,11,100,moderate
2026-07-21T08:00:00Z,2026-07-21T08:30:00Z,12,93,moderate
2026-07-21T08:00:00Z,2026-07-21T08:30:00Z,13,146,moderate
2026-07-21T08:00:00Z,2026-07-21T08:30:00Z,14,147,moderate
2026-07-21T08:00:00Z,2026-07-21T08:30:00Z,15,121,moderate
2026-07-21T08:00:00Z,2026-07-21T08:30:00Z,16,0,very low
2026-07-21T08:00:00Z,2026-07-21T08:30:00Z,17,181,high
2026-07-21T08:00:00Z,2026-07-21T08:30:00Z,18,120,moderate
2026-07-21T08:30:00Z,2026-07-21T09:00:00Z,1,0,very low
2026-07-21T08:30:00Z,2026-07-21T09:00:00Z,2,0,very low
2026-07-21T08:30:00Z,2026-07-21T09:00:00Z,3,26,low
2026-07-21T08:30:00Z,2026-07-21T09:00:00Z,4,16,very low
2026-07-21T08:30:00Z,2026-07-21T09:00:00Z,5,108,moderate
2026-07-21T08:30:00Z,2026-07-21T09:00:00Z,6,60,low
2026-07-21T08:30:00Z,2026-07-21T09:00:00Z,7,267,very high
2026-07-21T08:30:00Z,2026-07-21T09:00:00Z,8,65,low
2026-07-21T08:30:00Z,2026-07-21T09:00:00Z,9,149,moderate
2026-07-21T08:30:00Z,2026-07-21T09:00:00Z,10,200,high
2026-07-21T08:30:00Z,2026-07-21T09:00:00Z,11,78,low
2026-07-21T08:30:00Z,2026-07-21T09:00:00Z,12,88,low
2026-07-21T08:30:00Z,2026-07-21T09:00:00Z,13,143,moderate
2026-07-21T08:30:00Z,2026-07-21T09:00:00Z,14,145,moderate
2026-07-21T08:30:00Z,2026-07-21T09:00:00Z,15,112,moderate
2026-07-21T08:30:00Z,2026-07-21T09:00:00Z,16,0,very low
2026-07-21T08:30:00Z,2026-07-21T09:00:00Z,17,191,high
2026-07-21T08:30:00Z,2026-07-21T09:00:00Z,18,113,moderate
2026-07-21T09:00:00Z,2026-07-21T09:30:00Z,1,0,very low
2026-07-21T09:00:00Z,2026-07-21T09:30:00Z,2,0,very low
2026-07-21T09:00:00Z,2026-07-21T09:30:00Z,3,39,low
2026-07-21T09:00:00Z,2026-07-21T09:30:00Z,4,19,very low
2026-07-21T09:00:00Z,2026-07-21T09:30:00Z,5,108,moderate
2026-07-21T09:00:00Z,2026-07-21T09:30:00Z,6,62,low
2026-07-21T09:00:00Z,2026-07-21T09:30:00Z,7,256,very high
2026-07-21T09:00:00Z,2026-07-21T09:30:00Z,8,65,low
2026-07-21T09:00:00Z,2026-07-21T09:30:00Z,9,141,moderate
2026-07-21T09:00:00Z,2026-07-21T09:30:00Z,10,194,high
2026-07-21T09:00:00Z,2026-07-21T09:30:00Z,11,62,low
2026-07-21T09:00:00Z,2026-07-21T09:30:00Z,12,70,low
2026-07-21T09:00:00Z,2026-07-21T09:30:00Z,13,137,moderate
2026-07-21T09:00:00Z,2026-07-21T09:30:00Z,14,142,moderate
2026-07-21T09:00:00Z,2026-07-21T09:30:00Z,15,108,moderate
2026-07-21T09:00:00Z,2026-07-21T09:30:00Z,16,0,very low
2026-07-21T09:00:00Z,2026-07-21T09:30:00Z,17,163,moderate
2026-07-21T09:00:00Z,2026-07-21T09:30:00Z,18,107,moderate
2026-07-21T09:30:00Z,2026-07-21T10:00:00Z,1,0,very low
2026-07-21T09:30:00Z,2026-07-21T10:00:00Z,2,0,very low
2026-07-21T09:30:00Z,2026-07-21T10:00:00Z,3,32,low
2026-07-21T09:30:00Z,2026-07-21T10:00:00Z,4,16,very low
2026-07-21T09:30:00Z,2026-07-21T10:00:00Z,5,104,moderate
2026-07-21T09:30:00Z,2026-07-21T10:00:00Z,6,48,low
2026-07-21T09:30:00Z,2026-07-21T10:00:00Z,7,255,very high
2026-07-21T09:30:00Z,2026-07-21T10:00:00Z,8,62,low
2026-07-21T09:30:00Z,2026-07-21T10:00:00Z,9,132,moderate
2026-07-21T09:30:00Z,2026-07-21T10:00:00Z,10,187,high
2026-07-21T09:30:00Z,2026-07-21T10:00:00Z,11,62,low
2026-07-21T09:30:00Z,2026-07-21T10:00:00Z,12,66,low
2026-07-21T09:30:00Z,2026-07-21T10:00:00Z,13,133,moderate
2026-07-21T09:30:00Z,2026-07-21T10:00:00Z,14,140,moderate
2026-07-21T09:30:00Z,2026-07-21T10:00:00Z,15,103,moderate
2026-07-21T09:30:00Z,2026-07-21T10:00:00Z,16,0,very low
2026-07-21T09:30:00Z,2026-07-21T10:00:00Z,17,152,moderate
2026-07-21T09:30:00Z,2026-07-21T10:00:00Z,18,102,moderate
2026-07-21T10:00:00Z,2026-07-21T10:30:00Z,1,0,very low
2026-07-21T10:00:00Z,2026-07-21T10:30:00Z,2,0,very low
2026-07-21T10:00:00Z,2026-07-21T10:30:00Z,3,29,low
2026-07-21T10:00:00Z,2026-07-21T10:30:00Z,4,16,very low
2026-07-21T10:00:00Z,2026-07-21T10:30:00Z,5,106,moderate
2026-07-21T10:00:00Z,2026-07-21T10:30:00Z,6,42,low
2026-07-21T10:00:00Z,2026-07-21T10:30:00Z,7,240,very high
2026-07-21T10:00:00Z,2026-07-21T10:30:00Z,8,53,low
2026-07-21T10:00:00Z,2026-07-21T10:30:00Z,9,139,moderate
2026-07-21T10:00:00Z,2026-07-21T10:30:00Z,10,187,high
2026-07-21T10:00:00Z,2026-07-21T10:30:00Z,11,61,low
2026-07-21T10:00:00Z,2026-07-21T10:30:00Z,12,65,low
2026-07-21T10:00:00Z,2026-07-21T10:30:00Z,13,134,moderate
2026-07-21T10:00:00Z,2026-07-21T10:30:00Z,14,143,moderate
2026-07-21T10:00:00Z,2026-07-21T10:30:00Z,15,101,moderate
2026-07-21T10:00:00Z,2026-07-21T10:30:00Z,16,0,very low
2026-07-21T10:00:00Z,2026-07-21T10:30:00Z,17,160,moderate
2026-07-21T10:00:00Z,2026-07-21T10:30:00Z,18,101,moderate
2026-07-21T10:30:00Z,2026-07-21T11:00:00Z,1,0,very low
2026-07-21T10:30:00Z,2026-07-21T11:00:00Z,2,0,very low
2026-07-21T10:30:00Z,2026-07-21T11:00:00Z,3,27,low
2026-07-21T10:30:00Z,2026-07-21T11:00:00Z,4,14,very low
2026-07-21T10:30:00Z,2026-07-21T11:00:00Z,5,108,moderate
2026-07-21T10:30:00Z,2026-07-21T11:00:00Z,6,32,low
2026-07-21T10:30:00Z,2026-07-21T11:00:00Z,7,237,very high
2026-07-21T10:30:00Z,2026-07-21T11:00:00Z,8,46,low
2026-07-21T10:30:00Z,2026-07-21T11:00:00Z,9,137,moderate
2026-07-21T10:30:00Z,2026-07-21T11:00:00Z,10,180,high
2026-07-21T10:30:00Z,2026-07-21T11:00:00Z,11,59,low
2026-07-21T10:30:00Z,2026-07-21T11:00:00Z,12,66,low
2026-07-21T10:30:00Z,2026-07-21T11:00:00Z,13,126,moderate
2026-07-21T10:30:00Z,2026-07-21T11:00:00Z,14,132,moderate
2026-07-21T10:30:00Z,2026-07-21T11:00:00Z,15,98,moderate
2026-07-21T10:30:00Z,2026-07-21T11:00:00Z,16,0,very low
2026-07-21T10:30:00Z,2026-07-21T11:00:00Z,17,147,moderate
2026-07-21T10:30:00Z,2026-07-21T11:00:00Z,18,97,moderate
2026-07-21T11:00:00Z,2026-07-21T11:30:00Z,1,0,very low
2026-07-21T11:00:00Z,2026-07-21T11:30:00Z,2,0,very low
2026-07-21T11:00:00Z,2026-07-21T11:30:00Z,3,30,low
2026-07-21T11:00:00Z,2026-07-21T11:30:00Z,4,15,very low
2026-07-21T11:00:00Z,2026-07-21T11:30:00Z,5,110,moderate
2026-07-21T11:00:00Z,2026-07-21T11:30:00Z,6,25,low
2026-07-21T11:00:00Z,2026-07-21T11:30:00Z,7,238,very high
2026-07-21T11:00:00Z,2026-07-21T11:30:00Z,8,47,low
2026-07-21T11:00:00Z,2026-07-21T11:30:00Z,9,140,moderate
2026-07-21T11:00:00Z,2026-07-21T11:30:00Z,10,180,high
2026-07-21T11:00:00Z,2026-07-21T11:30:00Z,11,60,low
2026-07-21T11:00:00Z,2026-07-21T11:30:00Z,12,60,low
2026-07-21T11:00:00Z,2026-07-21T11:30:00Z,13,126,moderate
2026-07-21T11:00:00Z,2026-07-21T11:30:00Z,14,133,moderate
2026-07-21T11:00:00Z,2026-07-21T11:30:00Z,15,98,moderate
2026-07-21T11:00:00Z,2026-07-21T11:30:00Z,16,0,very low
2026-07-21T11:00:00Z,2026-07-21T11:30:00Z,17,144,moderate
2026-07-21T11:00:00Z,2026-07-21T11:30:00Z,18,97,moderate
2026-07-21T11:30:00Z,2026-07-21T12:00:00Z,1,0,very low
2026-07-21T11:30:00Z,2026-07-21T12:00:00Z,2,0,very low
2026-07-21T11:30:00Z,2026-07-21T12:00:00Z,3,30,low
2026-07-21T11:30:00Z,2026-07-21T12:00:00Z,4,14,very low
2026-07-21T11:30:00Z,2026-07-21T12:00:00Z,5,110,moderate
2026-07-21T11:30:00Z,2026-07-21T12:00:00Z,6,44,low
2026-07-21T11:30:00Z,2026-07-21T12:00:00Z,7,246,very high
2026-07-21T11:30:00Z,2026-07-21T12:00:00Z,8,58,low
2026-07-21T11:30:00Z,2026-07-21T12:00:00Z,9,135,moderate
2026-07-21T11:30:00Z,2026-07-21T12:00:00Z,10,168,moderate
2026-07-21T11:30:00Z,2026-07-21T12:00:00Z,11,62,low
2026-07-21T11:30:00Z,2026-07-21T12:00:00Z,12,61,low
2026-07-21T11:30:00Z,2026-07-21T12:00:00Z,13,129,moderate
2026-07-21T11:30:00Z,2026-07-21T12:00:00Z,14,139,moderate
2026-07-21T11:30:00Z,2026-07-21T12:00:00Z,15,99,moderate
2026-07-21T11:30:00Z,2026-07-21T12:00:00Z,16,0,very low
2026-07-21T11:30:00Z,2026-07-21T12:00:00Z,17,148,moderate
2026-07-21T11:30:00Z,2026-07-21T12:00:00Z,18,98,moderate
2026-07-21T12:00:00Z,2026-07-21T12:30:00Z,1,0,very low
2026-07-21T12:00:00Z,2026-07-21T12:30:00Z,2,0,very low
2026-07-21T12:00:00Z,2026-07-21T12:30:00Z,3,29,low
2026-07-21T12:00:00Z,2026-07-21T12:30:00Z,4,15,very low
2026-07-21T12:00:00Z,2026-07-21T12:30:00Z,5,106,moderate
2026-07-21T12:00:00Z,2026-07-21T12:30:00Z,6,30,low
2026-07-21T12:00:00Z,2026-07-21T12:30:00Z,7,237,very high
2026-07-21T12:00:00Z,2026-07-21T12:30:00Z,8,50,low
2026-07-21T12:00:00Z,2026-07-21T12:30:00Z,9,137,moderate
2026-07-21T12:00:00Z,2026-07-21T12:30:00Z,10,168,moderate
2026-07-21T12:00:00Z,2026-07-21T12:30:00Z,11,54,low
2026-07-21T12:00:00Z,2026-07-21T12:30:00Z,12,61,low
2026-07-21T12:00:00Z,2026-07-21T12:30:00Z,13,128,moderate
2026-07-21T12:00:00Z,2026-07-21T12:30:00Z,14,137,moderate
2026-07-21T12:00:00Z,2026-07-21T12:30:00Z,15,96,moderate
2026-07-21T12:00:00Z,2026-07-21T12:30:00Z,16,0,very low
2026-07-21T12:00:00Z,2026-07-21T12:30:00Z,17,142,moderate
2026-07-21T12:00:00Z,2026-07-21T12:30:00Z,18,95,moderate
2026-07-21T12:30:00Z,2026-07-21T13:00:00Z,1,0,very low
2026-07-21T12:30:00Z,2026-07-21T13:00:00Z,2,0,very low
2026-07-21T12:30:00Z,2026-07-21T13:00:00Z,3,29,low
2026-07-21T12:30:00Z,2026-07-21T13:00:00Z,4,14,very low
2026-07-21T12:30:00Z,2026-07-21T13:00:00Z,5,109,moderate
2026-07-21T12:30:00Z,2026-07-21T13:00:00Z,6,28,low
2026-07-21T12:30:00Z,2026-07-21T13:00:00Z,7,239,very high
2026-07-21T12:30:00Z,2026-07-21T13:00:00Z,8,48,low
2026-07-21T12:30:00Z,2026-07-21T13:00:00Z,9,136,moderate
2026-07-21T12:30:00Z,2026-07-21T13:00:00Z,10,168,moderate
2026-07-21T12:30:00Z,2026-07-21T13:00:00Z,11,61,low
2026-07-21T12:30:00Z,2026-07-21T13:00:00Z,12,60,low
2026-07-21T12:30:00Z,2026-07-21T13:00:00Z,13,120,moderate
2026-07-21T12:30:00Z,2026-07-21T13:00:00Z,14,127,moderate
2026-07-21T12:30:00Z,2026-07-21T13:00:00Z,15,95,moderate
2026-07-21T12:30:00Z,2026-07-21T13:00:00Z,16,0,very low
2026-07-21T12:30:00Z,2026-07-21T13:00:00Z,17,148,moderate
2026-07-21T12:30:00Z,2026-07-21T13:00:00Z,18,94,moderate
2026-07-21T13:00:00Z,2026-07-21T13:30:00Z,1,0,very low
2026-07-21T13:00:00Z,2026-07-21T13:30:00Z,2,0,very low
2026-07-21T13:00:00Z,2026-07-21T13:30:00Z,3,26,low
2026-07-21T13:00:00Z,2026-07-21T13:30:00Z,4,14,very low
2026-07-21T13:00:00Z,2026-07-21T13:30:00Z,5,105,moderate
2026-07-21T13:00:00Z,2026-07-21T13:30:00Z,6,21,very low
2026-07-21T13:00:00Z,2026-07-21T13:30:00Z,7,238,very high
2026-07-21T13:00:00Z,2026-07-21T13:30:00Z,8,43,low
2026-07-21T13:00:00Z,2026-07-21T13:30:00Z,9,135,moderate
2026-07-21T13:00:00Z,2026-07-21T13:30:00Z,10,162,moderate
2026-07-21T13:00:00Z,2026-07-21T13:30:00Z,11,64,low
2026-07-21T13:00:00Z,2026-07-21T13:30:00Z,12,59,low
2026-07-21T13:00:00Z,2026-07-21T13:30:00Z,13,118,moderate
2026-07-21T13:00:00Z,2026-07-21T13:30:00Z,14,126,moderate
2026-07-21T13:00:00Z,2026-07-21T13:30:00Z,15,92,moderate
2026-07-21T13:00:00Z,2026-07-21T13:30:00Z,16,0,very low
2026-07-21T13:00:00Z,2026-07-21T13:30:00Z,17,143,moderate
2026-07-21T13:00:00Z,2026-07-21T13:30:00Z,18,91,moderate
2026-07-21T13:30:00Z,2026-07-21T14:00:00Z,1,0,very low
2026-07-21T13:30:00Z,2026-07-21T14:00:00Z,2,0,very low
2026-07-21T13:30:00Z,2026-07-21T14:00:00Z,3,31,low
2026-07-21T13:30:00Z,2026-07-21T14:00:00Z,4,14,very low
2026-07-21T13:30:00Z,2026-07-21T14:00:00Z,5,106,moderate
2026-07-21T13:30:00Z,2026-07-21T14:00:00Z,6,41,low
2026-07-21T13:30:00Z,2026-07-21T14:00:00Z,7,249,very high
2026-07-21T13:30:00Z,2026-07-21T14:00:00Z,8,54,low
2026-07-21T13:30:00Z,2026-07-21T14:00:00Z,9,117,moderate
2026-07-21T13:30:00Z,2026-07-21T14:00:00Z,10,161,moderate
2026-07-21T13:30:00Z,2026-07-21T14:00:00Z,11,83,low
2026-07-21T13:30:00Z,2026-07-21T14:00:00Z,12,58,low
2026-07-21T13:30:00Z,2026-07-21T14:00:00Z,13,113,moderate
2026-07-21T13:30:00Z,2026-07-21T14:00:00Z,14,120,moderate
2026-07-21T13:30:00Z,2026-07-21T14:00:00Z,15,93,moderate
2026-07-21T13:30:00Z,2026-07-21T14:00:00Z,16,0,very low
2026-07-21T13:30:00Z,2026-07-21T14:00:00Z,17,149,moderate
2026-07-21T13:30:00Z,2026-07-21T14:00:00Z,18,92,moderate
2026-07-21T14:00:00Z,2026-07-21T14:30:00Z,1,0,very low
2026-07-21T14:00:00Z,2026-07-21T14:30:00Z,2,1,very low
2026-07-21T14:00:00Z,2026-07-21T14:30:00Z,3,21,very low
2026-07-21T14:00:00Z,2026-07-21T14:30:00Z,4,13,very low
2026-07-21T14:00:00Z,2026-07-21T14:30:00Z,5,100,moderate
2026-07-21T14:00:00Z,2026-07-21T14:30:00Z,6,34,low
2026-07-21T14:00:00Z,2026-07-21T14:30:00Z,7,243,very high
2026-07-21T14:00:00Z,2026-07-21T14:30:00Z,8,46,low
2026-07-21T14:00:00Z,2026-07-21T14:30:00Z,9,134,moderate
2026-07-21T14:00:00Z,2026-07-21T14:30:00Z,10,170,high
2026-07-21T14:00:00Z,2026-07-21T14:30:00Z,11,75,low
2026-07-21T14:00:00Z,2026-07-21T14:30:00Z,12,62,low
2026-07-21T14:00:00Z,2026-07-21T14:30:00Z,13,119,moderate
2026-07-21T14:00:00Z,2026-07-21T14:30:00Z,14,123,moderate
2026-07-21T14:00:00Z,2026-07-21T14:30:00Z,15,95,moderate
2026-07-21T14:00:00Z,2026-07-21T14:30:00Z,16,0,very low
2026-07-21T14:00:00Z,2026-07-21T14:30:00Z,17,144,moderate
2026-07-21T14:00:00Z,2026-07-21T14:30:00Z,18,94,moderate
2026-07-21T14:30:00Z,2026-07-21T15:00:00Z,1,0,very low
2026-07-21T14:30:00Z,2026-07-21T15:00:00Z,2,0,very low
2026-07-21T14:30:00Z,2026-07-21T15:00:00Z,3,20,very low
2026-07-21T14:30:00Z,2026-07-21T15:00:00Z,4,13,very low
2026-07-21T14:30:00Z,2026-07-21T15:00:00Z,5,99,moderate
2026-07-21T14:30:00Z,2026-07-21T15:00:00Z,6,39,low
2026-07-21T14:30:00Z,2026-07-21T15:00:00Z,7,246,very high
2026-07-21T14:30:00Z,2026-07-21T15:00:00Z,8,45,low
2026-07-21T14:30:00Z,2026-07-21T15:00:00Z,9,131,moderate
2026-07-21T14:30:00Z,2026-07-21T15:00:00Z,10,168,moderate
2026-07-21T14:30:00Z,2026-07-21T15:00:00Z,11,95,moderate
2026-07-21T14:30:00Z,2026-07-21T15:00:00Z,12,67,low
2026-07-21T14:30:00Z,2026-07-21T15:00:00Z,13,119,moderate
2026-07-21T14:30:00Z,2026-07-21T15:00:00Z,14,122,moderate
2026-07-21T14:30:00Z,2026-07-21T15:00:00Z,15,96,moderate
2026-07-21T14:30:00Z,2026-07-21T15:00:00Z,16,0,very low
2026-07-21T14:30:00Z,2026-07-21T15:00:00Z,17,145,moderate
2026-07-21T14:30:00Z,2026-07-21T15:00:00Z,18,94,moderate
2026-07-21T15:00:00Z,2026-07-21T15:30:00Z,1,0,very low
2026-07-21T15:00:00Z,2026-07-21T15:30:00Z,2,0,very low
2026-07-21T15:00:00Z,2026-07-21T15:30:00Z,3,24,very low
2026-07-21T15:00:00Z,2026-07-21T15:30:00Z,4,13,very low
2026-07-21T15:00:00Z,2026-07-21T15:30:00Z,5,99,moderate
2026-07-21T15:00:00Z,2026-07-21T15:30:00Z,6,54,low
2026-07-21T15:00:00Z,2026-07-21T15:30:00Z,7,268,very high
2026-07-21T15:00:00Z,2026-07-21T15:30:00Z,8,61,low
2026-07-21T15:00:00Z,2026-07-21T15:30:00Z,9,141,moderate
2026-07-21T15:00:00Z,2026-07-21T15:30:00Z,10,174,high
2026-07-21T15:00:00Z,2026-07-21T15:30:00Z,11,92,moderate
2026-07-21T15:00:00Z,2026-07-21T15:30:00Z,12,73,low
2026-07-21T15:00:00Z,2026-07-21T15:30:00Z,13,123,moderate
2026-07-21T15:00:00Z,2026-07-21T15:30:00Z,14,126,moderate
2026-07-21T15:00:00Z,2026-07-21T15:30:00Z,15,102,moderate
2026-07-21T15:00:00Z,2026-07-21T15:30:00Z,16,0,very low
2026-07-21T15:00:00Z,2026-07-21T15:30:00Z,17,168,moderate
2026-07-21T15:00:00Z,2026-07-21T15:30:00Z,18,101,moderate
2026-07-21T15:30:00Z,2026-07-21T16:00:00Z,1,0,very low
2026-07-21T15:30:00Z,2026-07-21T16:00:00Z,2,0,very low
2026-07-21T15:30:00Z,2026-07-21T16:00:00Z,3,21,very low
2026-07-21T15:30:00Z,2026-07-21T16:00:00Z,4,13,very low
2026-07-21T15:30:00Z,2026-07-21T16:00:00Z,5,106,moderate
2026-07-21T15:30:00Z,2026-07-21T16:00:00Z,6,71,low
2026-07-21T15:30:00Z,2026-07-21T16:00:00Z,7,283,very high
2026-07-21T15:30:00Z,2026-07-21T16:00:00Z,8,73,low
2026-07-21T15:30:00Z,2026-07-21T16:00:00Z,9,162,moderate
2026-07-21T15:30:00Z,2026-07-21T16:00:00Z,10,194,high
2026-07-21T15:30:00Z,2026-07-21T16:00:00Z,11,103,moderate
2026-07-21T15:30:00Z,2026-07-21T16:00:00Z,12,87,low
2026-07-21T15:30:00Z,2026-07-21T16:00:00Z,13,140,moderate
2026-07-21T15:30:00Z,2026-07-21T16:00:00Z,14,139,moderate
2026-07-21T15:30:00Z,2026-07-21T16:00:00Z,15,116,moderate
2026-07-21T15:30:00Z,2026-07-21T16:00:00Z,16,0,very low
2026-07-21T15:30:00Z,2026-07-21T16:00:00Z,17,173,high
2026-07-21T15:30:00Z,2026-07-21T16:00:00Z,18,113,moderate
2026-07-21T16:00:00Z,2026-07-21T16:30:00Z,1,0,very low
2026-07-21T16:00:00Z,2026-07-21T16:30:00Z,2,1,very low
2026-07-21T16:00:00Z,2026-07-21T16:30:00Z,3,25,low
2026-07-21T16:00:00Z,2026-07-21T16:30:00Z,4,14,very low
2026-07-21T16:00:00Z,2026-07-21T16:30:00Z,5,118,moderate
2026-07-21T16:00:00Z,2026-07-21T16:30:00Z,6,86,low
2026-07-21T16:00:00Z,2026-07-21T16:30:00Z,7,300,very high
2026-07-21T16:00:00Z,2026-07-21T16:30:00Z,8,93,moderate
2026-07-21T16:00:00Z,2026-07-21T16:30:00Z,9,175,high
2026-07-21T16:00:00Z,2026-07-21T16:30:00Z,10,202,high
2026-07-21T16:00:00Z,2026-07-21T16:30:00Z,11,122,moderate
2026-07-21T16:00:00Z,2026-07-21T16:30:00Z,12,100,moderate
2026-07-21T16:00:00Z,2026-07-21T16:30:00Z,13,151,moderate
2026-07-21T16:00:00Z,2026-07-21T16:30:00Z,14,151,moderate
2026-07-21T16:00:00Z,2026-07-21T16:30:00Z,15,128,moderate
2026-07-21T16:00:00Z,2026-07-21T16:30:00Z,16,0,very low
2026-07-21T16:00:00Z,2026-07-21T16:30:00Z,17,183,high
2026-07-21T16:00:00Z,2026-07-21T16:30:00Z,18,125,moderate
2026-07-21T16:30:00Z,2026-07-21T17:00:00Z,1,0,very low
2026-07-21T16:30:00Z,2026-07-21T17:00:00Z,2,1,very low
2026-07-21T16:30:00Z,2026-07-21T17:00:00Z,3,29,low
2026-07-21T16:30:00Z,2026-07-21T17:00:00Z,4,13,very low
2026-07-21T16:30:00Z,2026-07-21T17:00:00Z,5,118,moderate
2026-07-21T16:30:00Z,2026-07-21T17:00:00Z,6,93,moderate
2026-07-21T16:30:00Z,2026-07-21T17:00:00Z,7,310,very high
2026-07-21T16:30:00Z,2026-07-21T17:00:00Z,8,102,moderate
2026-07-21T16:30:00Z,2026-07-21T17:00:00Z,9,191,high
2026-07-21T16:30:00Z,2026-07-21T17:00:00Z,10,179,high
2026-07-21T16:30:00Z,2026-07-21T17:00:00Z,11,153,moderate
2026-07-21T16:30:00Z,2026-07-21T17:00:00Z,12,121,moderate
2026-07-21T16:30:00Z,2026-07-21T17:00:00Z,13,155,moderate
2026-07-21T16:30:00Z,2026-07-21T17:00:00Z,14,156,moderate
2026-07-21T16:30:00Z,2026-07-21T17:00:00Z,15,131,moderate
2026-07-21T16:30:00Z,2026-07-21T17:00:00Z,16,0,very low
2026-07-21T16:30:00Z,2026-07-21T17:00:00Z,17,206,high
2026-07-21T16:30:00Z,2026-07-21T17:00:00Z,18,129,moderate
2026-07-21T17:00:00Z,2026-07-21T17:30:00Z,1,0,very low
2026-07-21T17:00:00Z,2026-07-21T17:30:00Z,2,1,very low
2026-07-21T17:00:00Z,2026-07-21T17:30:00Z,3,34,low
2026-07-21T17:00:00Z,2026-07-21T17:30:00Z,4,12,very low
2026-07-21T17:00:00Z,2026-07-21T17:30:00Z,5,123,moderate
2026-07-21T17:00:00Z,2026-07-21T17:30:00Z,6,117,moderate
2026-07-21T17:00:00Z,2026-07-21T17:30:00Z,7,321,very high
2026-07-21T17:00:00Z,2026-07-21T17:30:00Z,8,111,moderate
2026-07-21T17:00:00Z,2026-07-21T17:30:00Z,9,200,high
2026-07-21T17:00:00Z,2026-07-21T17:30:00Z,10,190,high
2026-07-21T17:00:00Z,2026-07-21T17:30:00Z,11,178,high
2026-07-21T17:00:00Z,2026-07-21T17:30:00Z,12,135,moderate
2026-07-21T17:00:00Z,2026-07-21T17:30:00Z,13,167,moderate
2026-07-21T17:00:00Z,2026-07-21T17:30:00Z,14,170,high
2026-07-21T17:00:00Z,2026-07-21T17:30:00Z,15,142,moderate
2026-07-21T17:00:00Z,2026-07-21T17:30:00Z,16,0,very low
2026-07-21T17:00:00Z,2026-07-21T17:30:00Z,17,225,high
2026-07-21T17:00:00Z,2026-07-21T17:30:00Z,18,140,moderate
2026-07-21T17:30:00Z,2026-07-21T18:00:00Z,1,0,very low
2026-07-21T17:30:00Z,2026-07-21T18:00:00Z,2,1,very low
2026-07-21T17:30:00Z,2026-07-21T18:00:00Z,3,34,low
2026-07-21T17:30:00Z,2026-07-21T18:00:00Z,4,13,very low
2026-07-21T17:30:00Z,2026-07-21T18:00:00Z,5,130,moderate
2026-07-21T17:30:00Z,2026-07-21T18:00:00Z,6,128,moderate
2026-07-21T17:30:00Z,2026-07-21T18:00:00Z,7,329,very high
2026-07-21T17:30:00Z,2026-07-21T18:00:00Z,8,115,moderate
2026-07-21T17:30:00Z,2026-07-21T18:00:00Z,9,207,high
2026-07-21T17:30:00Z,2026-07-21T18:00:00Z,10,193,high
2026-07-21T17:30:00Z,2026-07-21T18:00:00Z,11,194,high
2026-07-21T17:30:00Z,2026-07-21T18:00:00Z,12,149,moderate
2026-07-21T17:30:00Z,2026-07-21T18:00:00Z,13,178,high
2026-07-21T17:30:00Z,2026-07-21T18:00:00Z,14,181,high
2026-07-21T17:30:00Z,2026-07-21T18:00:00Z,15,148,moderate
2026-07-21T17:30:00Z,2026-07-21T18:00:00Z,16,0,very low
2026-07-21T17:30:00Z,2026-07-21T18:00:00Z,17,244,very high
2026-07-21T17:30:00Z,2026-07-21T18:00:00Z,18,146,moderate
2026-07-21T18:00:00Z,2026-07-21T18:30:00Z,1,0,very low
2026-07-21T18:00:00Z,2026-07-21T18:30:00Z,2,2,very low
2026-07-21T18:00:00Z,2026-07-21T18:30:00Z,3,37,low
2026-07-21T18:00:00Z,2026-07-21T18:30:00Z,4,13,very low
2026-07-21T18:00:00Z,2026-07-21T18:30:00Z,5,132,moderate
2026-07-21T18:00:00Z,2026-07-21T18:30:00Z,6,133,moderate
2026-07-21T18:00:00Z,2026-07-21T18:30:00Z,7,340,very high
2026-07-21T18:00:00Z,2026-07-21T18:30:00Z,8,123,moderate
2026-07-21T18:00:00Z,2026-07-21T18:30:00Z,9,216,high
2026-07-21T18:00:00Z,2026-07-21T18:30:00Z,10,210,high
2026-07-21T18:00:00Z,2026-07-21T18:30:00Z,11,234,very high
2026-07-21T18:00:00Z,2026-07-21T18:30:00Z,12,159,moderate
2026-07-21T18:00:00Z,2026-07-21T18:30:00Z,13,187,high
2026-07-21T18:00:00Z,2026-07-21T18:30:00Z,14,187,high
2026-07-21T18:00:00Z,2026-07-21T18:30:00Z,15,158,moderate
2026-07-21T18:00:00Z,2026-07-21T18:30:00Z,16,0,very low
2026-07-21T18:00:00Z,2026-07-21T18:30:00Z,17,251,very high
2026-07-21T18:00:00Z,2026-07-21T18:30:00Z,18,155,moderate
2026-07-21T18:30:00Z,2026-07-21T19:00:00Z,1,0,very low
2026-07-21T18:30:00Z,2026-07-21T19:00:00Z,2,1,very low
2026-07-21T18:30:00Z,2026-07-21T19:00:00Z,3,36,low
2026-07-21T18:30:00Z,2026-07-21T19:00:00Z,4,13,very low
2026-07-21T18:30:00Z,2026-07-21T19:00:00Z,5,133,moderate
2026-07-21T18:30:00Z,2026-07-21T19:00:00Z,6,126,moderate
2026-07-21T18:30:00Z,2026-07-21T19:00:00Z,7,351,very high
2026-07-21T18:30:00Z,2026-07-21T19:00:00Z,8,125,moderate
2026-07-21T18:30:00Z,2026-07-21T19:00:00Z,9,221,high
2026-07-21T18:30:00Z,2026-07-21T19:00:00Z,10,236,very high
2026-07-21T18:30:00Z,2026-07-21T19:00:00Z,11,277,very high
2026-07-21T18:30:00Z,2026-07-21T19:00:00Z,12,176,high
2026-07-21T18:30:00Z,2026-07-21T19:00:00Z,13,202,high
2026-07-21T18:30:00Z,2026-07-21T19:00:00Z,14,193,high
2026-07-21T18:30:00Z,2026-07-21T19:00:00Z,15,167,moderate
2026-07-21T18:30:00Z,2026-07-21T19:00:00Z,16,0,very low
2026-07-21T18:30:00Z,2026-07-21T19:00:00Z,17,259,very high
2026-07-21T18:30:00Z,2026-07-21T19:00:00Z,18,164,moderate
2026-07-21T19:00:00Z,2026-07-21T19:30:00Z,1,0,very low
2026-07-21T19:00:00Z,2026-07-21T19:30:00Z,2,2,very low
2026-07-21T19:00:00Z,2026-07-21T19:30:00Z,3,37,low
2026-07-21T19:00:00Z,2026-07-21T19:30:00Z,4,13,very low
2026-07-21T19:00:00Z,2026-07-21T19:30:00Z,5,128,moderate
2026-07-21T19:00:00Z,2026-07-21T19:30:00Z,6,130,moderate
2026-07-21T19:00:00Z,2026-07-21T19:30:00Z,7,359,very high
2026-07-21T19:00:00Z,2026-07-21T19:30:00Z,8,129,moderate
2026-07-21T19:00:00Z,2026-07-21T19:30:00Z,9,217,high
2026-07-21T19:00:00Z,2026-07-21T19:30:00Z,10,252,very high
2026-07-21T19:00:00Z,2026-07-21T19:30:00Z,11,307,very high
2026-07-21T19:00:00Z,2026-07-21T19:30:00Z,12,185,high
2026-07-21T19:00:00Z,2026-07-21T19:30:00Z,13,211,high
2026-07-21T19:00:00Z,2026-07-21T19:30:00Z,14,196,high
2026-07-21T19:00:00Z,2026-07-21T19:30:00Z,15,171,high
2026-07-21T19:00:00Z,2026-07-21T19:30:00Z,16,1,very low
2026-07-21T19:00:00Z,2026-07-21T19:30:00Z,17,263,very high
2026-07-21T19:00:00Z,2026-07-21T19:30:00Z,18,167,moderate
2026-07-21T19:30:00Z,2026-07-21T20:00:00Z,1,0,very low
2026-07-21T19:30:00Z,2026-07-21T20:00:00Z,2,2,very low
2026-07-21T19:30:00Z,2026-07-21T20:00:00Z,3,39,low
2026-07-21T19:30:00Z,2026-07-21T20:00:00Z,4,13,very low
2026-07-21T19:30:00Z,2026-07-21T20:00:00Z,5,126,moderate
2026-07-21T19:30:00Z,2026-07-21T20:00:00Z,6,143,moderate
2026-07-21T19:30:00Z,2026-07-21T20:00:00Z,7,370,very high
2026-07-21T19:30:00Z,2026-07-21T20:00:00Z,8,143,moderate
2026-07-21T19:30:00Z,2026-07-21T20:00:00Z,9,213,high
2026-07-21T19:30:00Z,2026-07-21T20:00:00Z,10,251,very high
2026-07-21T19:30:00Z,2026-07-21T20:00:00Z,11,339,very high
2026-07-21T19:30:00Z,2026-07-21T20:00:00Z,12,190,high
2026-07-21T19:30:00Z,2026-07-21T20:00:00Z,13,207,high
2026-07-21T19:30:00Z,2026-07-21T20:00:00Z,14,190,high
2026-07-21T19:30:00Z,2026-07-21T20:00:00Z,15,174,high
2026-07-21T19:30:00Z,2026-07-21T20:00:00Z,16,1,very low
2026-07-21T19:30:00Z,2026-07-21T20:00:00Z,17,268,very high
2026-07-21T19:30:00Z,2026-07-21T20:00:00Z,18,169,moderate
2026-07-21T20:00:00Z,2026-07-21T20:30:00Z,1,0,very low
2026-07-21T20:00:00Z,2026-07-21T20:30:00Z,2,2,very low
2026-07-21T20:00:00Z,2026-07-21T20:30:00Z,3,37,low
2026-07-21T20:00:00Z,2026-07-21T20:30:00Z,4,13,very low
2026-07-21T20:00:00Z,2026-07-21T20:30:00Z,5,125,moderate
2026-07-21T20:00:00Z,2026-07-21T20:30:00Z,6,137,moderate
2026-07-21T20:00:00Z,2026-07-21T20:30:00Z,7,374,very high
2026-07-21T20:00:00Z,2026-07-21T20:30:00Z,8,136,moderate
2026-07-21T20:00:00Z,2026-07-21T20:30:00Z,9,215,high
2026-07-21T20:00:00Z,2026-07-21T20:30:00Z,10,257,very high
2026-07-21T20:00:00Z,2026-07-21T20:30:00Z,11,359,very high
2026-07-21T20:00:00Z,2026-07-21T20:30:00Z,12,191,high
2026-07-21T20:00:00Z,2026-07-21T20:30:00Z,13,209,high
2026-07-21T20:00:00Z,2026-07-21T20:30:00Z,14,190,high
2026-07-21T20:00:00Z,2026-07-21T20:30:00Z,15,169,moderate
2026-07-21T20:00:00Z,2026-07-21T20:30:00Z,16,1,very low
2026-07-21T20:00:00Z,2026-07-21T20:30:00Z,17,262,very high
2026-07-21T20:00:00Z,2026-07-21T20:30:00Z,18,167,moderate
2026-07-21T20:30:00Z,2026-07-21T21:00:00Z,1,0,very low
2026-07-21T20:30:00Z,2026-07-21T21:00:00Z,2,2,very low
2026-07-21T20:30:00Z,2026-07-21T21:00:00Z,3,43,low
2026-07-21T20:30:00Z,2026-07-21T21:00:00Z,4,13,very low
2026-07-21T20:30:00Z,2026-07-21T21:00:00Z,5,124,moderate
2026-07-21T20:30:00Z,2026-07-21T21:00:00Z,6,130,moderate
2026-07-21T20:30:00Z,2026-07-21T21:00:00Z,7,374,very high
2026-07-21T20:30:00Z,2026-07-21T21:00:00Z,8,135,moderate
2026-07-21T20:30:00Z,2026-07-21T21:00:00Z,9,212,high
2026-07-21T20:30:00Z,2026-07-21T21:00:00Z,10,257,very high
2026-07-21T20:30:00Z,2026-07-21T21:00:00Z,11,366,very high
2026-07-21T20:30:00Z,2026-07-21T21:00:00Z,12,188,high
2026-07-21T20:30:00Z,2026-07-21T21:00:00Z,13,209,high
2026-07-21T20:30:00Z,2026-07-21T21:00:00Z,14,188,high
2026-07-21T20:30:00Z,2026-07-21T21:00:00Z,15,169,moderate
2026-07-21T20:30:00Z,2026-07-21T21:00:00Z,16,1,very low
2026-07-21T20:30:00Z,2026-07-21T21:00:00Z,17,264,very high
2026-07-21T20:30:00Z,2026-07-21T21:00:00Z,18,166,moderate
2026-07-21T21:00:00Z,2026-07-21T21:30:00Z,1,0,very low
2026-07-21T21:00:00Z,2026-07-21T21:30:00Z,2,2,very low
2026-07-21T21:00:00Z,2026-07-21T21:30:00Z,3,43,low
2026-07-21T21:00:00Z,2026-07-21T21:30:00Z,4,14,very low
2026-07-21T21:00:00Z,2026-07-21T21:30:00Z,5,120,moderate
2026-07-21T21:00:00Z,2026-07-21T21:30:00Z,6,120,moderate
2026-07-21T21:00:00Z,2026-07-21T21:30:00Z,7,373,very high
2026-07-21T21:00:00Z,2026-07-21T21:30:00Z,8,132,moderate
2026-07-21T21:00:00Z,2026-07-21T21:30:00Z,9,214,high
2026-07-21T21:00:00Z,2026-07-21T21:30:00Z,10,262,very high
2026-07-21T21:00:00Z,2026-07-21T21:30:00Z,11,369,very high
2026-07-21T21:00:00Z,2026-07-21T21:30:00Z,12,192,high
2026-07-21T21:00:00Z,2026-07-21T21:30:00Z,13,209,high
2026-07-21T21:00:00Z,2026-07-21T21:30:00Z,14,185,high
2026-07-21T21:00:00Z,2026-07-21T21:30:00Z,15,170,high
2026-07-21T21:00:00Z,2026-07-21T21:30:00Z,16,1,very low
2026-07-21T21:00:00Z,2026-07-21T21:30:00Z,17,265,very high
2026-07-21T21:00:00Z,2026-07-21T21:30:00Z,18,167,moderate
2026-07-21T21:30:00Z,2026-07-21T22:00:00Z,1,0,very low
2026-07-21T21:30:00Z,2026-07-21T22:00:00Z,2,2,very low
2026-07-21T21:30:00Z,2026-07-21T22:00:00Z,3,42,low
2026-07-21T21:30:00Z,2026-07-21T22:00:00Z,4,14,very low
2026-07-21T21:30:00Z,2026-07-21T22:00:00Z,5,110,moderate
2026-07-21T21:30:00Z,2026-07-21T22:00:00Z,6,101,moderate
2026-07-21T21:30:00Z,2026-07-21T22:00:00Z,7,373,very high
2026-07-21T21:30:00Z,2026-07-21T22:00:00Z,8,128,moderate
2026-07-21T21:30:00Z,2026-07-21T22:00:00Z,9,208,high
2026-07-21T21:30:00Z,2026-07-21T22:00:00Z,10,262,very high
2026-07-21T21:30:00Z,2026-07-21T22:00:00Z,11,367,very high
2026-07-21T21:30:00Z,2026-07-21T22:00:00Z,12,193,high
2026-07-21T21:30:00Z,2026-07-21T22:00:00Z,13,216,high
2026-07-21T21:30:00Z,2026-07-21T22:00:00Z,14,194,high
2026-07-21T21:30:00Z,2026-07-21T22:00:00Z,15,168,moderate
2026-07-21T21:30:00Z,2026-07-21T22:00:00Z,16,1,very low
2026-07-21T21:30:00Z,2026-07-21T22:00:00Z,17,259,very high
2026-07-21T21:30:00Z,2026-07-21T22:00:00Z,18,165,moderate
2026-07-21T22:00:00Z,2026-07-21T22:30:00Z,1,0,very low
2026-07-21T22:00:00Z,2026-07-21T22:30:00Z,2,1,very low
2026-07-21T22:00:00Z,2026-07-21T22:30:00Z,3,40,low
2026-07-21T22:00:00Z,2026-07-21T22:30:00Z,4,14,very low
2026-07-21T22:00:00Z,2026-07-21T22:30:00Z,5,108,moderate
2026-07-21T22:00:00Z,2026-07-21T22:30:00Z,6,85,low
2026-07-21T22:00:00Z,2026-07-21T22:30:00Z,7,372,very high
2026-07-21T22:00:00Z,2026-07-21T22:30:00Z,8,129,moderate
2026-07-21T22:00:00Z,2026-07-21T22:30:00Z,9,209,high
2026-07-21T22:00:00Z,2026-07-21T22:30:00Z,10,249,very high
2026-07-21T22:00:00Z,2026-07-21T22:30:00Z,11,364,very high
2026-07-21T22:00:00Z,2026-07-21T22:30:00Z,12,193,high
2026-07-21T22:00:00Z,2026-07-21T22:30:00Z,13,212,high
2026-07-21T22:00:00Z,2026-07-21T22:30:00Z,14,199,high
2026-07-21T22:00:00Z,2026-07-21T22:30:00Z,15,164,moderate
2026-07-21T22:00:00Z,2026-07-21T22:30:00Z,16,1,very low
2026-07-21T22:00:00Z,2026-07-21T22:30:00Z,17,264,very high
2026-07-21T22:00:00Z,2026-07-21T22:30:00Z,18,162,moderate
2026-07-21T22:30:00Z,2026-07-21T23:00:00Z,1,0,very low
2026-07-21T22:30:00Z,2026-07-21T23:00:00Z,2,0,very low
2026-07-21T22:30:00Z,2026-07-21T23:00:00Z,3,40,low
2026-07-21T22:30:00Z,2026-07-21T23:00:00Z,4,14,very low
2026-07-21T22:30:00Z,2026-07-21T23:00:00Z,5,108,moderate
2026-07-21T22:30:00Z,2026-07-21T23:00:00Z,6,60,low
2026-07-21T22:30:00Z,2026-07-21T23:00:00Z,7,373,very high
2026-07-21T22:30:00Z,2026-07-21T23:00:00Z,8,125,moderate
2026-07-21T22:30:00Z,2026-07-21T23:00:00Z,9,211,high
2026-07-21T22:30:00Z,2026-07-21T23:00:00Z,10,249,very high
2026-07-21T22:30:00Z,2026-07-21T23:00:00Z,11,364,very high
2026-07-21T22:30:00Z,2026-07-21T23:00:00Z,12,195,high
2026-07-21T22:30:00Z,2026-07-21T23:00:00Z,13,204,high
2026-07-21T22:30:00Z,2026-07-21T23:00:00Z,14,185,high
2026-07-21T22:30:00Z,2026-07-21T23:00:00Z,15,164,moderate
2026-07-21T22:30:00Z,2026-07-21T23:00:00Z,16,1,very low
2026-07-21T22:30:00Z,2026-07-21T23:00:00Z,17,263,very high
2026-07-21T22:30:00Z,2026-07-21T23:00:00Z,18,161,moderate
2026-07-21T23:00:00Z,2026-07-21T23:30:00Z,1,0,very low
2026-07-21T23:00:00Z,2026-07-21T23:30:00Z,2,0,very low
2026-07-21T23:00:00Z,2026-07-21T23:30:00Z,3,38,low
2026-07-21T23:00:00Z,2026-07-21T23:30:00Z,4,14,very low
2026-07-21T23:00:00Z,2026-07-21T23:30:00Z,5,107,moderate
2026-07-21T23:00:00Z,2026-07-21T23:30:00Z,6,50,low
2026-07-21T23:00:00Z,2026-07-21T23:30:00Z,7,372,very high
2026-07-21T23:00:00Z,2026-07-21T23:30:00Z,8,125,moderate
2026-07-21T23:00:00Z,2026-07-21T23:30:00Z,9,211,high
2026-07-21T23:00:00Z,2026-07-21T23:30:00Z,10,246,very high
2026-07-21T23:00:00Z,2026-07-21T23:30:00Z,11,364,very high
2026-07-21T23:00:00Z,2026-07-21T23:30:00Z,12,195,high
2026-07-21T23:00:00Z,2026-07-21T23:30:00Z,13,204,high
2026-07-21T23:00:00Z,2026-07-21T23:30:00Z,14,189,high
2026-07-21T23:00:00Z,2026-07-21T23:30:00Z,15,164,moderate
2026-07-21T23:00:00Z,2026-07-21T23:30:00Z,16,0,very low
2026-07-21T23:00:00Z,2026-07-21T23:30:00Z,17,262,very high
2026-07-21T23:00:00Z,2026-07-21T23:30:00Z,18,160,moderate
2026-07-21T23:30:00Z,2026-07-22T00:00:00Z,1,0,very low
2026-07-21T23:30:00Z,2026-07-22T00:00:00Z,2,0,very low
2026-07-21T23:30:00Z,2026-07-22T00:00:00Z,3,29,low
2026-07-21T23:30:00Z,2026-07-22T00:00:00Z,4,14,very low
2026-07-21T23:30:00Z,2026-07-22T00:00:00Z,5,102,moderate
2026-07-21T23:30:00Z,2026-07-22T00:00:00Z,6,23,very low
2026-07-21T23:30:00Z,2026-07-22T00:00:00Z,7,369,very high
2026-07-21T23:30:00Z,2026-07-22T00:00:00Z,8,107,moderate
2026-07-21T23:30:00Z,2026-07-22T00:00:00Z,9,226,high
2026-07-21T23:30:00Z,2026-07-22T00:00:00Z,10,234,very high
2026-07-21T23:30:00Z,2026-07-22T00:00:00Z,11,371,very high
2026-07-21T23:30:00Z,2026-07-22T00:00:00Z,12,203,high
2026-07-21T23:30:00Z,2026-07-22T00:00:00Z,13,199,high
2026-07-21T23:30:00Z,2026-07-22T00:00:00Z,14,190,high
2026-07-21T23:30:00Z,2026-07-22T00:00:00Z,15,154,moderate
2026-07-21T23:30:00Z,2026-07-22T00:00:00Z,16,1,very low
2026-07-21T23:30:00Z,2026-07-22T00:00:00Z,17,254,very high
2026-07-21T23:30:00Z,2026-07-22T00:00:00Z,18,153,moderate
2026-07-22T00:00:00Z,2026-07-22T00:30:00Z,1,0,very low
2026-07-22T00:00:00Z,2026-07-22T00:30:00Z,2,0,very low
2026-07-22T00:00:00Z,2026-07-22T00:30:00Z,3,33,low
2026-07-22T00:00:00Z,2026-07-22T00:30:00Z,4,14,very low
2026-07-22T00:00:00Z,2026-07-22T00:30:00Z,5,105,moderate
2026-07-22T00:00:00Z,2026-07-22T00:30:00Z,6,21,very low
2026-07-22T00:00:00Z,2026-07-22T00:30:00Z,7,373,very high
2026-07-22T00:00:00Z,2026-07-22T00:30:00Z,8,116,moderate
2026-07-22T00:00:00Z,2026-07-22T00:30:00Z,9,202,high
2026-07-22T00:00:00Z,2026-07-22T00:30:00Z,10,222,high
2026-07-22T00:00:00Z,2026-07-22T00:30:00Z,11,373,very high
2026-07-22T00:00:00Z,2026-07-22T00:30:00Z,12,201,high
2026-07-22T00:00:00Z,2026-07-22T00:30:00Z,13,192,high
2026-07-22T00:00:00Z,2026-07-22T00:30:00Z,14,185,high
2026-07-22T00:00:00Z,2026-07-22T00:30:00Z,15,149,moderate
2026-07-22T00:00:00Z,2026-07-22T00:30:00Z,16,1,very low
2026-07-22T00:00:00Z,2026-07-22T00:30:00Z,17,246,very high
2026-07-22T00:00:00Z,2026-07-22T00:30:00Z,18,150,moderate
2026-07-22T00:30:00Z,2026-07-22T01:00:00Z,1,0,very low
2026-07-22T00:30:00Z,2026-07-22T01:00:00Z,2,0,very low
2026-07-22T00:30:00Z,2026-07-22T01:00:00Z,3,19,very low
2026-07-22T00:30:00Z,2026-07-22T01:00:00Z,4,14,very low
2026-07-22T00:30:00Z,2026-07-22T01:00:00Z,5,104,moderate
2026-07-22T00:30:00Z,2026-07-22T01:00:00Z,6,16,very low
2026-07-22T00:30:00Z,2026-07-22T01:00:00Z,7,373,very high
2026-07-22T00:30:00Z,2026-07-22T01:00:00Z,8,115,moderate
2026-07-22T00:30:00Z,2026-07-22T01:00:00Z,9,175,high
2026-07-22T00:30:00Z,2026-07-22T01:00:00Z,10,225,high
2026-07-22T00:30:00Z,2026-07-22T01:00:00Z,11,374,very high
2026-07-22T00:30:00Z,2026-07-22T01:00:00Z,12,194,high
2026-07-22T00:30:00Z,2026-07-22T01:00:00Z,13,191,high
2026-07-22T00:30:00Z,2026-07-22T01:00:00Z,14,184,high
2026-07-22T00:30:00Z,2026-07-22T01:00:00Z,15,149,moderate
2026-07-22T00:30:00Z,2026-07-22T01:00:00Z,16,1,very low
2026-07-22T00:30:00Z,2026-07-22T01:00:00Z,17,253,very high
2026-07-22T00:30:00Z,2026-07-22T01:00:00Z,18,148,moderate
2026-07-22T01:00:00Z,2026-07-22T01:30:00Z,1,0,very low
2026-07-22T01:00:00Z,2026-07-22T01:30:00Z,2,1,very low
2026-07-22T01:00:00Z,2026-07-22T01:30:00Z,3,26,low
2026-07-22T01:00:00Z,2026-07-22T01:30:00Z,4,14,very low
2026-07-22T01:00:00Z,2026-07-22T01:30:00Z,5,101,moderate
2026-07-22T01:00:00Z,2026-07-22T01:30:00Z,6,23,very low
2026-07-22T01:00:00Z,2026-07-22T01:30:00Z,7,375,very high
2026-07-22T01:00:00Z,2026-07-22T01:30:00Z,8,132,moderate
2026-07-22T01:00:00Z,2026-07-22T01:30:00Z,9,168,moderate
2026-07-22T01:00:00Z,2026-07-22T01:30:00Z,10,211,high
2026-07-22T01:00:00Z,2026-07-22T01:30:00Z,11,375,very high
2026-07-22T01:00:00Z,2026-07-22T01:30:00Z,12,200,high
2026-07-22T01:00:00Z,2026-07-22T01:30:00Z,13,185,high
2026-07-22T01:00:00Z,2026-07-22T01:30:00Z,14,180,high
2026-07-22T01:00:00Z,2026-07-22T01:30:00Z,15,150,moderate
2026-07-22T01:00:00Z,2026-07-22T01:30:00Z,16,1,very low
2026-07-22T01:00:00Z,2026-07-22T01:30:00Z,17,247,very high
2026-07-22T01:00:00Z,2026-07-22T01:30:00Z,18,149,moderate
2026-07-22T01:30:00Z,2026-07-22T02:00:00Z,1,0,very low
2026-07-22T01:30:00Z,2026-07-22T02:00:00Z,2,1,very low
2026-07-22T01:30:00Z,2026-07-22T02:00:00Z,3,21,very low
2026-07-22T01:30:00Z,2026-07-22T02:00:00Z,4,14,very low
2026-07-22T01:30:00Z,2026-07-22T02:00:00Z,5,97,moderate
2026-07-22T01:30:00Z,2026-07-22T02:00:00Z,6,38,low
2026-07-22T01:30:00Z,2026-07-22T02:00:00Z,7,375,very high
2026-07-22T01:30:00Z,2026-07-22T02:00:00Z,8,132,moderate
2026-07-22T01:30:00Z,2026-07-22T02:00:00Z,9,168,moderate
2026-07-22T01:30:00Z,2026-07-22T02:00:00Z,10,194,high
2026-07-22T01:30:00Z,2026-07-22T02:00:00Z,11,377,very high
2026-07-22T01:30:00Z,2026-07-22T02:00:00Z,12,200,high
2026-07-22T01:30:00Z,2026-07-22T02:00:00Z,13,180,high
2026-07-22T01:30:00Z,2026-07-22T02:00:00Z,14,174,high
2026-07-22T01:30:00Z,2026-07-22T02:00:00Z,15,148,moderate
2026-07-22T01:30:00Z,2026-07-22T02:00:00Z,16,1,very low
2026-07-22T01:30:00Z,2026-07-22T02:00:00Z,17,253,very high
2026-07-22T01:30:00Z,2026-07-22T02:00:00Z,18,147,moderate
2026-07-22T02:00:00Z,2026-07-22T02:30:00Z,1,0,very low
2026-07-22T02:00:00Z,2026-07-22T02:30:00Z,2,1,very low
2026-07-22T02:00:00Z,2026-07-22T02:30:00Z,3,24,very low
2026-07-22T02:00:00Z,2026-07-22T02:30:00Z,4,13,very low
2026-07-22T02:00:00Z,2026-07-22T02:30:00Z,5,101,moderate
2026-07-22T02:00:00Z,2026-07-22T02:30:00Z,6,19,very low
2026-07-22T02:00:00Z,2026-07-22T02:30:00Z,7,377,very high
2026-07-22T02:00:00Z,2026-07-22T02:30:00Z,8,138,moderate
2026-07-22T02:00:00Z,2026-07-22T02:30:00Z,9,169,moderate
2026-07-22T02:00:00Z,2026-07-22T02:30:00Z,10,190,high
2026-07-22T02:00:00Z,2026-07-22T02:30:00Z,11,378,very high
2026-07-22T02:00:00Z,2026-07-22T02:30:00Z,12,200,high
2026-07-22T02:00:00Z,2026-07-22T02:30:00Z,13,166,moderate
2026-07-22T02:00:00Z,2026-07-22T02:30:00Z,14,157,moderate
2026-07-22T02:00:00Z,2026-07-22T02:30:00Z,15,147,moderate
2026-07-22T02:00:00Z,2026-07-22T02:30:00Z,16,1,very low
2026-07-22T02:00:00Z,2026-07-22T02:30:00Z,17,248,very high
2026-07-22T02:00:00Z,2026-07-22T02:30:00Z,18,145,moderate
2026-07-22T02:30:00Z,2026-07-22T03:00:00Z,1,0,very low
2026-07-22T02:30:00Z,2026-07-22T03:00:00Z,2,2,very low
2026-07-22T02:30:00Z,2026-07-22T03:00:00Z,3,20,very low
2026-07-22T02:30:00Z,2026-07-22T03:00:00Z,4,14,very low
2026-07-22T02:30:00Z,2026-07-22T03:00:00Z,5,96,moderate
2026-07-22T02:30:00Z,2026-07-22T03:00:00Z,6,22,very low
2026-07-22T02:30:00Z,2026-07-22T03:00:00Z,7,377,very high
2026-07-22T02:30:00Z,2026-07-22T03:00:00Z,8,125,moderate
2026-07-22T02:30:00Z,2026-07-22T03:00:00Z,9,169,moderate
2026-07-22T02:30:00Z,2026-07-22T03:00:00Z,10,213,high
2026-07-22T02:30:00Z,2026-07-22T03:00:00Z,11,378,very high
2026-07-22T02:30:00Z,2026-07-22T03:00:00Z,12,212,high
2026-07-22T02:30:00Z,2026-07-22T03:00:00Z,13,180,high
2026-07-22T02:30:00Z,2026-07-22T03:00:00Z,14,162,moderate
2026-07-22T02:30:00Z,2026-07-22T03:00:00Z,15,151,moderate
2026-07-22T02:30:00Z,2026-07-22T03:00:00Z,16,1,very low
2026-07-22T02:30:00Z,2026-07-22T03:00:00Z,17,228,high
2026-07-22T02:30:00Z,2026-07-22T03:00:00Z,18,148,moderate
2026-07-22T03:00:00Z,2026-07-22T03:30:00Z,1,0,very low
2026-07-22T03:00:00Z,2026-07-22T03:30:00Z,2,2,very low
2026-07-22T03:00:00Z,2026-07-22T03:30:00Z,3,16,very low
2026-07-22T03:00:00Z,2026-07-22T03:30:00Z,4,14,very low
2026-07-22T03:00:00Z,2026-07-22T03:30:00Z,5,100,moderate
2026-07-22T03:00:00Z,2026-07-22T03:30:00Z,6,25,low
2026-07-22T03:00:00Z,2026-07-22T03:30:00Z,7,376,very high
2026-07-22T03:00:00Z,2026-07-22T03:30:00Z,8,105,moderate
2026-07-22T03:00:00Z,2026-07-22T03:30:00Z,9,161,moderate
2026-07-22T03:00:00Z,2026-07-22T03:30:00Z,10,213,high
2026-07-22T03:00:00Z,2026-07-22T03:30:00Z,11,380,very high
2026-07-22T03:00:00Z,2026-07-22T03:30:00Z,12,217,high
2026-07-22T03:00:00Z,2026-07-22T03:30:00Z,13,180,high
2026-07-22T03:00:00Z,2026-07-22T03:30:00Z,14,156,moderate
2026-07-22T03:00:00Z,2026-07-22T03:30:00Z,15,151,moderate
2026-07-22T03:00:00Z,2026-07-22T03:30:00Z,16,1,very low
2026-07-22T03:00:00Z,2026-07-22T03:30:00Z,17,173,high
2026-07-22T03:00:00Z,2026-07-22T03:30:00Z,18,145,moderate
2026-07-22T03:30:00Z,2026-07-22T04:00:00Z,1,0,very low
2026-07-22T03:30:00Z,2026-07-22T04:00:00Z,2,2,very low
2026-07-22T03:30:00Z,2026-07-22T04:00:00Z,3,14,very low
2026-07-22T03:30:00Z,2026-07-22T04:00:00Z,4,14,very low
2026-07-22T03:30:00Z,2026-07-22T04:00:00Z,5,98,moderate
2026-07-22T03:30:00Z,2026-07-22T04:00:00Z,6,25,low
2026-07-22T03:30:00Z,2026-07-22T04:00:00Z,7,378,very high
2026-07-22T03:30:00Z,2026-07-22T04:00:00Z,8,100,moderate
2026-07-22T03:30:00Z,2026-07-22T04:00:00Z,9,164,moderate
2026-07-22T03:30:00Z,2026-07-22T04:00:00Z,10,158,moderate
2026-07-22T03:30:00Z,2026-07-22T04:00:00Z,11,385,very high
2026-07-22T03:30:00Z,2026-07-22T04:00:00Z,12,245,very high
2026-07-22T03:30:00Z,2026-07-22T04:00:00Z,13,193,high
2026-07-22T03:30:00Z,2026-07-22T04:00:00Z,14,176,high
2026-07-22T03:30:00Z,2026-07-22T04:00:00Z,15,151,moderate
2026-07-22T03:30:00Z,2026-07-22T04:00:00Z,16,1,very low
2026-07-22T03:30:00Z,2026-07-22T04:00:00Z,17,156,moderate
2026-07-22T03:30:00Z,2026-07-22T04:00:00Z,18,145,moderate
2026-07-22T04:00:00Z,2026-07-22T04:30:00Z,1,0,very low
2026-07-22T04:00:00Z,2026-07-22T04:30:00Z,2,2,very low
2026-07-22T04:00:00Z,2026-07-22T04:30:00Z,3,31,low
2026-07-22T04:00:00Z,2026-07-22T04:30:00Z,4,15,very low
2026-07-22T04:00:00Z,2026-07-22T04:30:00Z,5,98,moderate
2026-07-22T04:00:00Z,2026-07-22T04:30:00Z,6,36,low
2026-07-22T04:00:00Z,2026-07-22T04:30:00Z,7,380,very high
2026-07-22T04:00:00Z,2026-07-22T04:30:00Z,8,121,moderate
2026-07-22T04:00:00Z,2026-07-22T04:30:00Z,9,163,moderate
2026-07-22T04:00:00Z,2026-07-22T04:30:00Z,10,157,moderate
2026-07-22T04:00:00Z,2026-07-22T04:30:00Z,11,383,very high
2026-07-22T04:00:00Z,2026-07-22T04:30:00Z,12,249,very high
2026-07-22T04:00:00Z,2026-07-22T04:30:00Z,13,183,high
2026-07-22T04:00:00Z,2026-07-22T04:30:00Z,14,152,moderate
2026-07-22T04:00:00Z,2026-07-22T04:30:00Z,15,155,moderate
2026-07-22T04:00:00Z,2026-07-22T04:30:00Z,16,1,very low
2026-07-22T04:00:00Z,2026-07-22T04:30:00Z,17,173,high
2026-07-22T04:00:00Z,2026-07-22T04:30:00Z,18,149,moderate
2026-07-22T04:30:00Z,2026-07-22T05:00:00Z,1,0,very low
2026-07-22T04:30:00Z,2026-07-22T05:00:00Z,2,2,very low
2026-07-22T04:30:00Z,2026-07-22T05:00:00Z,3,33,low
2026-07-22T04:30:00Z,2026-07-22T05:00:00Z,4,15,very low
2026-07-22T04:30:00Z,2026-07-22T05:00:00Z,5,100,moderate
2026-07-22T04:30:00Z,2026-07-22T05:00:00Z,6,38,low
2026-07-22T04:30:00Z,2026-07-22T05:00:00Z,7,376,very high
2026-07-22T04:30:00Z,2026-07-22T05:00:00Z,8,105,moderate
2026-07-22T04:30:00Z,2026-07-22T05:00:00Z,9,179,high
2026-07-22T04:30:00Z,2026-07-22T05:00:00Z,10,196,high
2026-07-22T04:30:00Z,2026-07-22T05:00:00Z,11,381,very high
2026-07-22T04:30:00Z,2026-07-22T05:00:00Z,12,243,very high
2026-07-22T04:30:00Z,2026-07-22T05:00:00Z,13,172,high
2026-07-22T04:30:00Z,2026-07-22T05:00:00Z,14,141,moderate
2026-07-22T04:30:00Z,2026-07-22T05:00:00Z,15,156,moderate
2026-07-22T04:30:00Z,2026-07-22T05:00:00Z,16,1,very low
2026-07-22T04:30:00Z,2026-07-22T05:00:00Z,17,167,moderate
2026-07-22T04:30:00Z,2026-07-22T05:00:00Z,18,149,moderate
2026-07-22T05:00:00Z,2026-07-22T05:30:00Z,1,0,very low
2026-07-22T05:00:00Z,2026-07-22T05:30:00Z,2,2,very low
2026-07-22T05:00:00Z,2026-07-22T05:30:00Z,3,28,low
2026-07-22T05:00:00Z,2026-07-22T05:30:00Z,4,15,very low
2026-07-22T05:00:00Z,2026-07-22T05:30:00Z,5,94,moderate
2026-07-22T05:00:00Z,2026-07-22T05:30:00Z,6,31,low
2026-07-22T05:00:00Z,2026-07-22T05:30:00Z,7,375,very high
2026-07-22T05:00:00Z,2026-07-22T05:30:00Z,8,104,moderate
2026-07-22T05:00:00Z,2026-07-22T05:30:00Z,9,167,moderate
2026-07-22T05:00:00Z,2026-07-22T05:30:00Z,10,193,high
2026-07-22T05:00:00Z,2026-07-22T05:30:00Z,11,371,very high
2026-07-22T05:00:00Z,2026-07-22T05:30:00Z,12,227,high
2026-07-22T05:00:00Z,2026-07-22T05:30:00Z,13,177,high
2026-07-22T05:00:00Z,2026-07-22T05:30:00Z,14,158,moderate
2026-07-22T05:00:00Z,2026-07-22T05:30:00Z,15,150,moderate
2026-07-22T05:00:00Z,2026-07-22T05:30:00Z,16,1,very low
2026-07-22T05:00:00Z,2026-07-22T05:30:00Z,17,204,high
2026-07-22T05:00:00Z,2026-07-22T05:30:00Z,18,146,moderate
2026-07-22T05:30:00Z,2026-07-22T06:00:00Z,1,0,very low
2026-07-22T05:30:00Z,2026-07-22T06:00:00Z,2,1,very low
2026-07-22T05:30:00Z,2026-07-22T06:00:00Z,3,21,very low
2026-07-22T05:30:00Z,2026-07-22T06:00:00Z,4,15,very low
2026-07-22T05:30:00Z,2026-07-22T06:00:00Z,5,103,moderate
2026-07-22T05:30:00Z,2026-07-22T06:00:00Z,6,41,low
2026-07-22T05:30:00Z,2026-07-22T06:00:00Z,7,355,very high
2026-07-22T05:30:00Z,2026-07-22T06:00:00Z,8,94,moderate
2026-07-22T05:30:00Z,2026-07-22T06:00:00Z,9,160,moderate
2026-07-22T05:30:00Z,2026-07-22T06:00:00Z,10,217,high
2026-07-22T05:30:00Z,2026-07-22T06:00:00Z,11,338,very high
2026-07-22T05:30:00Z,2026-07-22T06:00:00Z,12,189,high
2026-07-22T05:30:00Z,2026-07-22T06:00:00Z,13,172,high
2026-07-22T05:30:00Z,2026-07-22T06:00:00Z,14,161,moderate
2026-07-22T05:30:00Z,2026-07-22T06:00:00Z,15,145,moderate
2026-07-22T05:30:00Z,2026-07-22T06:00:00Z,16,1,very low
2026-07-22T05:30:00Z,2026-07-22T06:00:00Z,17,212,high
2026-07-22T05:30:00Z,2026-07-22T06:00:00Z,18,143,moderate
2026-07-22T06:00:00Z,2026-07-22T06:30:00Z,1,0,very low
2026-07-22T06:00:00Z,2026-07-22T06:30:00Z,2,1,very low
2026-07-22T06:00:00Z,2026-07-22T06:30:00Z,3,28,low
2026-07-22T06:00:00Z,2026-07-22T06:30:00Z,4,14,very low
2026-07-22T06:00:00Z,2026-07-22T06:30:00Z,5,96,moderate
2026-07-22T06:00:00Z,2026-07-22T06:30:00Z,6,46,low
2026-07-22T06:00:00Z,2026-07-22T06:30:00Z,7,345,very high
2026-07-22T06:00:00Z,2026-07-22T06:30:00Z,8,91,moderate
2026-07-22T06:00:00Z,2026-07-22T06:30:00Z,9,161,moderate
2026-07-22T06:00:00Z,2026-07-22T06:30:00Z,10,205,high
2026-07-22T06:00:00Z,2026-07-22T06:30:00Z,11,298,very high
2026-07-22T06:00:00Z,2026-07-22T06:30:00Z,12,166,moderate
2026-07-22T06:00:00Z,2026-07-22T06:30:00Z,13,183,high
2026-07-22T06:00:00Z,2026-07-22T06:30:00Z,14,181,high
2026-07-22T06:00:00Z,2026-07-22T06:30:00Z,15,141,moderate
2026-07-22T06:00:00Z,2026-07-22T06:30:00Z,16,1,very low
2026-07-22T06:00:00Z,2026-07-22T06:30:00Z,17,248,very high
2026-07-22T06:00:00Z,2026-07-22T06:30:00Z,18,141,moderate
2026-07-22T06:30:00Z,2026-07-22T07:00:00Z,1,0,very low
2026-07-22T06:30:00Z,2026-07-22T07:00:00Z,2,0,very low
2026-07-22T06:30:00Z,2026-07-22T07:00:00Z,3,51,low
2026-07-22T06:30:00Z,2026-07-22T07:00:00Z,4,13,very low
2026-07-22T06:30:00Z,2026-07-22T07:00:00Z,5,82,low
2026-07-22T06:30:00Z,2026-07-22T07:00:00Z,6,56,low
2026-07-22T06:30:00Z,2026-07-22T07:00:00Z,7,320,very high
2026-07-22T06:30:00Z,2026-07-22T07:00:00Z,8,79,low
2026-07-22T06:30:00Z,2026-07-22T07:00:00Z,9,155,moderate
2026-07-22T06:30:00Z,2026-07-22T07:00:00Z,10,210,high
2026-07-22T06:30:00Z,2026-07-22T07:00:00Z,11,237,very high
2026-07-22T06:30:00Z,2026-07-22T07:00:00Z,12,140,moderate
2026-07-22T06:30:00Z,2026-07-22T07:00:00Z,13,176,high
2026-07-22T06:30:00Z,2026-07-22T07:00:00Z,14,175,high
2026-07-22T06:30:00Z,2026-07-22T07:00:00Z,15,133,moderate
2026-07-22T06:30:00Z,2026-07-22T07:00:00Z,16,0,very low
2026-07-22T06:30:00Z,2026-07-22T07:00:00Z,17,231,very high
2026-07-22T06:30:00Z,2026-07-22T07:00:00Z,18,134,moderate
2026-07-22T07:00:00Z,2026-07-22T07:30:00Z,1,0,very low
2026-07-22T07:00:00Z,2026-07-22T07:30:00Z,2,1,very low
2026-07-22T07:00:00Z,2026-07-22T07:30:00Z,3,51,low
2026-07-22T07:00:00Z,2026-07-22T07:30:00Z,4,14,very low
2026-07-22T07:00:00Z,2026-07-22T07:30:00Z,5,81,low
2026-07-22T07:00:00Z,2026-07-22T07:30:00Z,6,49,low
2026-07-22T07:00:00Z,2026-07-22T07:30:00Z,7,313,very high
2026-07-22T07:00:00Z,2026-07-22T07:30:00Z,8,81,low
2026-07-22T07:00:00Z,2026-07-22T07:30:00Z,9,144,moderate
2026-07-22T07:00:00Z,2026-07-22T07:30:00Z,10,199,high
2026-07-22T07:00:00Z,2026-07-22T07:30:00Z,11,195,high
2026-07-22T07:00:00Z,2026-07-22T07:30:00Z,12,128,moderate
2026-07-22T07:00:00Z,2026-07-22T07:30:00Z,13,169,moderate
2026-07-22T07:00:00Z,2026-07-22T07:30:00Z,14,170,high
2026-07-22T07:00:00Z,2026-07-22T07:30:00Z,15,126,moderate
2026-07-22T07:00:00Z,2026-07-22T07:30:00Z,16,1,very low
2026-07-22T07:00:00Z,2026-07-22T07:30:00Z,17,234,very high
2026-07-22T07:00:00Z,2026-07-22T07:30:00Z,18,127,moderate
2026-07-22T07:30:00Z,2026-07-22T08:00:00Z,1,0,very low
2026-07-22T07:30:00Z,2026-07-22T08:00:00Z,2,0,very low
2026-07-22T07:30:00Z,2026-07-22T08:00:00Z,3,51,low
2026-07-22T07:30:00Z,2026-07-22T08:00:00Z,4,14,very low
2026-07-22T07:30:00Z,2026-07-22T08:00:00Z,5,82,low
2026-07-22T07:30:00Z,2026-07-22T08:00:00Z,6,60,low
2026-07-22T07:30:00Z,2026-07-22T08:00:00Z,7,299,very high
2026-07-22T07:30:00Z,2026-07-22T08:00:00Z,8,82,low
2026-07-22T07:30:00Z,2026-07-22T08:00:00Z,9,140,moderate
2026-07-22T07:30:00Z,2026-07-22T08:00:00Z,10,186,high
2026-07-22T07:30:00Z,2026-07-22T08:00:00Z,11,159,moderate
2026-07-22T07:30:00Z,2026-07-22T08:00:00Z,12,113,moderate
2026-07-22T07:30:00Z,2026-07-22T08:00:00Z,13,156,moderate
2026-07-22T07:30:00Z,2026-07-22T08:00:00Z,14,159,moderate
2026-07-22T07:30:00Z,2026-07-22T08:00:00Z,15,118,moderate
2026-07-22T07:30:00Z,2026-07-22T08:00:00Z,16,1,very low
2026-07-22T07:30:00Z,2026-07-22T08:00:00Z,17,236,very high
2026-07-22T07:30:00Z,2026-07-22T08:00:00Z,18,121,moderate
2026-07-22T08:00:00Z,2026-07-22T08:30:00Z,1,0,very low
2026-07-22T08:00:00Z,2026-07-22T08:30:00Z,2,0,very low
2026-07-22T08:00:00Z,2026-07-22T08:30:00Z,3,53,low
2026-07-22T08:00:00Z,2026-07-22T08:30:00Z,4,13,very low
2026-07-22T08:00:00Z,2026-07-22T08:30:00Z,5,80,low
2026-07-22T08:00:00Z,2026-07-22T08:30:00Z,6,51,low
2026-07-22T08:00:00Z,2026-07-22T08:30:00Z,7,288,very high
2026-07-22T08:00:00Z,2026-07-22T08:30:00Z,8,82,low
2026-07-22T08:00:00Z,2026-07-22T08:30:00Z,9,138,moderate
2026-07-22T08:00:00Z,2026-07-22T08:30:00Z,10,174,high
2026-07-22T08:00:00Z,2026-07-22T08:30:00Z,11,147,moderate
2026-07-22T08:00:00Z,2026-07-22T08:30:00Z,12,103,moderate
2026-07-22T08:00:00Z,2026-07-22T08:30:00Z,13,149,moderate
2026-07-22T08:00:00Z,2026-07-22T08:30:00Z,14,155,moderate
2026-07-22T08:00:00Z,2026-07-22T08:30:00Z,15,113,moderate
2026-07-22T08:00:00Z,2026-07-22T08:30:00Z,16,0,very low
2026-07-22T08:00:00Z,2026-07-22T08:30:00Z,17,240,very high
2026-07-22T08:00:00Z,2026-07-22T08:30:00Z,18,116,moderate
2026-07-22T08:30:00Z,2026-07-22T09:00:00Z,1,0,very low
2026-07-22T08:30:00Z,2026-07-22T09:00:00Z,2,0,very low
2026-07-22T08:30:00Z,2026-07-22T09:00:00Z,3,46,low
2026-07-22T08:30:00Z,2026-07-22T09:00:00Z,4,15,very low
2026-07-22T08:30:00Z,2026-07-22T09:00:00Z,5,78,low
2026-07-22T08:30:00Z,2026-07-22T09:00:00Z,6,47,low
2026-07-22T08:30:00Z,2026-07-22T09:00:00Z,7,265,very high
2026-07-22T08:30:00Z,2026-07-22T09:00:00Z,8,63,low
2026-07-22T08:30:00Z,2026-07-22T09:00:00Z,9,123,moderate
2026-07-22T08:30:00Z,2026-07-22T09:00:00Z,10,173,high
2026-07-22T08:30:00Z,2026-07-22T09:00:00Z,11,126,moderate
2026-07-22T08:30:00Z,2026-07-22T09:00:00Z,12,82,low
2026-07-22T08:30:00Z,2026-07-22T09:00:00Z,13,138,moderate
2026-07-22T08:30:00Z,2026-07-22T09:00:00Z,14,143,moderate
2026-07-22T08:30:00Z,2026-07-22T09:00:00Z,15,103,moderate
2026-07-22T08:30:00Z,2026-07-22T09:00:00Z,16,0,very low
2026-07-22T08:30:00Z,2026-07-22T09:00:00Z,17,218,high
2026-07-22T08:30:00Z,2026-07-22T09:00:00Z,18,105,moderate
2026-07-22T09:00:00Z,2026-07-22T09:30:00Z,1,0,very low
2026-07-22T09:00:00Z,2026-07-22T09:30:00Z,2,1,very low
2026-07-22T09:00:00Z,2026-07-22T09:30:00Z,3,42,low
2026-07-22T09:00:00Z,2026-07-22T09:30:00Z,4,15,very low
2026-07-22T09:00:00Z,2026-07-22T09:30:00Z,5,80,low
2026-07-22T09:00:00Z,2026-07-22T09:30:00Z,6,43,low
2026-07-22T09:00:00Z,2026-07-22T09:30:00Z,7,243,very high
2026-07-22T09:00:00Z,2026-07-22T09:30:00Z,8,50,low
2026-07-22T09:00:00Z,2026-07-22T09:30:00Z,9,124,moderate
2026-07-22T09:00:00Z,2026-07-22T09:30:00Z,10,166,moderate
2026-07-22T09:00:00Z,2026-07-22T09:30:00Z,11,94,moderate
2026-07-22T09:00:00Z,2026-07-22T09:30:00Z,12,72,low
2026-07-22T09:00:00Z,2026-07-22T09:30:00Z,13,134,moderate
2026-07-22T09:00:00Z,2026-07-22T09:30:00Z,14,140,moderate
2026-07-22T09:00:00Z,2026-07-22T09:30:00Z,15,97,moderate
2026-07-22T09:00:00Z,2026-07-22T09:30:00Z,16,0,very low
2026-07-22T09:00:00Z,2026-07-22T09:30:00Z,17,177,high
2026-07-22T09:00:00Z,2026-07-22T09:30:00Z,18,98,moderate
2026-07-22T09:30:00Z,2026-07-22T10:00:00Z,1,0,very low
2026-07-22T09:30:00Z,2026-07-22T10:00:00Z,2,0,very low
2026-07-22T09:30:00Z,2026-07-22T10:00:00Z,3,42,low
2026-07-22T09:30:00Z,2026-07-22T10:00:00Z,4,14,very low
2026-07-22T09:30:00Z,2026-07-22T10:00:00Z,5,81,low
2026-07-22T09:30:00Z,2026-07-22T10:00:00Z,6,29,low
2026-07-22T09:30:00Z,2026-07-22T10:00:00Z,7,225,high
2026-07-22T09:30:00Z,2026-07-22T10:00:00Z,8,45,low
2026-07-22T09:30:00Z,2026-07-22T10:00:00Z,9,132,moderate
2026-07-22T09:30:00Z,2026-07-22T10:00:00Z,10,160,moderate
2026-07-22T09:30:00Z,2026-07-22T10:00:00Z,11,90,moderate
2026-07-22T09:30:00Z,2026-07-22T10:00:00Z,12,70,low
2026-07-22T09:30:00Z,2026-07-22T10:00:00Z,13,138,moderate
2026-07-22T09:30:00Z,2026-07-22T10:00:00Z,14,144,moderate
2026-07-22T09:30:00Z,2026-07-22T10:00:00Z,15,94,moderate
2026-07-22T09:30:00Z,2026-07-22T10:00:00Z,16,1,very low
2026-07-22T09:30:00Z,2026-07-22T10:00:00Z,17,187,high
2026-07-22T09:30:00Z,2026-07-22T10:00:00Z,18,95,moderate
2026-07-22T10:00:00Z,2026-07-22T10:30:00Z,1,0,very low
2026-07-22T10:00:00Z,2026-07-22T10:30:00Z,2,0,very low
2026-07-22T10:00:00Z,2026-07-22T10:30:00Z,3,43,low
2026-07-22T10:00:00Z,2026-07-22T10:30:00Z,4,15,very low
2026-07-22T10:00:00Z,2026-07-22T10:30:00Z,5,83,low
2026-07-22T10:00:00Z,2026-07-22T10:30:00Z,6,30,low
2026-07-22T10:00:00Z,2026-07-22T10:30:00Z,7,240,very high
2026-07-22T10:00:00Z,2026-07-22T10:30:00Z,8,54,low
2026-07-22T10:00:00Z,2026-07-22T10:30:00Z,9,129,moderate
2026-07-22T10:00:00Z,2026-07-22T10:30:00Z,10,159,moderate
2026-07-22T10:00:00Z,2026-07-22T10:30:00Z,11,88,low
2026-07-22T10:00:00Z,2026-07-22T10:30:00Z,12,62,low
2026-07-22T10:00:00Z,2026-07-22T10:30:00Z,13,137,moderate
2026-07-22T10:00:00Z,2026-07-22T10:30:00Z,14,145,moderate
2026-07-22T10:00:00Z,2026-07-22T10:30:00Z,15,94,moderate
2026-07-22T10:00:00Z,2026-07-22T10:30:00Z,16,0,very low
2026-07-22T10:00:00Z,2026-07-22T10:30:00Z,17,186,high
2026-07-22T10:00:00Z,2026-07-22T10:30:00Z,18,96,moderate
2026-07-22T10:30:00Z,2026-07-22T11:00:00Z,1,0,very low
2026-07-22T10:30:00Z,2026-07-22T11:00:00Z,2,0,very low
2026-07-22T10:30:00Z,2026-07-22T11:00:00Z,3,40,low
2026-07-22T10:30:00Z,2026-07-22T11:00:00Z,4,15,very low
2026-07-22T10:30:00Z,2026-07-22T11:00:00Z,5,81,low
2026-07-22T10:30:00Z,2026-07-22T11:00:00Z,6,33,low
2026-07-22T10:30:00Z,2026-07-22T11:00:00Z,7,245,very high
2026-07-22T10:30:00Z,2026-07-22T11:00:00Z,8,55,low
2026-07-22T10:30:00Z,2026-07-22T11:00:00Z,9,120,moderate
2026-07-22T10:30:00Z,2026-07-22T11:00:00Z,10,163,moderate
2026-07-22T10:30:00Z,2026-07-22T11:00:00Z,11,92,moderate
2026-07-22T10:30:00Z,2026-07-22T11:00:00Z,12,67,low
2026-07-22T10:30:00Z,2026-07-22T11:00:00Z,13,144,moderate
2026-07-22T10:30:00Z,2026-07-22T11:00:00Z,14,152,moderate
2026-07-22T10:30:00Z,2026-07-22T11:00:00Z,15,94,moderate
2026-07-22T10:30:00Z,2026-07-22T11:00:00Z,16,0,very low
2026-07-22T10:30:00Z,2026-07-22T11:00:00Z,17,209,high
2026-07-22T10:30:00Z,2026-07-22T11:00:00Z,18,97,moderate
2026-07-22T11:00:00Z,2026-07-22T11:30:00Z,1,0,very low
2026-07-22T11:00:00Z,2026-07-22T11:30:00Z,2,2,very low
2026-07-22T11:00:00Z,2026-07-22T11:30:00Z,3,42,low
2026-07-22T11:00:00Z,2026-07-22T11:30:00Z,4,16,very low
2026-07-22T11:00:00Z,2026-07-22T11:30:00Z,5,89,low
2026-07-22T11:00:00Z,2026-07-22T11:30:00Z,6,27,low
2026-07-22T11:00:00Z,2026-07-22T11:30:00Z,7,252,very high
2026-07-22T11:00:00Z,2026-07-22T11:30:00Z,8,59,low
2026-07-22T11:00:00Z,2026-07-22T11:30:00Z,9,108,moderate
2026-07-22T11:00:00Z,2026-07-22T11:30:00Z,10,166,moderate
2026-07-22T11:00:00Z,2026-07-22T11:30:00Z,11,103,moderate
2026-07-22T11:00:00Z,2026-07-22T11:30:00Z,12,65,low
2026-07-22T11:00:00Z,2026-07-22T11:30:00Z,13,145,moderate
2026-07-22T11:00:00Z,2026-07-22T11:30:00Z,14,154,moderate
2026-07-22T11:00:00Z,2026-07-22T11:30:00Z,15,97,moderate
2026-07-22T11:00:00Z,2026-07-22T11:30:00Z,16,0,very low
2026-07-22T11:00:00Z,2026-07-22T11:30:00Z,17,178,high
2026-07-22T11:00:00Z,2026-07-22T11:30:00Z,18,98,moderate
2026-07-22T11:30:00Z,2026-07-22T12:00:00Z,1,0,very low
2026-07-22T11:30:00Z,2026-07-22T12:00:00Z,2,1,very low
2026-07-22T11:30:00Z,2026-07-22T12:00:00Z,3,38,low
2026-07-22T11:30:00Z,2026-07-22T12:00:00Z,4,16,very low
2026-07-22T11:30:00Z,2026-07-22T12:00:00Z,5,83,low
2026-07-22T11:30:00Z,2026-07-22T12:00:00Z,6,22,very low
2026-07-22T11:30:00Z,2026-07-22T12:00:00Z,7,251,very high
2026-07-22T11:30:00Z,2026-07-22T12:00:00Z,8,60,low
2026-07-22T11:30:00Z,2026-07-22T12:00:00Z,9,105,moderate
2026-07-22T11:30:00Z,2026-07-22T12:00:00Z,10,168,moderate
2026-07-22T11:30:00Z,2026-07-22T12:00:00Z,11,107,moderate
2026-07-22T11:30:00Z,2026-07-22T12:00:00Z,12,67,low
2026-07-22T11:30:00Z,2026-07-22T12:00:00Z,13,146,moderate
2026-07-22T11:30:00Z,2026-07-22T12:00:00Z,14,153,moderate
2026-07-22T11:30:00Z,2026-07-22T12:00:00Z,15,96,moderate
2026-07-22T11:30:00Z,2026-07-22T12:00:00Z,16,1,very low
2026-07-22T11:30:00Z,2026-07-22T12:00:00Z,17,170,high
2026-07-22T11:30:00Z,2026-07-22T12:00:00Z,18,97,moderate
2026-07-22T12:00:00Z,2026-07-22T12:30:00Z,1,0,very low
2026-07-22T12:00:00Z,2026-07-22T12:30:00Z,2,0,very low
2026-07-22T12:00:00Z,2026-07-22T12:30:00Z,3,34,low
2026-07-22T12:00:00Z,2026-07-22T12:30:00Z,4,16,very low
2026-07-22T12:00:00Z,2026-07-22T12:30:00Z,5,92,moderate
2026-07-22T12:00:00Z,2026-07-22T12:30:00Z,6,20,very low
2026-07-22T12:00:00Z,2026-07-22T12:30:00Z,7,262,very high
2026-07-22T12:00:00Z,2026-07-22T12:30:00Z,8,70,low
2026-07-22T12:00:00Z,2026-07-22T12:30:00Z,9,97,moderate
2026-07-22T12:00:00Z,2026-07-22T12:30:00Z,10,167,moderate
2026-07-22T12:00:00Z,2026-07-22T12:30:00Z,11,111,moderate
2026-07-22T12:00:00Z,2026-07-22T12:30:00Z,12,61,low
2026-07-22T12:00:00Z,2026-07-22T12:30:00Z,13,141,moderate
2026-07-22T12:00:00Z,2026-07-22T12:30:00Z,14,150,moderate
2026-07-22T12:00:00Z,2026-07-22T12:30:00Z,15,98,moderate
2026-07-22T12:00:00Z,2026-07-22T12:30:00Z,16,0,very low
2026-07-22T12:00:00Z,2026-07-22T12:30:00Z,17,143,moderate
2026-07-22T12:00:00Z,2026-07-22T12:30:00Z,18,97,moderate
2026-07-22T12:30:00Z,2026-07-22T13:00:00Z,1,0,very low
2026-07-22T12:30:00Z,2026-07-22T13:00:00Z,2,0,very low
2026-07-22T12:30:00Z,2026-07-22T13:00:00Z,3,35,low
2026-07-22T12:30:00Z,2026-07-22T13:00:00Z,4,16,very low
2026-07-22T12:30:00Z,2026-07-22T13:00:00Z,5,94,moderate
2026-07-22T12:30:00Z,2026-07-22T13:00:00Z,6,19,very low
2026-07-22T12:30:00Z,2026-07-22T13:00:00Z,7,245,very high
2026-07-22T12:30:00Z,2026-07-22T13:00:00Z,8,57,low
2026-07-22T12:30:00Z,2026-07-22T13:00:00Z,9,100,moderate
2026-07-22T12:30:00Z,2026-07-22T13:00:00Z,10,168,moderate
2026-07-22T12:30:00Z,2026-07-22T13:00:00Z,11,120,moderate
2026-07-22T12:30:00Z,2026-07-22T13:00:00Z,12,62,low
2026-07-22T12:30:00Z,2026-07-22T13:00:00Z,13,143,moderate
2026-07-22T12:30:00Z,2026-07-22T13:00:00Z,14,150,moderate
2026-07-22T12:30:00Z,2026-07-22T13:00:00Z,15,97,moderate
2026-07-22T12:30:00Z,2026-07-22T13:00:00Z,16,0,very low
2026-07-22T12:30:00Z,2026-07-22T13:00:00Z,17,148,moderate
2026-07-22T12:30:00Z,2026-07-22T13:00:00Z,18,96,moderate
2026-07-22T13:00:00Z,2026-07-22T13:30:00Z,1,0,very low
2026-07-22T13:00:00Z,2026-07-22T13:30:00Z,2,0,very low
2026-07-22T13:00:00Z,2026-07-22T13:30:00Z,3,33,low
2026-07-22T13:00:00Z,2026-07-22T13:30:00Z,4,16,very low
2026-07-22T13:00:00Z,2026-07-22T13:30:00Z,5,98,moderate
2026-07-22T13:00:00Z,2026-07-22T13:30:00Z,6,14,very low
2026-07-22T13:00:00Z,2026-07-22T13:30:00Z,7,224,high
2026-07-22T13:00:00Z,2026-07-22T13:30:00Z,8,44,low
2026-07-22T13:00:00Z,2026-07-22T13:30:00Z,9,107,moderate
2026-07-22T13:00:00Z,2026-07-22T13:30:00Z,10,170,high
2026-07-22T13:00:00Z,2026-07-22T13:30:00Z,11,135,moderate
2026-07-22T13:00:00Z,2026-07-22T13:30:00Z,12,59,low
2026-07-22T13:00:00Z,2026-07-22T13:30:00Z,13,139,moderate
2026-07-22T13:00:00Z,2026-07-22T13:30:00Z,14,145,moderate
2026-07-22T13:00:00Z,2026-07-22T13:30:00Z,15,99,moderate
2026-07-22T13:00:00Z,2026-07-22T13:30:00Z,16,1,very low
2026-07-22T13:00:00Z,2026-07-22T13:30:00Z,17,99,moderate
2026-07-22T13:00:00Z,2026-07-22T13:30:00Z,18,95,moderate
2026-07-22T13:30:00Z,2026-07-22T14:00:00Z,1,0,very low
2026-07-22T13:30:00Z,2026-07-22T14:00:00Z,2,1,very low
2026-07-22T13:30:00Z,2026-07-22T14:00:00Z,3,31,low
2026-07-22T13:30:00Z,2026-07-22T14:00:00Z,4,17,very low
2026-07-22T13:30:00Z,2026-07-22T14:00:00Z,5,103,moderate
2026-07-22T13:30:00Z,2026-07-22T14:00:00Z,6,13,very low
2026-07-22T13:30:00Z,2026-07-22T14:00:00Z,7,211,high
2026-07-22T13:30:00Z,2026-07-22T14:00:00Z,8,37,low
2026-07-22T13:30:00Z,2026-07-22T14:00:00Z,9,111,moderate
2026-07-22T13:30:00Z,2026-07-22T14:00:00Z,10,170,high
2026-07-22T13:30:00Z,2026-07-22T14:00:00Z,11,131,moderate
2026-07-22T13:30:00Z,2026-07-22T14:00:00Z,12,68,low
2026-07-22T13:30:00Z,2026-07-22T14:00:00Z,13,137,moderate
2026-07-22T13:30:00Z,2026-07-22T14:00:00Z,14,142,moderate
2026-07-22T13:30:00Z,2026-07-22T14:00:00Z,15,99,moderate
2026-07-22T13:30:00Z,2026-07-22T14:00:00Z,16,0,very low
2026-07-22T13:30:00Z,2026-07-22T14:00:00Z,17,103,moderate
2026-07-22T13:30:00Z,2026-07-22T14:00:00Z,18,95,moderate
2026-07-22T14:00:00Z,2026-07-22T14:30:00Z,1,0,very low
2026-07-22T14:00:00Z,2026-07-22T14:30:00Z,2,2,very low
2026-07-22T14:00:00Z,2026-07-22T14:30:00Z,3,26,low
2026-07-22T14:00:00Z,2026-07-22T14:30:00Z,4,16,very low
2026-07-22T14:00:00Z,2026-07-22T14:30:00Z,5,101,moderate
2026-07-22T14:00:00Z,2026-07-22T14:30:00Z,6,11,very low
2026-07-22T14:00:00Z,2026-07-22T14:30:00Z,7,237,very high
2026-07-22T14:00:00Z,2026-07-22T14:30:00Z,8,44,low
2026-07-22T14:00:00Z,2026-07-22T14:30:00Z,9,118,moderate
2026-07-22T14:00:00Z,2026-07-22T14:30:00Z,10,176,high
2026-07-22T14:00:00Z,2026-07-22T14:30:00Z,11,152,moderate
2026-07-22T14:00:00Z,2026-07-22T14:30:00Z,12,63,low
2026-07-22T14:00:00Z,2026-07-22T14:30:00Z,13,136,moderate
2026-07-22T14:00:00Z,2026-07-22T14:30:00Z,14,140,moderate
2026-07-22T14:00:00Z,2026-07-22T14:30:00Z,15,102,moderate
2026-07-22T14:00:00Z,2026-07-22T14:30:00Z,16,1,very low
2026-07-22T14:00:00Z,2026-07-22T14:30:00Z,17,115,moderate
2026-07-22T14:00:00Z,2026-07-22T14:30:00Z,18,99,moderate
2026-07-22T14:30:00Z,2026-07-22T15:00:00Z,1,0,very low
2026-07-22T14:30:00Z,2026-07-22T15:00:00Z,2,2,very low
2026-07-22T14:30:00Z,2026-07-22T15:00:00Z,3,29,low
2026-07-22T14:30:00Z,2026-07-22T15:00:00Z,4,16,very low
2026-07-22T14:30:00Z,2026-07-22T15:00:00Z,5,108,moderate
2026-07-22T14:30:00Z,2026-07-22T15:00:00Z,6,12,very low
2026-07-22T14:30:00Z,2026-07-22T15:00:00Z,7,220,high
2026-07-22T14:30:00Z,2026-07-22T15:00:00Z,8,32,low
2026-07-22T14:30:00Z,2026-07-22T15:00:00Z,9,124,moderate
2026-07-22T14:30:00Z,2026-07-22T15:00:00Z,10,173,high
2026-07-22T14:30:00Z,2026-07-22T15:00:00Z,11,152,moderate
2026-07-22T14:30:00Z,2026-07-22T15:00:00Z,12,78,low
2026-07-22T14:30:00Z,2026-07-22T15:00:00Z,13,135,moderate
2026-07-22T14:30:00Z,2026-07-22T15:00:00Z,14,137,moderate
2026-07-22T14:30:00Z,2026-07-22T15:00:00Z,15,103,moderate
2026-07-22T14:30:00Z,2026-07-22T15:00:00Z,16,0,very low
2026-07-22T14:30:00Z,2026-07-22T15:00:00Z,17,105,moderate
2026-07-22T14:30:00Z,2026-07-22T15:00:00Z,18,99,moderate
2026-07-22T15:00:00Z,2026-07-22T15:30:00Z,1,0,very low
2026-07-22T15:00:00Z,2026-07-22T15:30:00Z,2,2,very low
2026-07-22T15:00:00Z,2026-07-22T15:30:00Z,3,27,low
2026-07-22T15:00:00Z,2026-07-22T15:30:00Z,4,15,very low
2026-07-22T15:00:00Z,2026-07-22T15:30:00Z,5,113,moderate
2026-07-22T15:00:00Z,2026-07-22T15:30:00Z,6,13,very low
2026-07-22T15:00:00Z,2026-07-22T15:30:00Z,7,245,very high
2026-07-22T15:00:00Z,2026-07-22T15:30:00Z,8,45,low
2026-07-22T15:00:00Z,2026-07-22T15:30:00Z,9,145,moderate
2026-07-22T15:00:00Z,2026-07-22T15:30:00Z,10,181,high
2026-07-22T15:00:00Z,2026-07-22T15:30:00Z,11,174,high
2026-07-22T15:00:00Z,2026-07-22T15:30:00Z,12,87,low
2026-07-22T15:00:00Z,2026-07-22T15:30:00Z,13,137,moderate
2026-07-22T15:00:00Z,2026-07-22T15:30:00Z,14,136,moderate
2026-07-22T15:00:00Z,2026-07-22T15:30:00Z,15,110,moderate
2026-07-22T15:00:00Z,2026-07-22T15:30:00Z,16,0,very low
2026-07-22T15:00:00Z,2026-07-22T15:30:00Z,17,140,moderate
2026-07-22T15:00:00Z,2026-07-22T15:30:00Z,18,108,moderate
2026-07-22T15:30:00Z,2026-07-22T16:00:00Z,1,0,very low
2026-07-22T15:30:00Z,2026-07-22T16:00:00Z,2,2,very low
2026-07-22T15:30:00Z,2026-07-22T16:00:00Z,3,40,low
2026-07-22T15:30:00Z,2026-07-22T16:00:00Z,4,15,very low
2026-07-22T15:30:00Z,2026-07-22T16:00:00Z,5,122,moderate
2026-07-22T15:30:00Z,2026-07-22T16:00:00Z,6,23,very low
2026-07-22T15:30:00Z,2026-07-22T16:00:00Z,7,266,very high
2026-07-22T15:30:00Z,2026-07-22T16:00:00Z,8,61,low
2026-07-22T15:30:00Z,2026-07-22T16:00:00Z,9,163,moderate
2026-07-22T15:30:00Z,2026-07-22T16:00:00Z,10,191,high
2026-07-22T15:30:00Z,2026-07-22T16:00:00Z,11,205,high
2026-07-22T15:30:00Z,2026-07-22T16:00:00Z,12,105,moderate
2026-07-22T15:30:00Z,2026-07-22T16:00:00Z,13,159,moderate
2026-07-22T15:30:00Z,2026-07-22T16:00:00Z,14,163,moderate
2026-07-22T15:30:00Z,2026-07-22T16:00:00Z,15,124,moderate
2026-07-22T15:30:00Z,2026-07-22T16:00:00Z,16,1,very low
2026-07-22T15:30:00Z,2026-07-22T16:00:00Z,17,188,high
2026-07-22T15:30:00Z,2026-07-22T16:00:00Z,18,123,moderate
2026-07-22T16:00:00Z,2026-07-22T16:30:00Z,1,0,very low
2026-07-22T16:00:00Z,2026-07-22T16:30:00Z,2,2,very low
2026-07-22T16:00:00Z,2026-07-22T16:30:00Z,3,42,low
2026-07-22T16:00:00Z,2026-07-22T16:30:00Z,4,14,very low
2026-07-22T16:00:00Z,2026-07-22T16:30:00Z,5,117,moderate
2026-07-22T16:00:00Z,2026-07-22T16:30:00Z,6,44,low
2026-07-22T16:00:00Z,2026-07-22T16:30:00Z,7,289,very high
2026-07-22T16:00:00Z,2026-07-22T16:30:00Z,8,75,low
2026-07-22T16:00:00Z,2026-07-22T16:30:00Z,9,182,high
2026-07-22T16:00:00Z,2026-07-22T16:30:00Z,10,199,high
2026-07-22T16:00:00Z,2026-07-22T16:30:00Z,11,200,high
2026-07-22T16:00:00Z,2026-07-22T16:30:00Z,12,118,moderate
2026-07-22T16:00:00Z,2026-07-22T16:30:00Z,13,161,moderate
2026-07-22T16:00:00Z,2026-07-22T16:30:00Z,14,161,moderate
2026-07-22T16:00:00Z,2026-07-22T16:30:00Z,15,131,moderate
2026-07-22T16:00:00Z,2026-07-22T16:30:00Z,16,1,very low
2026-07-22T16:00:00Z,2026-07-22T16:30:00Z,17,233,very high
2026-07-22T16:00:00Z,2026-07-22T16:30:00Z,18,132,moderate
2026-07-22T16:30:00Z,2026-07-22T17:00:00Z,1,0,very low
2026-07-22T16:30:00Z,2026-07-22T17:00:00Z,2,2,very low
2026-07-22T16:30:00Z,2026-07-22T17:00:00Z,3,45,low
2026-07-22T16:30:00Z,2026-07-22T17:00:00Z,4,14,very low
2026-07-22T16:30:00Z,2026-07-22T17:00:00Z,5,112,moderate
2026-07-22T16:30:00Z,2026-07-22T17:00:00Z,6,49,low
2026-07-22T16:30:00Z,2026-07-22T17:00:00Z,7,301,very high
2026-07-22T16:30:00Z,2026-07-22T17:00:00Z,8,81,low
2026-07-22T16:30:00Z,2026-07-22T17:00:00Z,9,196,high
2026-07-22T16:30:00Z,2026-07-22T17:00:00Z,10,201,high
2026-07-22T16:30:00Z,2026-07-22T17:00:00Z,11,204,high
2026-07-22T16:30:00Z,2026-07-22T17:00:00Z,12,113,moderate
2026-07-22T16:30:00Z,2026-07-22T17:00:00Z,13,162,moderate
2026-07-22T16:30:00Z,2026-07-22T17:00:00Z,14,162,moderate
2026-07-22T16:30:00Z,2026-07-22T17:00:00Z,15,134,moderate
2026-07-22T16:30:00Z,2026-07-22T17:00:00Z,16,0,very low
2026-07-22T16:30:00Z,2026-07-22T17:00:00Z,17,226,high
2026-07-22T16:30:00Z,2026-07-22T17:00:00Z,18,134,moderate
2026-07-22T17:00:00Z,2026-07-22T17:30:00Z,1,0,very low
2026-07-22T17:00:00Z,2026-07-22T17:30:00Z,2,2,very low
2026-07-22T17:00:00Z,2026-07-22T17:30:00Z,3,46,low
2026-07-22T17:00:00Z,2026-07-22T17:30:00Z,4,14,very low
2026-07-22T17:00:00Z,2026-07-22T17:30:00Z,5,105,moderate
2026-07-22T17:00:00Z,2026-07-22T17:30:00Z,6,49,low
2026-07-22T17:00:00Z,2026-07-22T17:30:00Z,7,323,very high
2026-07-22T17:00:00Z,2026-07-22T17:30:00Z,8,93,moderate
2026-07-22T17:00:00Z,2026-07-22T17:30:00Z,9,200,high
2026-07-22T17:00:00Z,2026-07-22T17:30:00Z,10,211,high
2026-07-22T17:00:00Z,2026-07-22T17:30:00Z,11,224,high
2026-07-22T17:00:00Z,2026-07-22T17:30:00Z,12,132,moderate
2026-07-22T17:00:00Z,2026-07-22T17:30:00Z,13,170,high
2026-07-22T17:00:00Z,2026-07-22T17:30:00Z,14,166,moderate
2026-07-22T17:00:00Z,2026-07-22T17:30:00Z,15,141,moderate
2026-07-22T17:00:00Z,2026-07-22T17:30:00Z,16,0,very low
2026-07-22T17:00:00Z,2026-07-22T17:30:00Z,17,247,very high
2026-07-22T17:00:00Z,2026-07-22T17:30:00Z,18,141,moderate
2026-07-22T17:30:00Z,2026-07-22T18:00:00Z,1,0,very low
2026-07-22T17:30:00Z,2026-07-22T18:00:00Z,2,2,very low
2026-07-22T17:30:00Z,2026-07-22T18:00:00Z,3,51,low
2026-07-22T17:30:00Z,2026-07-22T18:00:00Z,4,15,very low
2026-07-22T17:30:00Z,2026-07-22T18:00:00Z,5,108,moderate
2026-07-22T17:30:00Z,2026-07-22T18:00:00Z,6,63,low
2026-07-22T17:30:00Z,2026-07-22T18:00:00Z,7,341,very high
2026-07-22T17:30:00Z,2026-07-22T18:00:00Z,8,123,moderate
2026-07-22T17:30:00Z,2026-07-22T18:00:00Z,9,211,high
2026-07-22T17:30:00Z,2026-07-22T18:00:00Z,10,226,high
2026-07-22T17:30:00Z,2026-07-22T18:00:00Z,11,236,very high
2026-07-22T17:30:00Z,2026-07-22T18:00:00Z,12,136,moderate
2026-07-22T17:30:00Z,2026-07-22T18:00:00Z,13,175,high
2026-07-22T17:30:00Z,2026-07-22T18:00:00Z,14,164,moderate
2026-07-22T17:30:00Z,2026-07-22T18:00:00Z,15,152,moderate
2026-07-22T17:30:00Z,2026-07-22T18:00:00Z,16,1,very low
2026-07-22T17:30:00Z,2026-07-22T18:00:00Z,17,259,very high
2026-07-22T17:30:00Z,2026-07-22T18:00:00Z,18,151,moderate
2026-07-22T18:00:00Z,2026-07-22T18:30:00Z,1,0,very low
2026-07-22T18:00:00Z,2026-07-22T18:30:00Z,2,2,very low
2026-07-22T18:00:00Z,2026-07-22T18:30:00Z,3,55,low
2026-07-22T18:00:00Z,2026-07-22T18:30:00Z,4,16,very low
2026-07-22T18:00:00Z,2026-07-22T18:30:00Z,5,110,moderate
2026-07-22T18:00:00Z,2026-07-22T18:30:00Z,6,72,low
2026-07-22T18:00:00Z,2026-07-22T18:30:00Z,7,353,very high
2026-07-22T18:00:00Z,2026-07-22T18:30:00Z,8,143,moderate
2026-07-22T18:00:00Z,2026-07-22T18:30:00Z,9,217,high
2026-07-22T18:00:00Z,2026-07-22T18:30:00Z,10,230,very high
2026-07-22T18:00:00Z,2026-07-22T18:30:00Z,11,262,very high
2026-07-22T18:00:00Z,2026-07-22T18:30:00Z,12,157,moderate
2026-07-22T18:00:00Z,2026-07-22T18:30:00Z,13,178,high
2026-07-22T18:00:00Z,2026-07-22T18:30:00Z,14,170,high
2026-07-22T18:00:00Z,2026-07-22T18:30:00Z,15,160,moderate
2026-07-22T18:00:00Z,2026-07-22T18:30:00Z,16,1,very low
2026-07-22T18:00:00Z,2026-07-22T18:30:00Z,17,291,very high
2026-07-22T18:00:00Z,2026-07-22T18:30:00Z,18,160,moderate
2026-07-22T18:30:00Z,2026-07-22T19:00:00Z,1,0,very low
2026-07-22T18:30:00Z,2026-07-22T19:00:00Z,2,2,very low
2026-07-22T18:30:00Z,2026-07-22T19:00:00Z,3,58,low
2026-07-22T18:30:00Z,2026-07-22T19:00:00Z,4,17,very low
2026-07-22T18:30:00Z,2026-07-22T19:00:00Z,5,112,moderate
2026-07-22T18:30:00Z,2026-07-22T19:00:00Z,6,71,low
2026-07-22T18:30:00Z,2026-07-22T19:00:00Z,7,362,very high
2026-07-22T18:30:00Z,2026-07-22T19:00:00Z,8,150,moderate
2026-07-22T18:30:00Z,2026-07-22T19:00:00Z,9,223,high
2026-07-22T18:30:00Z,2026-07-22T19:00:00Z,10,251,very high
2026-07-22T18:30:00Z,2026-07-22T19:00:00Z,11,296,very high
2026-07-22T18:30:00Z,2026-07-22T19:00:00Z,12,160,moderate
2026-07-22T18:30:00Z,2026-07-22T19:00:00Z,13,186,high
2026-07-22T18:30:00Z,2026-07-22T19:00:00Z,14,177,high
2026-07-22T18:30:00Z,2026-07-22T19:00:00Z,15,167,moderate
2026-07-22T18:30:00Z,2026-07-22T19:00:00Z,16,1,very low
2026-07-22T18:30:00Z,2026-07-22T19:00:00Z,17,296,very high
2026-07-22T18:30:00Z,2026-07-22T19:00:00Z,18,166,moderate
2026-07-22T19:00:00Z,2026-07-22T19:30:00Z,1,0,very low
2026-07-22T19:00:00Z,2026-07-22T19:30:00Z,2,2,very low
2026-07-22T19:00:00Z,2026-07-22T19:30:00Z,3,59,low
2026-07-22T19:00:00Z,2026-07-22T19:30:00Z,4,17,very low
2026-07-22T19:00:00Z,2026-07-22T19:30:00Z,5,113,moderate
2026-07-22T19:00:00Z,2026-07-22T19:30:00Z,6,63,low
2026-07-22T19:00:00Z,2026-07-22T19:30:00Z,7,368,very high
2026-07-22T19:00:00Z,2026-07-22T19:30:00Z,8,161,moderate
2026-07-22T19:00:00Z,2026-07-22T19:30:00Z,9,229,high
2026-07-22T19:00:00Z,2026-07-22T19:30:00Z,10,277,very high
2026-07-22T19:00:00Z,2026-07-22T19:30:00Z,11,320,very high
2026-07-22T19:00:00Z,2026-07-22T19:30:00Z,12,172,high
2026-07-22T19:00:00Z,2026-07-22T19:30:00Z,13,196,high
2026-07-22T19:00:00Z,2026-07-22T19:30:00Z,14,182,high
2026-07-22T19:00:00Z,2026-07-22T19:30:00Z,15,176,high
2026-07-22T19:00:00Z,2026-07-22T19:30:00Z,16,1,very low
2026-07-22T19:00:00Z,2026-07-22T19:30:00Z,17,307,very high
2026-07-22T19:00:00Z,2026-07-22T19:30:00Z,18,174,high
2026-07-22T19:30:00Z,2026-07-22T20:00:00Z,1,0,very low
2026-07-22T19:30:00Z,2026-07-22T20:00:00Z,2,2,very low
2026-07-22T19:30:00Z,2026-07-22T20:00:00Z,3,59,low
2026-07-22T19:30:00Z,2026-07-22T20:00:00Z,4,17,very low
2026-07-22T19:30:00Z,2026-07-22T20:00:00Z,5,117,moderate
2026-07-22T19:30:00Z,2026-07-22T20:00:00Z,6,63,low
2026-07-22T19:30:00Z,2026-07-22T20:00:00Z,7,379,very high
2026-07-22T19:30:00Z,2026-07-22T20:00:00Z,8,167,moderate
2026-07-22T19:30:00Z,2026-07-22T20:00:00Z,9,228,high
2026-07-22T19:30:00Z,2026-07-22T20:00:00Z,10,294,very high
2026-07-22T19:30:00Z,2026-07-22T20:00:00Z,11,356,very high
2026-07-22T19:30:00Z,2026-07-22T20:00:00Z,12,190,high
2026-07-22T19:30:00Z,2026-07-22T20:00:00Z,13,215,high
2026-07-22T19:30:00Z,2026-07-22T20:00:00Z,14,194,high
2026-07-22T19:30:00Z,2026-07-22T20:00:00Z,15,183,high
2026-07-22T19:30:00Z,2026-07-22T20:00:00Z,16,1,very low
2026-07-22T19:30:00Z,2026-07-22T20:00:00Z,17,315,very high
2026-07-22T19:30:00Z,2026-07-22T20:00:00Z,18,181,high
2026-07-22T20:00:00Z,2026-07-22T20:30:00Z,1,0,very low
2026-07-22T20:00:00Z,2026-07-22T20:30:00Z,2,3,very low
2026-07-22T20:00:00Z,2026-07-22T20:30:00Z,3,60,low
2026-07-22T20:00:00Z,2026-07-22T20:30:00Z,4,18,very low
2026-07-22T20:00:00Z,2026-07-22T20:30:00Z,5,116,moderate
2026-07-22T20:00:00Z,2026-07-22T20:30:00Z,6,69,low
2026-07-22T20:00:00Z,2026-07-22T20:30:00Z,7,381,very high
2026-07-22T20:00:00Z,2026-07-22T20:30:00Z,8,173,high
2026-07-22T20:00:00Z,2026-07-22T20:30:00Z,9,236,very high
2026-07-22T20:00:00Z,2026-07-22T20:30:00Z,10,302,very high
2026-07-22T20:00:00Z,2026-07-22T20:30:00Z,11,373,very high
2026-07-22T20:00:00Z,2026-07-22T20:30:00Z,12,194,high
2026-07-22T20:00:00Z,2026-07-22T20:30:00Z,13,196,high
2026-07-22T20:00:00Z,2026-07-22T20:30:00Z,14,179,high
2026-07-22T20:00:00Z,2026-07-22T20:30:00Z,15,186,high
2026-07-22T20:00:00Z,2026-07-22T20:30:00Z,16,1,very low
2026-07-22T20:00:00Z,2026-07-22T20:30:00Z,17,307,very high
2026-07-22T20:00:00Z,2026-07-22T20:30:00Z,18,183,high
2026-07-22T20:30:00Z,2026-07-22T21:00:00Z,1,0,very low
2026-07-22T20:30:00Z,2026-07-22T21:00:00Z,2,3,very low
2026-07-22T20:30:00Z,2026-07-22T21:00:00Z,3,58,low
2026-07-22T20:30:00Z,2026-07-22T21:00:00Z,4,18,very low
2026-07-22T20:30:00Z,2026-07-22T21:00:00Z,5,115,moderate
2026-07-22T20:30:00Z,2026-07-22T21:00:00Z,6,61,low
2026-07-22T20:30:00Z,2026-07-22T21:00:00Z,7,382,very high
2026-07-22T20:30:00Z,2026-07-22T21:00:00Z,8,170,high
2026-07-22T20:30:00Z,2026-07-22T21:00:00Z,9,239,very high
2026-07-22T20:30:00Z,2026-07-22T21:00:00Z,10,309,very high
2026-07-22T20:30:00Z,2026-07-22T21:00:00Z,11,378,very high
2026-07-22T20:30:00Z,2026-07-22T21:00:00Z,12,197,high
2026-07-22T20:30:00Z,2026-07-22T21:00:00Z,13,196,high
2026-07-22T20:30:00Z,2026-07-22T21:00:00Z,14,180,high
2026-07-22T20:30:00Z,2026-07-22T21:00:00Z,15,187,high
2026-07-22T20:30:00Z,2026-07-22T21:00:00Z,16,1,very low
2026-07-22T20:30:00Z,2026-07-22T21:00:00Z,17,303,very high
2026-07-22T20:30:00Z,2026-07-22T21:00:00Z,18,184,high
2026-07-22T21:00:00Z,2026-07-22T21:30:00Z,1,0,very low
2026-07-22T21:00:00Z,2026-07-22T21:30:00Z,2,2,very low
2026-07-22T21:00:00Z,2026-07-22T21:30:00Z,3,55,low
2026-07-22T21:00:00Z,2026-07-22T21:30:00Z,4,16,very low
2026-07-22T21:00:00Z,2026-07-22T21:30:00Z,5,113,moderate
2026-07-22T21:00:00Z,2026-07-22T21:30:00Z,6,57,low
2026-07-22T21:00:00Z,2026-07-22T21:30:00Z,7,381,very high
2026-07-22T21:00:00Z,2026-07-22T21:30:00Z,8,165,moderate
2026-07-22T21:00:00Z,2026-07-22T21:30:00Z,9,235,very high
2026-07-22T21:00:00Z,2026-07-22T21:30:00Z,10,306,very high
2026-07-22T21:00:00Z,2026-07-22T21:30:00Z,11,380,very high
2026-07-22T21:00:00Z,2026-07-22T21:30:00Z,12,197,high
2026-07-22T21:00:00Z,2026-07-22T21:30:00Z,13,193,high
2026-07-22T21:00:00Z,2026-07-22T21:30:00Z,14,177,high
2026-07-22T21:00:00Z,2026-07-22T21:30:00Z,15,184,high
2026-07-22T21:00:00Z,2026-07-22T21:30:00Z,16,2,very low
2026-07-22T21:00:00Z,2026-07-22T21:30:00Z,17,290,very high
2026-07-22T21:00:00Z,2026-07-22T21:30:00Z,18,181,high
2026-07-22T21:30:00Z,2026-07-22T22:00:00Z,1,0,very low
2026-07-22T21:30:00Z,2026-07-22T22:00:00Z,2,2,very low
2026-07-22T21:30:00Z,2026-07-22T22:00:00Z,3,45,low
2026-07-22T21:30:00Z,2026-07-22T22:00:00Z,4,15,very low
2026-07-22T21:30:00Z,2026-07-22T22:00:00Z,5,108,moderate
2026-07-22T21:30:00Z,2026-07-22T22:00:00Z,6,38,low
2026-07-22T21:30:00Z,2026-07-22T22:00:00Z,7,379,very high
2026-07-22T21:30:00Z,2026-07-22T22:00:00Z,8,134,moderate
2026-07-22T21:30:00Z,2026-07-22T22:00:00Z,9,223,high
2026-07-22T21:30:00Z,2026-07-22T22:00:00Z,10,300,very high
2026-07-22T21:30:00Z,2026-07-22T22:00:00Z,11,378,very high
2026-07-22T21:30:00Z,2026-07-22T22:00:00Z,12,182,high
2026-07-22T21:30:00Z,2026-07-22T22:00:00Z,13,185,high
2026-07-22T21:30:00Z,2026-07-22T22:00:00Z,14,170,high
2026-07-22T21:30:00Z,2026-07-22T22:00:00Z,15,172,high
2026-07-22T21:30:00Z,2026-07-22T22:00:00Z,16,1,very low
2026-07-22T21:30:00Z,2026-07-22T22:00:00Z,17,253,very high
2026-07-22T21:30:00Z,2026-07-22T22:00:00Z,18,168,moderate
2026-07-22T22:00:00Z,2026-07-22T22:30:00Z,1,0,very low
2026-07-22T22:00:00Z,2026-07-22T22:30:00Z,2,2,very low
2026-07-22T22:00:00Z,2026-07-22T22:30:00Z,3,40,low
2026-07-22T22:00:00Z,2026-07-22T22:30:00Z,4,14,very low
2026-07-22T22:00:00Z,2026-07-22T22:30:00Z,5,103,moderate
2026-07-22T22:00:00Z,2026-07-22T22:30:00Z,6,25,low
2026-07-22T22:00:00Z,2026-07-22T22:30:00Z,7,378,very high
2026-07-22T22:00:00Z,2026-07-22T22:30:00Z,8,124,moderate
2026-07-22T22:00:00Z,2026-07-22T22:30:00Z,9,216,high
2026-07-22T22:00:00Z,2026-07-22T22:30:00Z,10,295,very high
2026-07-22T22:00:00Z,2026-07-22T22:30:00Z,11,376,very high
2026-07-22T22:00:00Z,2026-07-22T22:30:00Z,12,174,high
2026-07-22T22:00:00Z,2026-07-22T22:30:00Z,13,186,high
2026-07-22T22:00:00Z,2026-07-22T22:30:00Z,14,171,high
2026-07-22T22:00:00Z,2026-07-22T22:30:00Z,15,165,moderate
2026-07-22T22:00:00Z,2026-07-22T22:30:00Z,16,1,very low
2026-07-22T22:00:00Z,2026-07-22T22:30:00Z,17,227,high
2026-07-22T22:00:00Z,2026-07-22T22:30:00Z,18,161,moderate
2026-07-22T22:30:00Z,2026-07-22T23:00:00Z,1,0,very low
2026-07-22T22:30:00Z,2026-07-22T23:00:00Z,2,1,very low
2026-07-22T22:30:00Z,2026-07-22T23:00:00Z,3,36,low
2026-07-22T22:30:00Z,2026-07-22T23:00:00Z,4,15,very low
2026-07-22T22:30:00Z,2026-07-22T23:00:00Z,5,101,moderate
2026-07-22T22:30:00Z,2026-07-22T23:00:00Z,6,29,low
2026-07-22T22:30:00Z,2026-07-22T23:00:00Z,7,376,very high
2026-07-22T22:30:00Z,2026-07-22T23:00:00Z,8,123,moderate
2026-07-22T22:30:00Z,2026-07-22T23:00:00Z,9,216,high
2026-07-22T22:30:00Z,2026-07-22T23:00:00Z,10,296,very high
2026-07-22T22:30:00Z,2026-07-22T23:00:00Z,11,377,very high
2026-07-22T22:30:00Z,2026-07-22T23:00:00Z,12,177,high
2026-07-22T22:30:00Z,2026-07-22T23:00:00Z,13,186,high
2026-07-22T22:30:00Z,2026-07-22T23:00:00Z,14,170,high
2026-07-22T22:30:00Z,2026-07-22T23:00:00Z,15,165,moderate
2026-07-22T22:30:00Z,2026-07-22T23:00:00Z,16,1,very low
2026-07-22T22:30:00Z,2026-07-22T23:00:00Z,17,231,very high
2026-07-22T22:30:00Z,2026-07-22T23:00:00Z,18,161,moderate
2026-07-22T23:00:00Z,2026-07-22T23:30:00Z,1,0,very low
2026-07-22T23:00:00Z,2026-07-22T23:30:00Z,2,1,very low
2026-07-22T23:00:00Z,2026-07-22T23:30:00Z,3,36,low
2026-07-22T23:00:00Z,2026-07-22T23:30:00Z,4,15,very low
2026-07-22T23:00:00Z,2026-07-22T23:30:00Z,5,101,moderate
2026-07-22T23:00:00Z,2026-07-22T23:30:00Z,6,44,low
2026-07-22T23:00:00Z,2026-07-22T23:30:00Z,7,376,very high
2026-07-22T23:00:00Z,2026-07-22T23:30:00Z,8,126,moderate
2026-07-22T23:00:00Z,2026-07-22T23:30:00Z,9,217,high
2026-07-22T23:00:00Z,2026-07-22T23:30:00Z,10,294,very high
2026-07-22T23:00:00Z,2026-07-22T23:30:00Z,11,377,very high
2026-07-22T23:00:00Z,2026-07-22T23:30:00Z,12,176,high
2026-07-22T23:00:00Z,2026-07-22T23:30:00Z,13,183,high
2026-07-22T23:00:00Z,2026-07-22T23:30:00Z,14,171,high
2026-07-22T23:00:00Z,2026-07-22T23:30:00Z,15,165,moderate
2026-07-22T23:00:00Z,2026-07-22T23:30:00Z,16,1,very low
2026-07-22T23:00:00Z,2026-07-22T23:30:00Z,17,237,very high
2026-07-22T23:00:00Z,2026-07-22T23:30:00Z,18,162,moderate
2026-07-22T23:30:00Z,2026-07-23T00:00:00Z,1,0,very low
2026-07-22T23:30:00Z,2026-07-23T00:00:00Z,2,0,very low
2026-07-22T23:30:00Z,2026-07-23T00:00:00Z,3,33,low
2026-07-22T23:30:00Z,2026-07-23T00:00:00Z,4,14,very low
2026-07-22T23:30:00Z,2026-07-23T00:00:00Z,5,102,moderate
2026-07-22T23:30:00Z,2026-07-23T00:00:00Z,6,16,very low
2026-07-22T23:30:00Z,2026-07-23T00:00:00Z,7,378,very high
2026-07-22T23:30:00Z,2026-07-23T00:00:00Z,8,134,moderate
2026-07-22T23:30:00Z,2026-07-23T00:00:00Z,9,223,high
2026-07-22T23:30:00Z,2026-07-23T00:00:00Z,10,294,very high
2026-07-22T23:30:00Z,2026-07-23T00:00:00Z,11,375,very high
2026-07-22T23:30:00Z,2026-07-23T00:00:00Z,12,179,high
2026-07-22T23:30:00Z,2026-07-23T00:00:00Z,13,185,high
2026-07-22T23:30:00Z,2026-07-23T00:00:00Z,14,174,high
2026-07-22T23:30:00Z,2026-07-23T00:00:00Z,15,167,moderate
2026-07-22T23:30:00Z,2026-07-23T00:00:00Z,16,0,very low
2026-07-22T23:30:00Z,2026-07-23T00:00:00Z,17,275,very high
2026-07-22T23:30:00Z,2026-07-23T00:00:00Z,18,165,moderate
2026-07-23T00:00:00Z,2026-07-23T00:30:00Z,1,0,very low
2026-07-23T00:00:00Z,2026-07-23T00:30:00Z,2,0,very low
2026-07-23T00:00:00Z,2026-07-23T00:30:00Z,3,31,low
2026-07-23T00:00:00Z,2026-07-23T00:30:00Z,4,14,very low
2026-07-23T00:00:00Z,2026-07-23T00:30:00Z,5,99,moderate
2026-07-23T00:00:00Z,2026-07-23T00:30:00Z,6,15,very low
2026-07-23T00:00:00Z,2026-07-23T00:30:00Z,7,376,very high
2026-07-23T00:00:00Z,2026-07-23T00:30:00Z,8,133,moderate
2026-07-23T00:00:00Z,2026-07-23T00:30:00Z,9,219,high
2026-07-23T00:00:00Z,2026-07-23T00:30:00Z,10,288,very high
2026-07-23T00:00:00Z,2026-07-23T00:30:00Z,11,376,very high
2026-07-23T00:00:00Z,2026-07-23T00:30:00Z,12,177,high
2026-07-23T00:00:00Z,2026-07-23T00:30:00Z,13,182,high
2026-07-23T00:00:00Z,2026-07-23T00:30:00Z,14,176,high
2026-07-23T00:00:00Z,2026-07-23T00:30:00Z,15,165,moderate
2026-07-23T00:00:00Z,2026-07-23T00:30:00Z,16,0,very low
2026-07-23T00:00:00Z,2026-07-23T00:30:00Z,17,268,very high
2026-07-23T00:00:00Z,2026-07-23T00:30:00Z,18,163,moderate
2026-07-23T00:30:00Z,2026-07-23T01:00:00Z,1,0,very low
2026-07-23T00:30:00Z,2026-07-23T01:00:00Z,2,0,very low
2026-07-23T00:30:00Z,2026-07-23T01:00:00Z,3,33,low
2026-07-23T00:30:00Z,2026-07-23T01:00:00Z,4,15,very low
2026-07-23T00:30:00Z,2026-07-23T01:00:00Z,5,92,moderate
2026-07-23T00:30:00Z,2026-07-23T01:00:00Z,6,17,very low
2026-07-23T00:30:00Z,2026-07-23T01:00:00Z,7,377,very high
2026-07-23T00:30:00Z,2026-07-23T01:00:00Z,8,133,moderate
2026-07-23T00:30:00Z,2026-07-23T01:00:00Z,9,206,high
2026-07-23T00:30:00Z,2026-07-23T01:00:00Z,10,266,very high
2026-07-23T00:30:00Z,2026-07-23T01:00:00Z,11,376,very high
2026-07-23T00:30:00Z,2026-07-23T01:00:00Z,12,179,high
2026-07-23T00:30:00Z,2026-07-23T01:00:00Z,13,189,high
2026-07-23T00:30:00Z,2026-07-23T01:00:00Z,14,177,high
2026-07-23T00:30:00Z,2026-07-23T01:00:00Z,15,160,moderate
2026-07-23T00:30:00Z,2026-07-23T01:00:00Z,16,1,very low
2026-07-23T00:30:00Z,2026-07-23T01:00:00Z,17,264,very high
2026-07-23T00:30:00Z,2026-07-23T01:00:00Z,18,159,moderate
2026-07-23T01:00:00Z,2026-07-23T01:30:00Z,1,0,very low
2026-07-23T01:00:00Z,2026-07-23T01:30:00Z,2,0,very low
2026-07-23T01:00:00Z,2026-07-23T01:30:00Z,3,32,low
2026-07-23T01:00:00Z,2026-07-23T01:30:00Z,4,15,very low
2026-07-23T01:00:00Z,2026-07-23T01:30:00Z,5,89,low
2026-07-23T01:00:00Z,2026-07-23T01:30:00Z,6,16,very low
2026-07-23T01:00:00Z,2026-07-23T01:30:00Z,7,373,very high
2026-07-23T01:00:00Z,2026-07-23T01:30:00Z,8,122,moderate
2026-07-23T01:00:00Z,2026-07-23T01:30:00Z,9,201,high
2026-07-23T01:00:00Z,2026-07-23T01:30:00Z,10,226,high
2026-07-23T01:00:00Z,2026-07-23T01:30:00Z,11,376,very high
2026-07-23T01:00:00Z,2026-07-23T01:30:00Z,12,176,high
2026-07-23T01:00:00Z,2026-07-23T01:30:00Z,13,181,high
2026-07-23T01:00:00Z,2026-07-23T01:30:00Z,14,171,high
2026-07-23T01:00:00Z,2026-07-23T01:30:00Z,15,151,moderate
2026-07-23T01:00:00Z,2026-07-23T01:30:00Z,16,1,very low
2026-07-23T01:00:00Z,2026-07-23T01:30:00Z,17,262,very high
2026-07-23T01:00:00Z,2026-07-23T01:30:00Z,18,150,moderate
2026-07-23T01:30:00Z,2026-07-23T02:00:00Z,1,0,very low
2026-07-23T01:30:00Z,2026-07-23T02:00:00Z,2,0,very low
2026-07-23T01:30:00Z,2026-07-23T02:00:00Z,3,27,low
2026-07-23T01:30:00Z,2026-07-23T02:00:00Z,4,15,very low
2026-07-23T01:30:00Z,2026-07-23T02:00:00Z,5,86,low
2026-07-23T01:30:00Z,2026-07-23T02:00:00Z,6,14,very low
2026-07-23T01:30:00Z,2026-07-23T02:00:00Z,7,369,very high
2026-07-23T01:30:00Z,2026-07-23T02:00:00Z,8,113,moderate
2026-07-23T01:30:00Z,2026-07-23T02:00:00Z,9,191,high
2026-07-23T01:30:00Z,2026-07-23T02:00:00Z,10,209,high
2026-07-23T01:30:00Z,2026-07-23T02:00:00Z,11,377,very high
2026-07-23T01:30:00Z,2026-07-23T02:00:00Z,12,167,moderate
2026-07-23T01:30:00Z,2026-07-23T02:00:00Z,13,168,moderate
2026-07-23T01:30:00Z,2026-07-23T02:00:00Z,14,165,moderate
2026-07-23T01:30:00Z,2026-07-23T02:00:00Z,15,146,moderate
2026-07-23T01:30:00Z,2026-07-23T02:00:00Z,16,1,very low
2026-07-23T01:30:00Z,2026-07-23T02:00:00Z,17,273,very high
2026-07-23T01:30:00Z,2026-07-23T02:00:00Z,18,142,moderate
2026-07-23T02:00:00Z,2026-07-23T02:30:00Z,1,0,very low
2026-07-23T02:00:00Z,2026-07-23T02:30:00Z,2,0,very low
2026-07-23T02:00:00Z,2026-07-23T02:30:00Z,3,26,low
2026-07-23T02:00:00Z,2026-07-23T02:30:00Z,4,16,very low
2026-07-23T02:00:00Z,2026-07-23T02:30:00Z,5,78,low
2026-07-23T02:00:00Z,2026-07-23T02:30:00Z,6,16,very low
2026-07-23T02:00:00Z,2026-07-23T02:30:00Z,7,363,very high
2026-07-23T02:00:00Z,2026-07-23T02:30:00Z,8,90,moderate
2026-07-23T02:00:00Z,2026-07-23T02:30:00Z,9,173,high
2026-07-23T02:00:00Z,2026-07-23T02:30:00Z,10,200,high
2026-07-23T02:00:00Z,2026-07-23T02:30:00Z,11,376,very high
2026-07-23T02:00:00Z,2026-07-23T02:30:00Z,12,161,moderate
2026-07-23T02:00:00Z,2026-07-23T02:30:00Z,13,170,high
2026-07-23T02:00:00Z,2026-07-23T02:30:00Z,14,168,moderate
2026-07-23T02:00:00Z,2026-07-23T02:30:00Z,15,136,moderate
2026-07-23T02:00:00Z,2026-07-23T02:30:00Z,16,1,very low
2026-07-23T02:00:00Z,2026-07-23T02:30:00Z,17,258,very high
2026-07-23T02:00:00Z,2026-07-23T02:30:00Z,18,133,moderate
2026-07-23T02:30:00Z,2026-07-23T03:00:00Z,1,0,very low
2026-07-23T02:30:00Z,2026-07-23T03:00:00Z,2,0,very low
2026-07-23T02:30:00Z,2026-07-23T03:00:00Z,3,24,very low
2026-07-23T02:30:00Z,2026-07-23T03:00:00Z,4,15,very low
2026-07-23T02:30:00Z,2026-07-23T03:00:00Z,5,65,low
2026-07-23T02:30:00Z,2026-07-23T03:00:00Z,6,11,very low
2026-07-23T02:30:00Z,2026-07-23T03:00:00Z,7,373,very high
2026-07-23T02:30:00Z,2026-07-23T03:00:00Z,8,91,moderate
2026-07-23T02:30:00Z,2026-07-23T03:00:00Z,9,144,moderate
2026-07-23T02:30:00Z,2026-07-23T03:00:00Z,10,180,high
2026-07-23T02:30:00Z,2026-07-23T03:00:00Z,11,378,very high
2026-07-23T02:30:00Z,2026-07-23T03:00:00Z,12,165,moderate
2026-07-23T02:30:00Z,2026-07-23T03:00:00Z,13,202,high
2026-07-23T02:30:00Z,2026-07-23T03:00:00Z,14,227,high
2026-07-23T02:30:00Z,2026-07-23T03:00:00Z,15,131,moderate
2026-07-23T02:30:00Z,2026-07-23T03:00:00Z,16,1,very low
2026-07-23T02:30:00Z,2026-07-23T03:00:00Z,17,244,very high
2026-07-23T02:30:00Z,2026-07-23T03:00:00Z,18,130,moderate
2026-07-23T03:00:00Z,2026-07-23T03:30:00Z,1,0,very low
2026-07-23T03:00:00Z,2026-07-23T03:30:00Z,2,0,very low
2026-07-23T03:00:00Z,2026-07-23T03:30:00Z,3,20,very low
2026-07-23T03:00:00Z,2026-07-23T03:30:00Z,4,16,very low
2026-07-23T03:00:00Z,2026-07-23T03:30:00Z,5,63,low
2026-07-23T03:00:00Z,2026-07-23T03:30:00Z,6,9,very low
2026-07-23T03:00:00Z,2026-07-23T03:30:00Z,7,372,very high
2026-07-23T03:00:00Z,2026-07-23T03:30:00Z,8,77,low
2026-07-23T03:00:00Z,2026-07-23T03:30:00Z,9,137,moderate
2026-07-23T03:00:00Z,2026-07-23T03:30:00Z,10,166,moderate
2026-07-23T03:00:00Z,2026-07-23T03:30:00Z,11,382,very high
2026-07-23T03:00:00Z,2026-07-23T03:30:00Z,12,172,high
2026-07-23T03:00:00Z,2026-07-23T03:30:00Z,13,192,high
2026-07-23T03:00:00Z,2026-07-23T03:30:00Z,14,212,high
2026-07-23T03:00:00Z,2026-07-23T03:30:00Z,15,125,moderate
2026-07-23T03:00:00Z,2026-07-23T03:30:00Z,16,1,very low
2026-07-23T03:00:00Z,2026-07-23T03:30:00Z,17,228,high
2026-07-23T03:00:00Z,2026-07-23T03:30:00Z,18,124,moderate
2026-07-23T03:30:00Z,2026-07-23T04:00:00Z,1,0,very low
2026-07-23T03:30:00Z,2026-07-23T04:00:00Z,2,0,very low
2026-07-23T03:30:00Z,2026-07-23T04:00:00Z,3,29,low
2026-07-23T03:30:00Z,2026-07-23T04:00:00Z,4,15,very low
2026-07-23T03:30:00Z,2026-07-23T04:00:00Z,5,56,low
2026-07-23T03:30:00Z,2026-07-23T04:00:00Z,6,18,very low
2026-07-23T03:30:00Z,2026-07-23T04:00:00Z,7,371,very high
2026-07-23T03:30:00Z,2026-07-23T04:00:00Z,8,70,low
2026-07-23T03:30:00Z,2026-07-23T04:00:00Z,9,141,moderate
2026-07-23T03:30:00Z,2026-07-23T04:00:00Z,10,138,moderate
2026-07-23T03:30:00Z,2026-07-23T04:00:00Z,11,385,very high
2026-07-23T03:30:00Z,2026-07-23T04:00:00Z,12,215,high
2026-07-23T03:30:00Z,2026-07-23T04:00:00Z,13,208,high
2026-07-23T03:30:00Z,2026-07-23T04:00:00Z,14,235,very high
2026-07-23T03:30:00Z,2026-07-23T04:00:00Z,15,133,moderate
2026-07-23T03:30:00Z,2026-07-23T04:00:00Z,16,1,very low
2026-07-23T03:30:00Z,2026-07-23T04:00:00Z,17,224,high
2026-07-23T03:30:00Z,2026-07-23T04:00:00Z,18,131,moderate
2026-07-23T04:00:00Z,2026-07-23T04:30:00Z,1,0,very low
2026-07-23T04:00:00Z,2026-07-23T04:30:00Z,2,0,very low
2026-07-23T04:00:00Z,2026-07-23T04:30:00Z,3,25,low
2026-07-23T04:00:00Z,2026-07-23T04:30:00Z,4,14,very low
2026-07-23T04:00:00Z,2026-07-23T04:30:00Z,5,57,low
2026-07-23T04:00:00Z,2026-07-23T04:30:00Z,6,19,very low
2026-07-23T04:00:00Z,2026-07-23T04:30:00Z,7,363,very high
2026-07-23T04:00:00Z,2026-07-23T04:30:00Z,8,45,low
2026-07-23T04:00:00Z,2026-07-23T04:30:00Z,9,146,moderate
2026-07-23T04:00:00Z,2026-07-23T04:30:00Z,10,157,moderate
2026-07-23T04:00:00Z,2026-07-23T04:30:00Z,11,384,very high
2026-07-23T04:00:00Z,2026-07-23T04:30:00Z,12,224,high
2026-07-23T04:00:00Z,2026-07-23T04:30:00Z,13,229,high
2026-07-23T04:00:00Z,2026-07-23T04:30:00Z,14,259,very high
2026-07-23T04:00:00Z,2026-07-23T04:30:00Z,15,139,moderate
2026-07-23T04:00:00Z,2026-07-23T04:30:00Z,16,1,very low
2026-07-23T04:00:00Z,2026-07-23T04:30:00Z,17,191,high
2026-07-23T04:00:00Z,2026-07-23T04:30:00Z,18,135,moderate
2026-07-23T04:30:00Z,2026-07-23T05:00:00Z,1,0,very low
2026-07-23T04:30:00Z,2026-07-23T05:00:00Z,2,1,very low
2026-07-23T04:30:00Z,2026-07-23T05:00:00Z,3,23,very low
2026-07-23T04:30:00Z,2026-07-23T05:00:00Z,4,15,very low
2026-07-23T04:30:00Z,2026-07-23T05:00:00Z,5,63,low
2026-07-23T04:30:00Z,2026-07-23T05:00:00Z,6,17,very low
2026-07-23T04:30:00Z,2026-07-23T05:00:00Z,7,367,very high
2026-07-23T04:30:00Z,2026-07-23T05:00:00Z,8,41,low
2026-07-23T04:30:00Z,2026-07-23T05:00:00Z,9,152,moderate
2026-07-23T04:30:00Z,2026-07-23T05:00:00Z,10,219,high
2026-07-23T04:30:00Z,2026-07-23T05:00:00Z,11,379,very high
2026-07-23T04:30:00Z,2026-07-23T05:00:00Z,12,230,very high
2026-07-23T04:30:00Z,2026-07-23T05:00:00Z,13,227,high
2026-07-23T04:30:00Z,2026-07-23T05:00:00Z,14,228,high
2026-07-23T04:30:00Z,2026-07-23T05:00:00Z,15,141,moderate
2026-07-23T04:30:00Z,2026-07-23T05:00:00Z,16,1,very low
2026-07-23T04:30:00Z,2026-07-23T05:00:00Z,17,226,high
2026-07-23T04:30:00Z,2026-07-23T05:00:00Z,18,138,moderate
2026-07-23T05:00:00Z,2026-07-23T05:30:00Z,1,0,very low
2026-07-23T05:00:00Z,2026-07-23T05:30:00Z,2,1,very low
2026-07-23T05:00:00Z,2026-07-23T05:30:00Z,3,27,low
2026-07-23T05:00:00Z,2026-07-23T05:30:00Z,4,16,very low
2026-07-23T05:00:00Z,2026-07-23T05:30:00Z,5,66,low
2026-07-23T05:00:00Z,2026-07-23T05:30:00Z,6,19,very low
2026-07-23T05:00:00Z,2026-07-23T05:30:00Z,7,378,very high
2026-07-23T05:00:00Z,2026-07-23T05:30:00Z,8,93,moderate
2026-07-23T05:00:00Z,2026-07-23T05:30:00Z,9,164,moderate
2026-07-23T05:00:00Z,2026-07-23T05:30:00Z,10,203,high
2026-07-23T05:00:00Z,2026-07-23T05:30:00Z,11,362,very high
2026-07-23T05:00:00Z,2026-07-23T05:30:00Z,12,209,high
2026-07-23T05:00:00Z,2026-07-23T05:30:00Z,13,215,high
2026-07-23T05:00:00Z,2026-07-23T05:30:00Z,14,219,high
2026-07-23T05:00:00Z,2026-07-23T05:30:00Z,15,146,moderate
2026-07-23T05:00:00Z,2026-07-23T05:30:00Z,16,1,very low
2026-07-23T05:00:00Z,2026-07-23T05:30:00Z,17,223,high
2026-07-23T05:00:00Z,2026-07-23T05:30:00Z,18,143,moderate
2026-07-23T05:30:00Z,2026-07-23T06:00:00Z,1,0,very low
2026-07-23T05:30:00Z,2026-07-23T06:00:00Z,2,1,very low
2026-07-23T05:30:00Z,2026-07-23T06:00:00Z,3,19,very low
2026-07-23T05:30:00Z,2026-07-23T06:00:00Z,4,17,very low
2026-07-23T05:30:00Z,2026-07-23T06:00:00Z,5,72,low
2026-07-23T05:30:00Z,2026-07-23T06:00:00Z,6,22,very low
2026-07-23T05:30:00Z,2026-07-23T06:00:00Z,7,367,very high
2026-07-23T05:30:00Z,2026-07-23T06:00:00Z,8,102,moderate
2026-07-23T05:30:00Z,2026-07-23T06:00:00Z,9,187,high
2026-07-23T05:30:00Z,2026-07-23T06:00:00Z,10,223,high
2026-07-23T05:30:00Z,2026-07-23T06:00:00Z,11,321,very high
2026-07-23T05:30:00Z,2026-07-23T06:00:00Z,12,178,high
2026-07-23T05:30:00Z,2026-07-23T06:00:00Z,13,190,high
2026-07-23T05:30:00Z,2026-07-23T06:00:00Z,14,188,high
2026-07-23T05:30:00Z,2026-07-23T06:00:00Z,15,146,moderate
2026-07-23T05:30:00Z,2026-07-23T06:00:00Z,16,1,very low
2026-07-23T05:30:00Z,2026-07-23T06:00:00Z,17,257,very high
2026-07-23T05:30:00Z,2026-07-23T06:00:00Z,18,145,moderate
2026-07-23T06:00:00Z,2026-07-23T06:30:00Z,1,0,very low
2026-07-23T06:00:00Z,2026-07-23T06:30:00Z,2,2,very low
2026-07-23T06:00:00Z,2026-07-23T06:30:00Z,3,39,low
2026-07-23T06:00:00Z,2026-07-23T06:30:00Z,4,16,very low
2026-07-23T06:00:00Z,2026-07-23T06:30:00Z,5,73,low
2026-07-23T06:00:00Z,2026-07-23T06:30:00Z,6,34,low
2026-07-23T06:00:00Z,2026-07-23T06:30:00Z,7,359,very high
2026-07-23T06:00:00Z,2026-07-23T06:30:00Z,8,115,moderate
2026-07-23T06:00:00Z,2026-07-23T06:30:00Z,9,186,high
2026-07-23T06:00:00Z,2026-07-23T06:30:00Z,10,215,high
2026-07-23T06:00:00Z,2026-07-23T06:30:00Z,11,275,very high
2026-07-23T06:00:00Z,2026-07-23T06:30:00Z,12,161,moderate
2026-07-23T06:00:00Z,2026-07-23T06:30:00Z,13,178,high
2026-07-23T06:00:00Z,2026-07-23T06:30:00Z,14,178,high
2026-07-23T06:00:00Z,2026-07-23T06:30:00Z,15,145,moderate
2026-07-23T06:00:00Z,2026-07-23T06:30:00Z,16,2,very low
2026-07-23T06:00:00Z,2026-07-23T06:30:00Z,17,260,very high
2026-07-23T06:00:00Z,2026-07-23T06:30:00Z,18,145,moderate
2026-07-23T06:30:00Z,2026-07-23T07:00:00Z,1,0,very low
2026-07-23T06:30:00Z,2026-07-23T07:00:00Z,2,3,very low
2026-07-23T06:30:00Z,2026-07-23T07:00:00Z,3,36,low
2026-07-23T06:30:00Z,2026-07-23T07:00:00Z,4,19,very low
2026-07-23T06:30:00Z,2026-07-23T07:00:00Z,5,86,low
2026-07-23T06:30:00Z,2026-07-23T07:00:00Z,6,36,low
2026-07-23T06:30:00Z,2026-07-23T07:00:00Z,7,347,very high
2026-07-23T06:30:00Z,2026-07-23T07:00:00Z,8,115,moderate
2026-07-23T06:30:00Z,2026-07-23T07:00:00Z,9,189,high
2026-07-23T06:30:00Z,2026-07-23T07:00:00Z,10,226,high
2026-07-23T06:30:00Z,2026-07-23T07:00:00Z,11,219,high
2026-07-23T06:30:00Z,2026-07-23T07:00:00Z,12,140,moderate
2026-07-23T06:30:00Z,2026-07-23T07:00:00Z,13,178,high
2026-07-23T06:30:00Z,2026-07-23T07:00:00Z,14,177,high
2026-07-23T06:30:00Z,2026-07-23T07:00:00Z,15,143,moderate
2026-07-23T06:30:00Z,2026-07-23T07:00:00Z,16,2,very low
2026-07-23T06:30:00Z,2026-07-23T07:00:00Z,17,262,very high
2026-07-23T06:30:00Z,2026-07-23T07:00:00Z,18,143,moderate
2026-07-23T07:00:00Z,2026-07-23T07:30:00Z,1,0,very low
2026-07-23T07:00:00Z,2026-07-23T07:30:00Z,2,2,very low
2026-07-23T07:00:00Z,2026-07-23T07:30:00Z,3,32,low
2026-07-23T07:00:00Z,2026-07-23T07:30:00Z,4,19,very low
2026-07-23T07:00:00Z,2026-07-23T07:30:00Z,5,87,low
2026-07-23T07:00:00Z,2026-07-23T07:30:00Z,6,39,low
2026-07-23T07:00:00Z,2026-07-23T07:30:00Z,7,336,very high
2026-07-23T07:00:00Z,2026-07-23T07:30:00Z,8,105,moderate
2026-07-23T07:00:00Z,2026-07-23T07:30:00Z,9,184,high
2026-07-23T07:00:00Z,2026-07-23T07:30:00Z,10,228,high
2026-07-23T07:00:00Z,2026-07-23T07:30:00Z,11,182,high
2026-07-23T07:00:00Z,2026-07-23T07:30:00Z,12,124,moderate
2026-07-23T07:00:00Z,2026-07-23T07:30:00Z,13,166,moderate
2026-07-23T07:00:00Z,2026-07-23T07:30:00Z,14,164,moderate
2026-07-23T07:00:00Z,2026-07-23T07:30:00Z,15,137,moderate
2026-07-23T07:00:00Z,2026-07-23T07:30:00Z,16,2,very low
2026-07-23T07:00:00Z,2026-07-23T07:30:00Z,17,261,very high
2026-07-23T07:00:00Z,2026-07-23T07:30:00Z,18,137,moderate
2026-07-23T07:30:00Z,2026-07-23T08:00:00Z,1,0,very low
2026-07-23T07:30:00Z,2026-07-23T08:00:00Z,2,2,very low
2026-07-23T07:30:00Z,2026-07-23T08:00:00Z,3,36,low
2026-07-23T07:30:00Z,2026-07-23T08:00:00Z,4,19,very low
2026-07-23T07:30:00Z,2026-07-23T08:00:00Z,5,99,moderate
2026-07-23T07:30:00Z,2026-07-23T08:00:00Z,6,32,low
2026-07-23T07:30:00Z,2026-07-23T08:00:00Z,7,304,very high
2026-07-23T07:30:00Z,2026-07-23T08:00:00Z,8,76,low
2026-07-23T07:30:00Z,2026-07-23T08:00:00Z,9,183,high
2026-07-23T07:30:00Z,2026-07-23T08:00:00Z,10,231,very high
2026-07-23T07:30:00Z,2026-07-23T08:00:00Z,11,166,moderate
2026-07-23T07:30:00Z,2026-07-23T08:00:00Z,12,96,moderate
2026-07-23T07:30:00Z,2026-07-23T08:00:00Z,13,149,moderate
2026-07-23T07:30:00Z,2026-07-23T08:00:00Z,14,144,moderate
2026-07-23T07:30:00Z,2026-07-23T08:00:00Z,15,129,moderate
2026-07-23T07:30:00Z,2026-07-23T08:00:00Z,16,2,very low
2026-07-23T07:30:00Z,2026-07-23T08:00:00Z,17,220,high
2026-07-23T07:30:00Z,2026-07-23T08:00:00Z,18,128,moderate
2026-07-23T08:00:00Z,2026-07-23T08:30:00Z,1,0,very low
2026-07-23T08:00:00Z,2026-07-23T08:30:00Z,2,2,very low
2026-07-23T08:00:00Z,2026-07-23T08:30:00Z,3,37,low
2026-07-23T08:00:00Z,2026-07-23T08:30:00Z,4,19,very low
2026-07-23T08:00:00Z,2026-07-23T08:30:00Z,5,99,moderate
2026-07-23T08:00:00Z,2026-07-23T08:30:00Z,6,43,low
2026-07-23T08:00:00Z,2026-07-23T08:30:00Z,7,270,very high
2026-07-23T08:00:00Z,2026-07-23T08:30:00Z,8,59,low
2026-07-23T08:00:00Z,2026-07-23T08:30:00Z,9,179,high
2026-07-23T08:00:00Z,2026-07-23T08:30:00Z,10,222,high
2026-07-23T08:00:00Z,2026-07-23T08:30:00Z,11,148,moderate
2026-07-23T08:00:00Z,2026-07-23T08:30:00Z,12,78,low
2026-07-23T08:00:00Z,2026-07-23T08:30:00Z,13,143,moderate
2026-07-23T08:00:00Z,2026-07-23T08:30:00Z,14,139,moderate
2026-07-23T08:00:00Z,2026-07-23T08:30:00Z,15,120,moderate
2026-07-23T08:00:00Z,2026-07-23T08:30:00Z,16,2,very low
2026-07-23T08:00:00Z,2026-07-23T08:30:00Z,17,215,high
2026-07-23T08:00:00Z,2026-07-23T08:30:00Z,18,120,moderate
2026-07-23T08:30:00Z,2026-07-23T09:00:00Z,1,0,very low
2026-07-23T08:30:00Z,2026-07-23T09:00:00Z,2,2,very low
2026-07-23T08:30:00Z,2026-07-23T09:00:00Z,3,43,low
2026-07-23T08:30:00Z,2026-07-23T09:00:00Z,4,20,very low
2026-07-23T08:30:00Z,2026-07-23T09:00:00Z,5,98,moderate
2026-07-23T08:30:00Z,2026-07-23T09:00:00Z,6,44,low
2026-07-23T08:30:00Z,2026-07-23T09:00:00Z,7,255,very high
2026-07-23T08:30:00Z,2026-07-23T09:00:00Z,8,54,low
2026-07-23T08:30:00Z,2026-07-23T09:00:00Z,9,161,moderate
2026-07-23T08:30:00Z,2026-07-23T09:00:00Z,10,210,high
2026-07-23T08:30:00Z,2026-07-23T09:00:00Z,11,142,moderate
2026-07-23T08:30:00Z,2026-07-23T09:00:00Z,12,76,low
2026-07-23T08:30:00Z,2026-07-23T09:00:00Z,13,140,moderate
2026-07-23T08:30:00Z,2026-07-23T09:00:00Z,14,138,moderate
2026-07-23T08:30:00Z,2026-07-23T09:00:00Z,15,113,moderate
2026-07-23T08:30:00Z,2026-07-23T09:00:00Z,16,2,very low
2026-07-23T08:30:00Z,2026-07-23T09:00:00Z,17,206,high
2026-07-23T08:30:00Z,2026-07-23T09:00:00Z,18,115,moderate
2026-07-23T09:00:00Z,2026-07-23T09:30:00Z,1,0,very low
2026-07-23T09:00:00Z,2026-07-23T09:30:00Z,2,2,very low
2026-07-23T09:00:00Z,2026-07-23T09:30:00Z,3,46,low
2026-07-23T09:00:00Z,2026-07-23T09:30:00Z,4,20,very low
2026-07-23T09:00:00Z,2026-07-23T09:30:00Z,5,100,moderate
2026-07-23T09:00:00Z,2026-07-23T09:30:00Z,6,43,low
2026-07-23T09:00:00Z,2026-07-23T09:30:00Z,7,238,very high
2026-07-23T09:00:00Z,2026-07-23T09:30:00Z,8,50,low
2026-07-23T09:00:00Z,2026-07-23T09:30:00Z,9,153,moderate
2026-07-23T09:00:00Z,2026-07-23T09:30:00Z,10,194,high
2026-07-23T09:00:00Z,2026-07-23T09:30:00Z,11,140,moderate
2026-07-23T09:00:00Z,2026-07-23T09:30:00Z,12,74,low
2026-07-23T09:00:00Z,2026-07-23T09:30:00Z,13,138,moderate
2026-07-23T09:00:00Z,2026-07-23T09:30:00Z,14,139,moderate
2026-07-23T09:00:00Z,2026-07-23T09:30:00Z,15,109,moderate
2026-07-23T09:00:00Z,2026-07-23T09:30:00Z,16,1,very low
2026-07-23T09:00:00Z,2026-07-23T09:30:00Z,17,195,high
2026-07-23T09:00:00Z,2026-07-23T09:30:00Z,18,110,moderate
2026-07-23T09:30:00Z,2026-07-23T10:00:00Z,1,0,very low
2026-07-23T09:30:00Z,2026-07-23T10:00:00Z,2,2,very low
2026-07-23T09:30:00Z,2026-07-23T10:00:00Z,3,48,low
2026-07-23T09:30:00Z,2026-07-23T10:00:00Z,4,18,very low
2026-07-23T09:30:00Z,2026-07-23T10:00:00Z,5,98,moderate
2026-07-23T09:30:00Z,2026-07-23T10:00:00Z,6,39,low
2026-07-23T09:30:00Z,2026-07-23T10:00:00Z,7,218,high
2026-07-23T09:30:00Z,2026-07-23T10:00:00Z,8,44,low
2026-07-23T09:30:00Z,2026-07-23T10:00:00Z,9,148,moderate
2026-07-23T09:30:00Z,2026-07-23T10:00:00Z,10,195,high
2026-07-23T09:30:00Z,2026-07-23T10:00:00Z,11,138,moderate
2026-07-23T09:30:00Z,2026-07-23T10:00:00Z,12,72,low
2026-07-23T09:30:00Z,2026-07-23T10:00:00Z,13,141,moderate
2026-07-23T09:30:00Z,2026-07-23T10:00:00Z,14,144,moderate
2026-07-23T09:30:00Z,2026-07-23T10:00:00Z,15,107,moderate
2026-07-23T09:30:00Z,2026-07-23T10:00:00Z,16,1,very low
2026-07-23T09:30:00Z,2026-07-23T10:00:00Z,17,200,high
2026-07-23T09:30:00Z,2026-07-23T10:00:00Z,18,107,moderate
2026-07-23T10:00:00Z,2026-07-23T10:30:00Z,1,0,very low
2026-07-23T10:00:00Z,2026-07-23T10:30:00Z,2,2,very low
2026-07-23T10:00:00Z,2026-07-23T10:30:00Z,3,42,low
2026-07-23T10:00:00Z,2026-07-23T10:30:00Z,4,17,very low
2026-07-23T10:00:00Z,2026-07-23T10:30:00Z,5,97,moderate
2026-07-23T10:00:00Z,2026-07-23T10:30:00Z,6,34,low
2026-07-23T10:00:00Z,2026-07-23T10:30:00Z,7,207,high
2026-07-23T10:00:00Z,2026-07-23T10:30:00Z,8,38,low
2026-07-23T10:00:00Z,2026-07-23T10:30:00Z,9,146,moderate
2026-07-23T10:00:00Z,2026-07-23T10:30:00Z,10,195,high
2026-07-23T10:00:00Z,2026-07-23T10:30:00Z,11,137,moderate
2026-07-23T10:00:00Z,2026-07-23T10:30:00Z,12,72,low
2026-07-23T10:00:00Z,2026-07-23T10:30:00Z,13,139,moderate
2026-07-23T10:00:00Z,2026-07-23T10:30:00Z,14,143,moderate
2026-07-23T10:00:00Z,2026-07-23T10:30:00Z,15,104,moderate
2026-07-23T10:00:00Z,2026-07-23T10:30:00Z,16,0,very low
2026-07-23T10:00:00Z,2026-07-23T10:30:00Z,17,184,high
2026-07-23T10:00:00Z,2026-07-23T10:30:00Z,18,104,moderate
2026-07-23T10:30:00Z,2026-07-23T11:00:00Z,1,0,very low
2026-07-23T10:30:00Z,2026-07-23T11:00:00Z,2,2,very low
2026-07-23T10:30:00Z,2026-07-23T11:00:00Z,3,38,low
2026-07-23T10:30:00Z,2026-07-23T11:00:00Z,4,19,very low
2026-07-23T10:30:00Z,2026-07-23T11:00:00Z,5,94,moderate
2026-07-23T10:30:00Z,2026-07-23T11:00:00Z,6,22,very low
2026-07-23T10:30:00Z,2026-07-23T11:00:00Z,7,210,high
2026-07-23T10:30:00Z,2026-07-23T11:00:00Z,8,34,low
2026-07-23T10:30:00Z,2026-07-23T11:00:00Z,9,148,moderate
2026-07-23T10:30:00Z,2026-07-23T11:00:00Z,10,193,high
2026-07-23T10:30:00Z,2026-07-23T11:00:00Z,11,113,moderate
2026-07-23T10:30:00Z,2026-07-23T11:00:00Z,12,67,low
2026-07-23T10:30:00Z,2026-07-23T11:00:00Z,13,128,moderate
2026-07-23T10:30:00Z,2026-07-23T11:00:00Z,14,132,moderate
2026-07-23T10:30:00Z,2026-07-23T11:00:00Z,15,101,moderate
2026-07-23T10:30:00Z,2026-07-23T11:00:00Z,16,0,very low
2026-07-23T10:30:00Z,2026-07-23T11:00:00Z,17,169,moderate
2026-07-23T10:30:00Z,2026-07-23T11:00:00Z,18,100,moderate
2026-07-23T11:00:00Z,2026-07-23T11:30:00Z,1,0,very low
2026-07-23T11:00:00Z,2026-07-23T11:30:00Z,2,2,very low
2026-07-23T11:00:00Z,2026-07-23T11:30:00Z,3,37,low
2026-07-23T11:00:00Z,2026-07-23T11:30:00Z,4,19,very low
2026-07-23T11:00:00Z,2026-07-23T11:30:00Z,5,89,low
2026-07-23T11:00:00Z,2026-07-23T11:30:00Z,6,18,very low
2026-07-23T11:00:00Z,2026-07-23T11:30:00Z,7,203,high
2026-07-23T11:00:00Z,2026-07-23T11:30:00Z,8,30,low
2026-07-23T11:00:00Z,2026-07-23T11:30:00Z,9,140,moderate
2026-07-23T11:00:00Z,2026-07-23T11:30:00Z,10,206,high
2026-07-23T11:00:00Z,2026-07-23T11:30:00Z,11,116,moderate
2026-07-23T11:00:00Z,2026-07-23T11:30:00Z,12,66,low
2026-07-23T11:00:00Z,2026-07-23T11:30:00Z,13,132,moderate
2026-07-23T11:00:00Z,2026-07-23T11:30:00Z,14,130,moderate
2026-07-23T11:00:00Z,2026-07-23T11:30:00Z,15,101,moderate
2026-07-23T11:00:00Z,2026-07-23T11:30:00Z,16,1,very low
2026-07-23T11:00:00Z,2026-07-23T11:30:00Z,17,154,moderate
2026-07-23T11:00:00Z,2026-07-23T11:30:00Z,18,100,moderate
2026-07-23T11:30:00Z,2026-07-23T12:00:00Z,1,0,very low
2026-07-23T11:30:00Z,2026-07-23T12:00:00Z,2,2,very low
2026-07-23T11:30:00Z,2026-07-23T12:00:00Z,3,38,low
2026-07-23T11:30:00Z,2026-07-23T12:00:00Z,4,18,very low
2026-07-23T11:30:00Z,2026-07-23T12:00:00Z,5,82,low
2026-07-23T11:30:00Z,2026-07-23T12:00:00Z,6,24,very low
2026-07-23T11:30:00Z,2026-07-23T12:00:00Z,7,207,high
2026-07-23T11:30:00Z,2026-07-23T12:00:00Z,8,30,low
2026-07-23T11:30:00Z,2026-07-23T12:00:00Z,9,134,moderate
2026-07-23T11:30:00Z,2026-07-23T12:00:00Z,10,193,high
2026-07-23T11:30:00Z,2026-07-23T12:00:00Z,11,112,moderate
2026-07-23T11:30:00Z,2026-07-23T12:00:00Z,12,66,low
2026-07-23T11:30:00Z,2026-07-23T12:00:00Z,13,125,moderate
2026-07-23T11:30:00Z,2026-07-23T12:00:00Z,14,126,moderate
2026-07-23T11:30:00Z,2026-07-23T12:00:00Z,15,97,moderate
2026-07-23T11:30:00Z,2026-07-23T12:00:00Z,16,1,very low
2026-07-23T11:30:00Z,2026-07-23T12:00:00Z,17,145,moderate
2026-07-23T11:30:00Z,2026-07-23T12:00:00Z,18,96,moderate
2026-07-23T12:00:00Z,2026-07-23T12:30:00Z,1,0,very low
2026-07-23T12:00:00Z,2026-07-23T12:30:00Z,2,1,very low
2026-07-23T12:00:00Z,2026-07-23T12:30:00Z,3,35,low
2026-07-23T12:00:00Z,2026-07-23T12:30:00Z,4,18,very low
2026-07-23T12:00:00Z,2026-07-23T12:30:00Z,5,82,low
2026-07-23T12:00:00Z,2026-07-23T12:30:00Z,6,19,very low
2026-07-23T12:00:00Z,2026-07-23T12:30:00Z,7,216,high
2026-07-23T12:00:00Z,2026-07-23T12:30:00Z,8,29,low
2026-07-23T12:00:00Z,2026-07-23T12:30:00Z,9,131,moderate
2026-07-23T12:00:00Z,2026-07-23T12:30:00Z,10,191,high
2026-07-23T12:00:00Z,2026-07-23T12:30:00Z,11,108,moderate
2026-07-23T12:00:00Z,2026-07-23T12:30:00Z,12,66,low
2026-07-23T12:00:00Z,2026-07-23T12:30:00Z,13,121,moderate
2026-07-23T12:00:00Z,2026-07-23T12:30:00Z,14,124,moderate
2026-07-23T12:00:00Z,2026-07-23T12:30:00Z,15,97,moderate
2026-07-23T12:00:00Z,2026-07-23T12:30:00Z,16,1,very low
2026-07-23T12:00:00Z,2026-07-23T12:30:00Z,17,121,moderate
2026-07-23T12:00:00Z,2026-07-23T12:30:00Z,18,94,moderate
2026-07-23T12:30:00Z,2026-07-23T13:00:00Z,1,0,very low
2026-07-23T12:30:00Z,2026-07-23T13:00:00Z,2,2,very low
2026-07-23T12:30:00Z,2026-07-23T13:00:00Z,3,35,low
2026-07-23T12:30:00Z,2026-07-23T13:00:00Z,4,18,very low
2026-07-23T12:30:00Z,2026-07-23T13:00:00Z,5,80,low
2026-07-23T12:30:00Z,2026-07-23T13:00:00Z,6,21,very low
2026-07-23T12:30:00Z,2026-07-23T13:00:00Z,7,232,very high
2026-07-23T12:30:00Z,2026-07-23T13:00:00Z,8,34,low
2026-07-23T12:30:00Z,2026-07-23T13:00:00Z,9,124,moderate
2026-07-23T12:30:00Z,2026-07-23T13:00:00Z,10,187,high
2026-07-23T12:30:00Z,2026-07-23T13:00:00Z,11,104,moderate
2026-07-23T12:30:00Z,2026-07-23T13:00:00Z,12,68,low
2026-07-23T12:30:00Z,2026-07-23T13:00:00Z,13,127,moderate
2026-07-23T12:30:00Z,2026-07-23T13:00:00Z,14,131,moderate
2026-07-23T12:30:00Z,2026-07-23T13:00:00Z,15,98,moderate
2026-07-23T12:30:00Z,2026-07-23T13:00:00Z,16,0,very low
2026-07-23T12:30:00Z,2026-07-23T13:00:00Z,17,119,moderate
2026-07-23T12:30:00Z,2026-07-23T13:00:00Z,18,94,moderate
2026-07-23T13:00:00Z,2026-07-23T13:30:00Z,1,0,very low
2026-07-23T13:00:00Z,2026-07-23T13:30:00Z,2,1,very low
2026-07-23T13:00:00Z,2026-07-23T13:30:00Z,3,30,low
2026-07-23T13:00:00Z,2026-07-23T13:30:00Z,4,18,very low
2026-07-23T13:00:00Z,2026-07-23T13:30:00Z,5,77,low
2026-07-23T13:00:00Z,2026-07-23T13:30:00Z,6,18,very low
2026-07-23T13:00:00Z,2026-07-23T13:30:00Z,7,257,very high
2026-07-23T13:00:00Z,2026-07-23T13:30:00Z,8,45,low
2026-07-23T13:00:00Z,2026-07-23T13:30:00Z,9,111,moderate
2026-07-23T13:00:00Z,2026-07-23T13:30:00Z,10,181,high
2026-07-23T13:00:00Z,2026-07-23T13:30:00Z,11,110,moderate
2026-07-23T13:00:00Z,2026-07-23T13:30:00Z,12,66,low
2026-07-23T13:00:00Z,2026-07-23T13:30:00Z,13,119,moderate
2026-07-23T13:00:00Z,2026-07-23T13:30:00Z,14,122,moderate
2026-07-23T13:00:00Z,2026-07-23T13:30:00Z,15,95,moderate
2026-07-23T13:00:00Z,2026-07-23T13:30:00Z,16,0,very low
2026-07-23T13:00:00Z,2026-07-23T13:30:00Z,17,132,moderate
2026-07-23T13:00:00Z,2026-07-23T13:30:00Z,18,92,moderate
2026-07-23T13:30:00Z,2026-07-23T14:00:00Z,1,0,very low
2026-07-23T13:30:00Z,2026-07-23T14:00:00Z,2,1,very low
2026-07-23T13:30:00Z,2026-07-23T14:00:00Z,3,33,low
2026-07-23T13:30:00Z,2026-07-23T14:00:00Z,4,18,very low
2026-07-23T13:30:00Z,2026-07-23T14:00:00Z,5,76,low
2026-07-23T13:30:00Z,2026-07-23T14:00:00Z,6,19,very low
2026-07-23T13:30:00Z,2026-07-23T14:00:00Z,7,246,very high
2026-07-23T13:30:00Z,2026-07-23T14:00:00Z,8,39,low
2026-07-23T13:30:00Z,2026-07-23T14:00:00Z,9,103,moderate
2026-07-23T13:30:00Z,2026-07-23T14:00:00Z,10,179,high
2026-07-23T13:30:00Z,2026-07-23T14:00:00Z,11,104,moderate
2026-07-23T13:30:00Z,2026-07-23T14:00:00Z,12,65,low
2026-07-23T13:30:00Z,2026-07-23T14:00:00Z,13,118,moderate
2026-07-23T13:30:00Z,2026-07-23T14:00:00Z,14,122,moderate
2026-07-23T13:30:00Z,2026-07-23T14:00:00Z,15,92,moderate
2026-07-23T13:30:00Z,2026-07-23T14:00:00Z,16,0,very low
2026-07-23T13:30:00Z,2026-07-23T14:00:00Z,17,126,moderate
2026-07-23T13:30:00Z,2026-07-23T14:00:00Z,18,89,low
2026-07-23T14:00:00Z,2026-07-23T14:30:00Z,1,0,very low
2026-07-23T14:00:00Z,2026-07-23T14:30:00Z,2,1,very low
2026-07-23T14:00:00Z,2026-07-23T14:30:00Z,3,35,low
2026-07-23T14:00:00Z,2026-07-23T14:30:00Z,4,18,very low
2026-07-23T14:00:00Z,2026-07-23T14:30:00Z,5,72,low
2026-07-23T14:00:00Z,2026-07-23T14:30:00Z,6,21,very low
2026-07-23T14:00:00Z,2026-07-23T14:30:00Z,7,251,very high
2026-07-23T14:00:00Z,2026-07-23T14:30:00Z,8,43,low
2026-07-23T14:00:00Z,2026-07-23T14:30:00Z,9,107,moderate
2026-07-23T14:00:00Z,2026-07-23T14:30:00Z,10,187,high
2026-07-23T14:00:00Z,2026-07-23T14:30:00Z,11,111,moderate
2026-07-23T14:00:00Z,2026-07-23T14:30:00Z,12,66,low
2026-07-23T14:00:00Z,2026-07-23T14:30:00Z,13,119,moderate
2026-07-23T14:00:00Z,2026-07-23T14:30:00Z,14,120,moderate
2026-07-23T14:00:00Z,2026-07-23T14:30:00Z,15,95,moderate
2026-07-23T14:00:00Z,2026-07-23T14:30:00Z,16,0,very low
2026-07-23T14:00:00Z,2026-07-23T14:30:00Z,17,125,moderate
2026-07-23T14:00:00Z,2026-07-23T14:30:00Z,18,92,moderate
2026-07-23T14:30:00Z,2026-07-23T15:00:00Z,1,0,very low
2026-07-23T14:30:00Z,2026-07-23T15:00:00Z,2,1,very low
2026-07-23T14:30:00Z,2026-07-23T15:00:00Z,3,33,low
2026-07-23T14:30:00Z,2026-07-23T15:00:00Z,4,18,very low
2026-07-23T14:30:00Z,2026-07-23T15:00:00Z,5,73,low
2026-07-23T14:30:00Z,2026-07-23T15:00:00Z,6,21,very low
2026-07-23T14:30:00Z,2026-07-23T15:00:00Z,7,264,very high
2026-07-23T14:30:00Z,2026-07-23T15:00:00Z,8,49,low
2026-07-23T14:30:00Z,2026-07-23T15:00:00Z,9,104,moderate
2026-07-23T14:30:00Z,2026-07-23T15:00:00Z,10,195,high
2026-07-23T14:30:00Z,2026-07-23T15:00:00Z,11,124,moderate
2026-07-23T14:30:00Z,2026-07-23T15:00:00Z,12,69,low
2026-07-23T14:30:00Z,2026-07-23T15:00:00Z,13,129,moderate
2026-07-23T14:30:00Z,2026-07-23T15:00:00Z,14,131,moderate
2026-07-23T14:30:00Z,2026-07-23T15:00:00Z,15,99,moderate
2026-07-23T14:30:00Z,2026-07-23T15:00:00Z,16,1,very low
2026-07-23T14:30:00Z,2026-07-23T15:00:00Z,17,146,moderate
2026-07-23T14:30:00Z,2026-07-23T15:00:00Z,18,96,moderate
2026-07-23T15:00:00Z,2026-07-23T15:30:00Z,1,0,very low
2026-07-23T15:00:00Z,2026-07-23T15:30:00Z,2,1,very low
2026-07-23T15:00:00Z,2026-07-23T15:30:00Z,3,38,low
2026-07-23T15:00:00Z,2026-07-23T15:30:00Z,4,18,very low
2026-07-23T15:00:00Z,2026-07-23T15:30:00Z,5,76,low
2026-07-23T15:00:00Z,2026-07-23T15:30:00Z,6,25,low
2026-07-23T15:00:00Z,2026-07-23T15:30:00Z,7,262,very high
2026-07-23T15:00:00Z,2026-07-23T15:30:00Z,8,44,low
2026-07-23T15:00:00Z,2026-07-23T15:30:00Z,9,118,moderate
2026-07-23T15:00:00Z,2026-07-23T15:30:00Z,10,204,high
2026-07-23T15:00:00Z,2026-07-23T15:30:00Z,11,163,moderate
2026-07-23T15:00:00Z,2026-07-23T15:30:00Z,12,79,low
2026-07-23T15:00:00Z,2026-07-23T15:30:00Z,13,141,moderate
2026-07-23T15:00:00Z,2026-07-23T15:30:00Z,14,146,moderate
2026-07-23T15:00:00Z,2026-07-23T15:30:00Z,15,107,moderate
2026-07-23T15:00:00Z,2026-07-23T15:30:00Z,16,1,very low
2026-07-23T15:00:00Z,2026-07-23T15:30:00Z,17,157,moderate
2026-07-23T15:00:00Z,2026-07-23T15:30:00Z,18,104,moderate
2026-07-23T15:30:00Z,2026-07-23T16:00:00Z,1,0,very low
2026-07-23T15:30:00Z,2026-07-23T16:00:00Z,2,1,very low
2026-07-23T15:30:00Z,2026-07-23T16:00:00Z,3,47,low
2026-07-23T15:30:00Z,2026-07-23T16:00:00Z,4,17,very low
2026-07-23T15:30:00Z,2026-07-23T16:00:00Z,5,75,low
2026-07-23T15:30:00Z,2026-07-23T16:00:00Z,6,33,low
2026-07-23T15:30:00Z,2026-07-23T16:00:00Z,7,294,very high
2026-07-23T15:30:00Z,2026-07-23T16:00:00Z,8,75,low
2026-07-23T15:30:00Z,2026-07-23T16:00:00Z,9,128,moderate
2026-07-23T15:30:00Z,2026-07-23T16:00:00Z,10,206,high
2026-07-23T15:30:00Z,2026-07-23T16:00:00Z,11,201,high
2026-07-23T15:30:00Z,2026-07-23T16:00:00Z,12,93,moderate
2026-07-23T15:30:00Z,2026-07-23T16:00:00Z,13,137,moderate
2026-07-23T15:30:00Z,2026-07-23T16:00:00Z,14,139,moderate
2026-07-23T15:30:00Z,2026-07-23T16:00:00Z,15,117,moderate
2026-07-23T15:30:00Z,2026-07-23T16:00:00Z,16,1,very low
2026-07-23T15:30:00Z,2026-07-23T16:00:00Z,17,198,high
2026-07-23T15:30:00Z,2026-07-23T16:00:00Z,18,115,moderate
2026-07-23T16:00:00Z,2026-07-23T16:30:00Z,1,0,very low
2026-07-23T16:00:00Z,2026-07-23T16:30:00Z,2,1,very low
2026-07-23T16:00:00Z,2026-07-23T16:30:00Z,3,50,low
2026-07-23T16:00:00Z,2026-07-23T16:30:00Z,4,18,very low
2026-07-23T16:00:00Z,2026-07-23T16:30:00Z,5,78,low
2026-07-23T16:00:00Z,2026-07-23T16:30:00Z,6,34,low
2026-07-23T16:00:00Z,2026-07-23T16:30:00Z,7,309,very high
2026-07-23T16:00:00Z,2026-07-23T16:30:00Z,8,94,moderate
2026-07-23T16:00:00Z,2026-07-23T16:30:00Z,9,148,moderate
2026-07-23T16:00:00Z,2026-07-23T16:30:00Z,10,212,high
2026-07-23T16:00:00Z,2026-07-23T16:30:00Z,11,207,high
2026-07-23T16:00:00Z,2026-07-23T16:30:00Z,12,110,moderate
2026-07-23T16:00:00Z,2026-07-23T16:30:00Z,13,161,moderate
2026-07-23T16:00:00Z,2026-07-23T16:30:00Z,14,166,moderate
2026-07-23T16:00:00Z,2026-07-23T16:30:00Z,15,129,moderate
2026-07-23T16:00:00Z,2026-07-23T16:30:00Z,16,1,very low
2026-07-23T16:00:00Z,2026-07-23T16:30:00Z,17,217,high
2026-07-23T16:00:00Z,2026-07-23T16:30:00Z,18,126,moderate
2026-07-23T16:30:00Z,2026-07-23T17:00:00Z,1,0,very low
2026-07-23T16:30:00Z,2026-07-23T17:00:00Z,2,1,very low
2026-07-23T16:30:00Z,2026-07-23T17:00:00Z,3,54,low
2026-07-23T16:30:00Z,2026-07-23T17:00:00Z,4,17,very low
2026-07-23T16:30:00Z,2026-07-23T17:00:00Z,5,74,low
2026-07-23T16:30:00Z,2026-07-23T17:00:00Z,6,33,low
2026-07-23T16:30:00Z,2026-07-23T17:00:00Z,7,329,very high
2026-07-23T16:30:00Z,2026-07-23T17:00:00Z,8,117,moderate
2026-07-23T16:30:00Z,2026-07-23T17:00:00Z,9,148,moderate
2026-07-23T16:30:00Z,2026-07-23T17:00:00Z,10,215,high
2026-07-23T16:30:00Z,2026-07-23T17:00:00Z,11,228,high
2026-07-23T16:30:00Z,2026-07-23T17:00:00Z,12,134,moderate
2026-07-23T16:30:00Z,2026-07-23T17:00:00Z,13,186,high
2026-07-23T16:30:00Z,2026-07-23T17:00:00Z,14,200,high
2026-07-23T16:30:00Z,2026-07-23T17:00:00Z,15,142,moderate
2026-07-23T16:30:00Z,2026-07-23T17:00:00Z,16,1,very low
2026-07-23T16:30:00Z,2026-07-23T17:00:00Z,17,217,high
2026-07-23T16:30:00Z,2026-07-23T17:00:00Z,18,137,moderate
2026-07-23T17:00:00Z,2026-07-23T17:30:00Z,1,0,very low
2026-07-23T17:00:00Z,2026-07-23T17:30:00Z,2,1,very low
2026-07-23T17:00:00Z,2026-07-23T17:30:00Z,3,53,low
2026-07-23T17:00:00Z,2026-07-23T17:30:00Z,4,17,very low
2026-07-23T17:00:00Z,2026-07-23T17:30:00Z,5,80,low
2026-07-23T17:00:00Z,2026-07-23T17:30:00Z,6,38,low
2026-07-23T17:00:00Z,2026-07-23T17:30:00Z,7,334,very high
2026-07-23T17:00:00Z,2026-07-23T17:30:00Z,8,109,moderate
2026-07-23T17:00:00Z,2026-07-23T17:30:00Z,9,182,high
2026-07-23T17:00:00Z,2026-07-23T17:30:00Z,10,233,very high
2026-07-23T17:00:00Z,2026-07-23T17:30:00Z,11,231,very high
2026-07-23T17:00:00Z,2026-07-23T17:30:00Z,12,130,moderate
2026-07-23T17:00:00Z,2026-07-23T17:30:00Z,13,187,high
2026-07-23T17:00:00Z,2026-07-23T17:30:00Z,14,195,high
2026-07-23T17:00:00Z,2026-07-23T17:30:00Z,15,148,moderate
2026-07-23T17:00:00Z,2026-07-23T17:30:00Z,16,1,very low
2026-07-23T17:00:00Z,2026-07-23T17:30:00Z,17,219,high
2026-07-23T17:00:00Z,2026-07-23T17:30:00Z,18,143,moderate
2026-07-23T17:30:00Z,2026-07-23T18:00:00Z,1,0,very low
2026-07-23T17:30:00Z,2026-07-23T18:00:00Z,2,1,very low
2026-07-23T17:30:00Z,2026-07-23T18:00:00Z,3,56,low
2026-07-23T17:30:00Z,2026-07-23T18:00:00Z,4,17,very low
2026-07-23T17:30:00Z,2026-07-23T18:00:00Z,5,80,low
2026-07-23T17:30:00Z,2026-07-23T18:00:00Z,6,40,low
2026-07-23T17:30:00Z,2026-07-23T18:00:00Z,7,343,very high
2026-07-23T17:30:00Z,2026-07-23T18:00:00Z,8,113,moderate
2026-07-23T17:30:00Z,2026-07-23T18:00:00Z,9,191,high
2026-07-23T17:30:00Z,2026-07-23T18:00:00Z,10,229,high
2026-07-23T17:30:00Z,2026-07-23T18:00:00Z,11,230,very high
2026-07-23T17:30:00Z,2026-07-23T18:00:00Z,12,139,moderate
2026-07-23T17:30:00Z,2026-07-23T18:00:00Z,13,179,high
2026-07-23T17:30:00Z,2026-07-23T18:00:00Z,14,175,high
2026-07-23T17:30:00Z,2026-07-23T18:00:00Z,15,148,moderate
2026-07-23T17:30:00Z,2026-07-23T18:00:00Z,16,1,very low
2026-07-23T17:30:00Z,2026-07-23T18:00:00Z,17,243,very high
2026-07-23T17:30:00Z,2026-07-23T18:00:00Z,18,144,moderate
2026-07-23T18:00:00Z,2026-07-23T18:30:00Z,1,0,very low
2026-07-23T18:00:00Z,2026-07-23T18:30:00Z,2,1,very low
2026-07-23T18:00:00Z,2026-07-23T18:30:00Z,3,52,low
2026-07-23T18:00:00Z,2026-07-23T18:30:00Z,4,18,very low
2026-07-23T18:00:00Z,2026-07-23T18:30:00Z,5,83,low
2026-07-23T18:00:00Z,2026-07-23T18:30:00Z,6,44,low
2026-07-23T18:00:00Z,2026-07-23T18:30:00Z,7,351,very high
2026-07-23T18:00:00Z,2026-07-23T18:30:00Z,8,115,moderate
2026-07-23T18:00:00Z,2026-07-23T18:30:00Z,9,206,high
2026-07-23T18:00:00Z,2026-07-23T18:30:00Z,10,238,very high
2026-07-23T18:00:00Z,2026-07-23T18:30:00Z,11,242,very high
2026-07-23T18:00:00Z,2026-07-23T18:30:00Z,12,148,moderate
2026-07-23T18:00:00Z,2026-07-23T18:30:00Z,13,185,high
2026-07-23T18:00:00Z,2026-07-23T18:30:00Z,14,175,high
2026-07-23T18:00:00Z,2026-07-23T18:30:00Z,15,154,moderate
2026-07-23T18:00:00Z,2026-07-23T18:30:00Z,16,1,very low
2026-07-23T18:00:00Z,2026-07-23T18:30:00Z,17,237,very high
2026-07-23T18:00:00Z,2026-07-23T18:30:00Z,18,149,moderate
2026-07-23T18:30:00Z,2026-07-23T19:00:00Z,1,0,very low
2026-07-23T18:30:00Z,2026-07-23T19:00:00Z,2,2,very low
2026-07-23T18:30:00Z,2026-07-23T19:00:00Z,3,52,low
2026-07-23T18:30:00Z,2026-07-23T19:00:00Z,4,18,very low
2026-07-23T18:30:00Z,2026-07-23T19:00:00Z,5,89,low
2026-07-23T18:30:00Z,2026-07-23T19:00:00Z,6,40,low
2026-07-23T18:30:00Z,2026-07-23T19:00:00Z,7,359,very high
2026-07-23T18:30:00Z,2026-07-23T19:00:00Z,8,120,moderate
2026-07-23T18:30:00Z,2026-07-23T19:00:00Z,9,215,high
2026-07-23T18:30:00Z,2026-07-23T19:00:00Z,10,237,very high
2026-07-23T18:30:00Z,2026-07-23T19:00:00Z,11,280,very high
2026-07-23T18:30:00Z,2026-07-23T19:00:00Z,12,169,moderate
2026-07-23T18:30:00Z,2026-07-23T19:00:00Z,13,189,high
2026-07-23T18:30:00Z,2026-07-23T19:00:00Z,14,177,high
2026-07-23T18:30:00Z,2026-07-23T19:00:00Z,15,160,moderate
2026-07-23T18:30:00Z,2026-07-23T19:00:00Z,16,1,very low
2026-07-23T18:30:00Z,2026-07-23T19:00:00Z,17,236,very high
2026-07-23T18:30:00Z,2026-07-23T19:00:00Z,18,154,moderate
2026-07-23T19:00:00Z,2026-07-23T19:30:00Z,1,0,very low
2026-07-23T19:00:00Z,2026-07-23T19:30:00Z,2,2,very low
2026-07-23T19:00:00Z,2026-07-23T19:30:00Z,3,53,low
2026-07-23T19:00:00Z,2026-07-23T19:30:00Z,4,18,very low
2026-07-23T19:00:00Z,2026-07-23T19:30:00Z,5,95,moderate
2026-07-23T19:00:00Z,2026-07-23T19:30:00Z,6,38,low
2026-07-23T19:00:00Z,2026-07-23T19:30:00Z,7,365,very high
2026-07-23T19:00:00Z,2026-07-23T19:30:00Z,8,117,moderate
2026-07-23T19:00:00Z,2026-07-23T19:30:00Z,9,220,high
2026-07-23T19:00:00Z,2026-07-23T19:30:00Z,10,256,very high
2026-07-23T19:00:00Z,2026-07-23T19:30:00Z,11,312,very high
2026-07-23T19:00:00Z,2026-07-23T19:30:00Z,12,175,high
2026-07-23T19:00:00Z,2026-07-23T19:30:00Z,13,199,high
2026-07-23T19:00:00Z,2026-07-23T19:30:00Z,14,180,high
2026-07-23T19:00:00Z,2026-07-23T19:30:00Z,15,166,moderate
2026-07-23T19:00:00Z,2026-07-23T19:30:00Z,16,1,very low
2026-07-23T19:00:00Z,2026-07-23T19:30:00Z,17,237,very high
2026-07-23T19:00:00Z,2026-07-23T19:30:00Z,18,159,moderate
2026-07-23T19:30:00Z,2026-07-23T20:00:00Z,1,0,very low
2026-07-23T19:30:00Z,2026-07-23T20:00:00Z,2,2,very low
2026-07-23T19:30:00Z,2026-07-23T20:00:00Z,3,50,low
2026-07-23T19:30:00Z,2026-07-23T20:00:00Z,4,18,very low
2026-07-23T19:30:00Z,2026-07-23T20:00:00Z,5,96,moderate
2026-07-23T19:30:00Z,2026-07-23T20:00:00Z,6,64,low
2026-07-23T19:30:00Z,2026-07-23T20:00:00Z,7,374,very high
2026-07-23T19:30:00Z,2026-07-23T20:00:00Z,8,129,moderate
2026-07-23T19:30:00Z,2026-07-23T20:00:00Z,9,219,high
2026-07-23T19:30:00Z,2026-07-23T20:00:00Z,10,265,very high
2026-07-23T19:30:00Z,2026-07-23T20:00:00Z,11,349,very high
2026-07-23T19:30:00Z,2026-07-23T20:00:00Z,12,184,high
2026-07-23T19:30:00Z,2026-07-23T20:00:00Z,13,202,high
2026-07-23T19:30:00Z,2026-07-23T20:00:00Z,14,181,high
2026-07-23T19:30:00Z,2026-07-23T20:00:00Z,15,172,high
2026-07-23T19:30:00Z,2026-07-23T20:00:00Z,16,1,very low
2026-07-23T19:30:00Z,2026-07-23T20:00:00Z,17,256,very high
2026-07-23T19:30:00Z,2026-07-23T20:00:00Z,18,165,moderate
2026-07-23T20:00:00Z,2026-07-23T20:30:00Z,1,0,very low
2026-07-23T20:00:00Z,2026-07-23T20:30:00Z,2,2,very low
2026-07-23T20:00:00Z,2026-07-23T20:30:00Z,3,49,low
2026-07-23T20:00:00Z,2026-07-23T20:30:00Z,4,18,very low
2026-07-23T20:00:00Z,2026-07-23T20:30:00Z,5,97,moderate
2026-07-23T20:00:00Z,2026-07-23T20:30:00Z,6,43,low
2026-07-23T20:00:00Z,2026-07-23T20:30:00Z,7,378,very high
2026-07-23T20:00:00Z,2026-07-23T20:30:00Z,8,126,moderate
2026-07-23T20:00:00Z,2026-07-23T20:30:00Z,9,220,high
2026-07-23T20:00:00Z,2026-07-23T20:30:00Z,10,274,very high
2026-07-23T20:00:00Z,2026-07-23T20:30:00Z,11,371,very high
2026-07-23T20:00:00Z,2026-07-23T20:30:00Z,12,194,high
2026-07-23T20:00:00Z,2026-07-23T20:30:00Z,13,215,high
2026-07-23T20:00:00Z,2026-07-23T20:30:00Z,14,192,high
2026-07-23T20:00:00Z,2026-07-23T20:30:00Z,15,174,high
2026-07-23T20:00:00Z,2026-07-23T20:30:00Z,16,1,very low
2026-07-23T20:00:00Z,2026-07-23T20:30:00Z,17,259,very high
2026-07-23T20:00:00Z,2026-07-23T20:30:00Z,18,168,moderate
2026-07-23T20:30:00Z,2026-07-23T21:00:00Z,1,0,very low
2026-07-23T20:30:00Z,2026-07-23T21:00:00Z,2,2,very low
2026-07-23T20:30:00Z,2026-07-23T21:00:00Z,3,49,low
2026-07-23T20:30:00Z,2026-07-23T21:00:00Z,4,19,very low
2026-07-23T20:30:00Z,2026-07-23T21:00:00Z,5,95,moderate
2026-07-23T20:30:00Z,2026-07-23T21:00:00Z,6,56,low
2026-07-23T20:30:00Z,2026-07-23T21:00:00Z,7,381,very high
2026-07-23T20:30:00Z,2026-07-23T21:00:00Z,8,135,moderate
2026-07-23T20:30:00Z,2026-07-23T21:00:00Z,9,221,high
2026-07-23T20:30:00Z,2026-07-23T21:00:00Z,10,276,very high
2026-07-23T20:30:00Z,2026-07-23T21:00:00Z,11,378,very high
2026-07-23T20:30:00Z,2026-07-23T21:00:00Z,12,197,high
2026-07-23T20:30:00Z,2026-07-23T21:00:00Z,13,212,high
2026-07-23T20:30:00Z,2026-07-23T21:00:00Z,14,185,high
2026-07-23T20:30:00Z,2026-07-23T21:00:00Z,15,176,high
2026-07-23T20:30:00Z,2026-07-23T21:00:00Z,16,1,very low
2026-07-23T20:30:00Z,2026-07-23T21:00:00Z,17,258,very high
2026-07-23T20:30:00Z,2026-07-23T21:00:00Z,18,169,moderate
2026-07-23T21:00:00Z,2026-07-23T21:30:00Z,1,0,very low
2026-07-23T21:00:00Z,2026-07-23T21:30:00Z,2,2,very low
2026-07-23T21:00:00Z,2026-07-23T21:30:00Z,3,48,low
2026-07-23T21:00:00Z,2026-07-23T21:30:00Z,4,19,very low
2026-07-23T21:00:00Z,2026-07-23T21:30:00Z,5,91,moderate
2026-07-23T21:00:00Z,2026-07-23T21:30:00Z,6,39,low
2026-07-23T21:00:00Z,2026-07-23T21:30:00Z,7,381,very high
2026-07-23T21:00:00Z,2026-07-23T21:30:00Z,8,132,moderate
2026-07-23T21:00:00Z,2026-07-23T21:30:00Z,9,220,high
2026-07-23T21:00:00Z,2026-07-23T21:30:00Z,10,274,very high
2026-07-23T21:00:00Z,2026-07-23T21:30:00Z,11,379,very high
2026-07-23T21:00:00Z,2026-07-23T21:30:00Z,12,198,high
2026-07-23T21:00:00Z,2026-07-23T21:30:00Z,13,218,high
2026-07-23T21:00:00Z,2026-07-23T21:30:00Z,14,196,high
2026-07-23T21:00:00Z,2026-07-23T21:30:00Z,15,176,high
2026-07-23T21:00:00Z,2026-07-23T21:30:00Z,16,2,very low
2026-07-23T21:00:00Z,2026-07-23T21:30:00Z,17,250,very high
2026-07-23T21:00:00Z,2026-07-23T21:30:00Z,18,168,moderate
2026-07-23T21:30:00Z,2026-07-23T22:00:00Z,1,0,very low
2026-07-23T21:30:00Z,2026-07-23T22:00:00Z,2,2,very low
2026-07-23T21:30:00Z,2026-07-23T22:00:00Z,3,46,low
2026-07-23T21:30:00Z,2026-07-23T22:00:00Z,4,19,very low
2026-07-23T21:30:00Z,2026-07-23T22:00:00Z,5,93,moderate
2026-07-23T21:30:00Z,2026-07-23T22:00:00Z,6,37,low
2026-07-23T21:30:00Z,2026-07-23T22:00:00Z,7,380,very high
2026-07-23T21:30:00Z,2026-07-23T22:00:00Z,8,127,moderate
2026-07-23T21:30:00Z,2026-07-23T22:00:00Z,9,218,high
2026-07-23T21:30:00Z,2026-07-23T22:00:00Z,10,271,very high
2026-07-23T21:30:00Z,2026-07-23T22:00:00Z,11,376,very high
2026-07-23T21:30:00Z,2026-07-23T22:00:00Z,12,192,high
2026-07-23T21:30:00Z,2026-07-23T22:00:00Z,13,207,high
2026-07-23T21:30:00Z,2026-07-23T22:00:00Z,14,181,high
2026-07-23T21:30:00Z,2026-07-23T22:00:00Z,15,168,moderate
2026-07-23T21:30:00Z,2026-07-23T22:00:00Z,16,2,very low
2026-07-23T21:30:00Z,2026-07-23T22:00:00Z,17,244,very high
2026-07-23T21:30:00Z,2026-07-23T22:00:00Z,18,161,moderate
2026-07-23T22:00:00Z,2026-07-23T22:30:00Z,1,0,very low
2026-07-23T22:00:00Z,2026-07-23T22:30:00Z,2,2,very low
2026-07-23T22:00:00Z,2026-07-23T22:30:00Z,3,47,low
2026-07-23T22:00:00Z,2026-07-23T22:30:00Z,4,20,very low
2026-07-23T22:00:00Z,2026-07-23T22:30:00Z,5,91,moderate
2026-07-23T22:00:00Z,2026-07-23T22:30:00Z,6,32,low
2026-07-23T22:00:00Z,2026-07-23T22:30:00Z,7,379,very high
2026-07-23T22:00:00Z,2026-07-23T22:30:00Z,8,132,moderate
2026-07-23T22:00:00Z,2026-07-23T22:30:00Z,9,224,high
2026-07-23T22:00:00Z,2026-07-23T22:30:00Z,10,276,very high
2026-07-23T22:00:00Z,2026-07-23T22:30:00Z,11,377,very high
2026-07-23T22:00:00Z,2026-07-23T22:30:00Z,12,198,high
2026-07-23T22:00:00Z,2026-07-23T22:30:00Z,13,213,high
2026-07-23T22:00:00Z,2026-07-23T22:30:00Z,14,191,high
2026-07-23T22:00:00Z,2026-07-23T22:30:00Z,15,172,high
2026-07-23T22:00:00Z,2026-07-23T22:30:00Z,16,2,very low
2026-07-23T22:00:00Z,2026-07-23T22:30:00Z,17,253,very high
2026-07-23T22:00:00Z,2026-07-23T22:30:00Z,18,164,moderate
2026-07-23T22:30:00Z,2026-07-23T23:00:00Z,1,0,very low
2026-07-23T22:30:00Z,2026-07-23T23:00:00Z,2,2,very low
2026-07-23T22:30:00Z,2026-07-23T23:00:00Z,3,47,low
2026-07-23T22:30:00Z,2026-07-23T23:00:00Z,4,20,very low
2026-07-23T22:30:00Z,2026-07-23T23:00:00Z,5,92,moderate
2026-07-23T22:30:00Z,2026-07-23T23:00:00Z,6,24,very low
2026-07-23T22:30:00Z,2026-07-23T23:00:00Z,7,378,very high
2026-07-23T22:30:00Z,2026-07-23T23:00:00Z,8,125,moderate
2026-07-23T22:30:00Z,2026-07-23T23:00:00Z,9,226,high
2026-07-23T22:30:00Z,2026-07-23T23:00:00Z,10,288,very high
2026-07-23T22:30:00Z,2026-07-23T23:00:00Z,11,376,very high
2026-07-23T22:30:00Z,2026-07-23T23:00:00Z,12,207,high
2026-07-23T22:30:00Z,2026-07-23T23:00:00Z,13,219,high
2026-07-23T22:30:00Z,2026-07-23T23:00:00Z,14,196,high
2026-07-23T22:30:00Z,2026-07-23T23:00:00Z,15,175,high
2026-07-23T22:30:00Z,2026-07-23T23:00:00Z,16,2,very low
2026-07-23T22:30:00Z,2026-07-23T23:00:00Z,17,244,very high
2026-07-23T22:30:00Z,2026-07-23T23:00:00Z,18,166,moderate
2026-07-23T23:00:00Z,2026-07-23T23:30:00Z,1,0,very low
2026-07-23T23:00:00Z,2026-07-23T23:30:00Z,2,2,very low
2026-07-23T23:00:00Z,2026-07-23T23:30:00Z,3,37,low
2026-07-23T23:00:00Z,2026-07-23T23:30:00Z,4,21,very low
2026-07-23T23:00:00Z,2026-07-23T23:30:00Z,5,82,low
2026-07-23T23:00:00Z,2026-07-23T23:30:00Z,6,18,very low
2026-07-23T23:00:00Z,2026-07-23T23:30:00Z,7,380,very high
2026-07-23T23:00:00Z,2026-07-23T23:30:00Z,8,124,moderate
2026-07-23T23:00:00Z,2026-07-23T23:30:00Z,9,218,high
2026-07-23T23:00:00Z,2026-07-23T23:30:00Z,10,276,very high
2026-07-23T23:00:00Z,2026-07-23T23:30:00Z,11,377,very high
2026-07-23T23:00:00Z,2026-07-23T23:30:00Z,12,207,high
2026-07-23T23:00:00Z,2026-07-23T23:30:00Z,13,217,high
2026-07-23T23:00:00Z,2026-07-23T23:30:00Z,14,204,high
2026-07-23T23:00:00Z,2026-07-23T23:30:00Z,15,171,high
2026-07-23T23:00:00Z,2026-07-23T23:30:00Z,16,2,very low
2026-07-23T23:00:00Z,2026-07-23T23:30:00Z,17,225,high
2026-07-23T23:00:00Z,2026-07-23T23:30:00Z,18,162,moderate
2026-07-23T23:30:00Z,2026-07-24T00:00:00Z,1,0,very low
2026-07-23T23:30:00Z,2026-07-24T00:00:00Z,2,2,very low
2026-07-23T23:30:00Z,2026-07-24T00:00:00Z,3,40,low
2026-07-23T23:30:00Z,2026-07-24T00:00:00Z,4,22,very low
2026-07-23T23:30:00Z,2026-07-24T00:00:00Z,5,79,low
2026-07-23T23:30:00Z,2026-07-24T00:00:00Z,6,18,very low
2026-07-23T23:30:00Z,2026-07-24T00:00:00Z,7,384,very high
2026-07-23T23:30:00Z,2026-07-24T00:00:00Z,8,126,moderate
2026-07-23T23:30:00Z,2026-07-24T00:00:00Z,9,204,high
2026-07-23T23:30:00Z,2026-07-24T00:00:00Z,10,259,very high
2026-07-23T23:30:00Z,2026-07-24T00:00:00Z,11,382,very high
2026-07-23T23:30:00Z,2026-07-24T00:00:00Z,12,201,high
2026-07-23T23:30:00Z,2026-07-24T00:00:00Z,13,200,high
2026-07-23T23:30:00Z,2026-07-24T00:00:00Z,14,189,high
2026-07-23T23:30:00Z,2026-07-24T00:00:00Z,15,166,moderate
2026-07-23T23:30:00Z,2026-07-24T00:00:00Z,16,2,very low
2026-07-23T23:30:00Z,2026-07-24T00:00:00Z,17,195,high
2026-07-23T23:30:00Z,2026-07-24T00:00:00Z,18,156,moderate
2026-07-24T00:00:00Z,2026-07-24T00:30:00Z,1,0,very low
2026-07-24T00:00:00Z,2026-07-24T00:30:00Z,2,2,very low
2026-07-24T00:00:00Z,2026-07-24T00:30:00Z,3,40,low
2026-07-24T00:00:00Z,2026-07-24T00:30:00Z,4,22,very low
2026-07-24T00:00:00Z,2026-07-24T00:30:00Z,5,72,low
2026-07-24T00:00:00Z,2026-07-24T00:30:00Z,6,21,very low
2026-07-24T00:00:00Z,2026-07-24T00:30:00Z,7,384,very high
2026-07-24T00:00:00Z,2026-07-24T00:30:00Z,8,121,moderate
2026-07-24T00:00:00Z,2026-07-24T00:30:00Z,9,196,high
2026-07-24T00:00:00Z,2026-07-24T00:30:00Z,10,249,very high
2026-07-24T00:00:00Z,2026-07-24T00:30:00Z,11,383,very high
2026-07-24T00:00:00Z,2026-07-24T00:30:00Z,12,204,high
2026-07-24T00:00:00Z,2026-07-24T00:30:00Z,13,198,high
2026-07-24T00:00:00Z,2026-07-24T00:30:00Z,14,184,high
2026-07-24T00:00:00Z,2026-07-24T00:30:00Z,15,162,moderate
2026-07-24T00:00:00Z,2026-07-24T00:30:00Z,16,2,very low
2026-07-24T00:00:00Z,2026-07-24T00:30:00Z,17,207,high
2026-07-24T00:00:00Z,2026-07-24T00:30:00Z,18,154,moderate
2026-07-24T00:30:00Z,2026-07-24T01:00:00Z,1,0,very low
2026-07-24T00:30:00Z,2026-07-24T01:00:00Z,2,2,very low
2026-07-24T00:30:00Z,2026-07-24T01:00:00Z,3,34,low
2026-07-24T00:30:00Z,2026-07-24T01:00:00Z,4,19,very low
2026-07-24T00:30:00Z,2026-07-24T01:00:00Z,5,76,low
2026-07-24T00:30:00Z,2026-07-24T01:00:00Z,6,33,low
2026-07-24T00:30:00Z,2026-07-24T01:00:00Z,7,384,very high
2026-07-24T00:30:00Z,2026-07-24T01:00:00Z,8,109,moderate
2026-07-24T00:30:00Z,2026-07-24T01:00:00Z,9,208,high
2026-07-24T00:30:00Z,2026-07-24T01:00:00Z,10,204,high
2026-07-24T00:30:00Z,2026-07-24T01:00:00Z,11,380,very high
2026-07-24T00:30:00Z,2026-07-24T01:00:00Z,12,196,high
2026-07-24T00:30:00Z,2026-07-24T01:00:00Z,13,200,high
2026-07-24T00:30:00Z,2026-07-24T01:00:00Z,14,200,high
2026-07-24T00:30:00Z,2026-07-24T01:00:00Z,15,154,moderate
2026-07-24T00:30:00Z,2026-07-24T01:00:00Z,16,1,very low
2026-07-24T00:30:00Z,2026-07-24T01:00:00Z,17,188,high
2026-07-24T00:30:00Z,2026-07-24T01:00:00Z,18,146,moderate
2026-07-24T01:00:00Z,2026-07-24T01:30:00Z,1,0,very low
2026-07-24T01:00:00Z,2026-07-24T01:30:00Z,2,2,very low
2026-07-24T01:00:00Z,2026-07-24T01:30:00Z,3,35,low
2026-07-24T01:00:00Z,2026-07-24T01:30:00Z,4,19,very low
2026-07-24T01:00:00Z,2026-07-24T01:30:00Z,5,74,low
2026-07-24T01:00:00Z,2026-07-24T01:30:00Z,6,37,low
2026-07-24T01:00:00Z,2026-07-24T01:30:00Z,7,382,very high
2026-07-24T01:00:00Z,2026-07-24T01:30:00Z,8,97,moderate
2026-07-24T01:00:00Z,2026-07-24T01:30:00Z,9,189,high
2026-07-24T01:00:00Z,2026-07-24T01:30:00Z,10,197,high
2026-07-24T01:00:00Z,2026-07-24T01:30:00Z,11,385,very high
2026-07-24T01:00:00Z,2026-07-24T01:30:00Z,12,225,high
2026-07-24T01:00:00Z,2026-07-24T01:30:00Z,13,210,high
2026-07-24T01:00:00Z,2026-07-24T01:30:00Z,14,208,high
2026-07-24T01:00:00Z,2026-07-24T01:30:00Z,15,155,moderate
2026-07-24T01:00:00Z,2026-07-24T01:30:00Z,16,1,very low
2026-07-24T01:00:00Z,2026-07-24T01:30:00Z,17,173,high
2026-07-24T01:00:00Z,2026-07-24T01:30:00Z,18,147,moderate
2026-07-24T01:30:00Z,2026-07-24T02:00:00Z,1,0,very low
2026-07-24T01:30:00Z,2026-07-24T02:00:00Z,2,2,very low
2026-07-24T01:30:00Z,2026-07-24T02:00:00Z,3,26,low
2026-07-24T01:30:00Z,2026-07-24T02:00:00Z,4,19,very low
2026-07-24T01:30:00Z,2026-07-24T02:00:00Z,5,75,low
2026-07-24T01:30:00Z,2026-07-24T02:00:00Z,6,34,low
2026-07-24T01:30:00Z,2026-07-24T02:00:00Z,7,380,very high
2026-07-24T01:30:00Z,2026-07-24T02:00:00Z,8,86,low
2026-07-24T01:30:00Z,2026-07-24T02:00:00Z,9,186,high
2026-07-24T01:30:00Z,2026-07-24T02:00:00Z,10,200,high
2026-07-24T01:30:00Z,2026-07-24T02:00:00Z,11,386,very high
2026-07-24T01:30:00Z,2026-07-24T02:00:00Z,12,237,very high
2026-07-24T01:30:00Z,2026-07-24T02:00:00Z,13,220,high
2026-07-24T01:30:00Z,2026-07-24T02:00:00Z,14,218,high
2026-07-24T01:30:00Z,2026-07-24T02:00:00Z,15,157,moderate
2026-07-24T01:30:00Z,2026-07-24T02:00:00Z,16,1,very low
2026-07-24T01:30:00Z,2026-07-24T02:00:00Z,17,154,moderate
2026-07-24T01:30:00Z,2026-07-24T02:00:00Z,18,147,moderate
2026-07-24T02:00:00Z,2026-07-24T02:30:00Z,1,0,very low
2026-07-24T02:00:00Z,2026-07-24T02:30:00Z,2,2,very low
2026-07-24T02:00:00Z,2026-07-24T02:30:00Z,3,31,low
2026-07-24T02:00:00Z,2026-07-24T02:30:00Z,4,20,very low
2026-07-24T02:00:00Z,2026-07-24T02:30:00Z,5,75,low
2026-07-24T02:00:00Z,2026-07-24T02:30:00Z,6,14,very low
2026-07-24T02:00:00Z,2026-07-24T02:30:00Z,7,382,very high
2026-07-24T02:00:00Z,2026-07-24T02:30:00Z,8,93,moderate
2026-07-24T02:00:00Z,2026-07-24T02:30:00Z,9,180,high
2026-07-24T02:00:00Z,2026-07-24T02:30:00Z,10,189,high
2026-07-24T02:00:00Z,2026-07-24T02:30:00Z,11,388,very high
2026-07-24T02:00:00Z,2026-07-24T02:30:00Z,12,257,very high
2026-07-24T02:00:00Z,2026-07-24T02:30:00Z,13,210,high
2026-07-24T02:00:00Z,2026-07-24T02:30:00Z,14,186,high
2026-07-24T02:00:00Z,2026-07-24T02:30:00Z,15,158,moderate
2026-07-24T02:00:00Z,2026-07-24T02:30:00Z,16,1,very low
2026-07-24T02:00:00Z,2026-07-24T02:30:00Z,17,155,moderate
2026-07-24T02:00:00Z,2026-07-24T02:30:00Z,18,148,moderate
2026-07-24T02:30:00Z,2026-07-24T03:00:00Z,1,0,very low
2026-07-24T02:30:00Z,2026-07-24T03:00:00Z,2,2,very low
2026-07-24T02:30:00Z,2026-07-24T03:00:00Z,3,38,low
2026-07-24T02:30:00Z,2026-07-24T03:00:00Z,4,20,very low
2026-07-24T02:30:00Z,2026-07-24T03:00:00Z,5,77,low
2026-07-24T02:30:00Z,2026-07-24T03:00:00Z,6,18,very low
2026-07-24T02:30:00Z,2026-07-24T03:00:00Z,7,377,very high
2026-07-24T02:30:00Z,2026-07-24T03:00:00Z,8,83,low
2026-07-24T02:30:00Z,2026-07-24T03:00:00Z,9,179,high
2026-07-24T02:30:00Z,2026-07-24T03:00:00Z,10,193,high
2026-07-24T02:30:00Z,2026-07-24T03:00:00Z,11,389,very high
2026-07-24T02:30:00Z,2026-07-24T03:00:00Z,12,266,very high
2026-07-24T02:30:00Z,2026-07-24T03:00:00Z,13,224,high
2026-07-24T02:30:00Z,2026-07-24T03:00:00Z,14,209,high
2026-07-24T02:30:00Z,2026-07-24T03:00:00Z,15,165,moderate
2026-07-24T02:30:00Z,2026-07-24T03:00:00Z,16,2,very low
2026-07-24T02:30:00Z,2026-07-24T03:00:00Z,17,143,moderate
2026-07-24T02:30:00Z,2026-07-24T03:00:00Z,18,153,moderate
2026-07-24T03:00:00Z,2026-07-24T03:30:00Z,1,0,very low
2026-07-24T03:00:00Z,2026-07-24T03:30:00Z,2,2,very low
2026-07-24T03:00:00Z,2026-07-24T03:30:00Z,3,46,low
2026-07-24T03:00:00Z,2026-07-24T03:30:00Z,4,20,very low
2026-07-24T03:00:00Z,2026-07-24T03:30:00Z,5,80,low
2026-07-24T03:00:00Z,2026-07-24T03:30:00Z,6,22,very low
2026-07-24T03:00:00Z,2026-07-24T03:30:00Z,7,379,very high
2026-07-24T03:00:00Z,2026-07-24T03:30:00Z,8,79,low
2026-07-24T03:00:00Z,2026-07-24T03:30:00Z,9,177,high
2026-07-24T03:00:00Z,2026-07-24T03:30:00Z,10,194,high
2026-07-24T03:00:00Z,2026-07-24T03:30:00Z,11,390,very high
2026-07-24T03:00:00Z,2026-07-24T03:30:00Z,12,268,very high
2026-07-24T03:00:00Z,2026-07-24T03:30:00Z,13,227,high
2026-07-24T03:00:00Z,2026-07-24T03:30:00Z,14,213,high
2026-07-24T03:00:00Z,2026-07-24T03:30:00Z,15,169,moderate
2026-07-24T03:00:00Z,2026-07-24T03:30:00Z,16,2,very low
2026-07-24T03:00:00Z,2026-07-24T03:30:00Z,17,167,moderate
2026-07-24T03:00:00Z,2026-07-24T03:30:00Z,18,157,moderate
2026-07-24T03:30:00Z,2026-07-24T04:00:00Z,1,0,very low
2026-07-24T03:30:00Z,2026-07-24T04:00:00Z,2,2,very low
2026-07-24T03:30:00Z,2026-07-24T04:00:00Z,3,47,low
2026-07-24T03:30:00Z,2026-07-24T04:00:00Z,4,20,very low
2026-07-24T03:30:00Z,2026-07-24T04:00:00Z,5,80,low
2026-07-24T03:30:00Z,2026-07-24T04:00:00Z,6,23,very low
2026-07-24T03:30:00Z,2026-07-24T04:00:00Z,7,347,very high
2026-07-24T03:30:00Z,2026-07-24T04:00:00Z,8,46,low
2026-07-24T03:30:00Z,2026-07-24T04:00:00Z,9,190,high
2026-07-24T03:30:00Z,2026-07-24T04:00:00Z,10,201,high
2026-07-24T03:30:00Z,2026-07-24T04:00:00Z,11,391,very high
2026-07-24T03:30:00Z,2026-07-24T04:00:00Z,12,267,very high
2026-07-24T03:30:00Z,2026-07-24T04:00:00Z,13,254,very high
2026-07-24T03:30:00Z,2026-07-24T04:00:00Z,14,262,very high
2026-07-24T03:30:00Z,2026-07-24T04:00:00Z,15,174,high
2026-07-24T03:30:00Z,2026-07-24T04:00:00Z,16,2,very low
2026-07-24T03:30:00Z,2026-07-24T04:00:00Z,17,167,moderate
2026-07-24T03:30:00Z,2026-07-24T04:00:00Z,18,162,moderate
2026-07-24T04:00:00Z,2026-07-24T04:30:00Z,1,0,very low
2026-07-24T04:00:00Z,2026-07-24T04:30:00Z,2,2,very low
2026-07-24T04:00:00Z,2026-07-24T04:30:00Z,3,40,low
2026-07-24T04:00:00Z,2026-07-24T04:30:00Z,4,19,very low
2026-07-24T04:00:00Z,2026-07-24T04:30:00Z,5,84,low
2026-07-24T04:00:00Z,2026-07-24T04:30:00Z,6,20,very low
2026-07-24T04:00:00Z,2026-07-24T04:30:00Z,7,375,very high
2026-07-24T04:00:00Z,2026-07-24T04:30:00Z,8,46,low
2026-07-24T04:00:00Z,2026-07-24T04:30:00Z,9,181,high
2026-07-24T04:00:00Z,2026-07-24T04:30:00Z,10,197,high
2026-07-24T04:00:00Z,2026-07-24T04:30:00Z,11,390,very high
2026-07-24T04:00:00Z,2026-07-24T04:30:00Z,12,265,very high
2026-07-24T04:00:00Z,2026-07-24T04:30:00Z,13,254,very high
2026-07-24T04:00:00Z,2026-07-24T04:30:00Z,14,266,very high
2026-07-24T04:00:00Z,2026-07-24T04:30:00Z,15,174,high
2026-07-24T04:00:00Z,2026-07-24T04:30:00Z,16,2,very low
2026-07-24T04:00:00Z,2026-07-24T04:30:00Z,17,168,moderate
2026-07-24T04:00:00Z,2026-07-24T04:30:00Z,18,162,moderate
2026-07-24T04:30:00Z,2026-07-24T05:00:00Z,1,0,very low
2026-07-24T04:30:00Z,2026-07-24T05:00:00Z,2,2,very low
2026-07-24T04:30:00Z,2026-07-24T05:00:00Z,3,41,low
2026-07-24T04:30:00Z,2026-07-24T05:00:00Z,4,20,very low
2026-07-24T04:30:00Z,2026-07-24T05:00:00Z,5,86,low
2026-07-24T04:30:00Z,2026-07-24T05:00:00Z,6,20,very low
2026-07-24T04:30:00Z,2026-07-24T05:00:00Z,7,369,very high
2026-07-24T04:30:00Z,2026-07-24T05:00:00Z,8,47,low
2026-07-24T04:30:00Z,2026-07-24T05:00:00Z,9,201,high
2026-07-24T04:30:00Z,2026-07-24T05:00:00Z,10,198,high
2026-07-24T04:30:00Z,2026-07-24T05:00:00Z,11,386,very high
2026-07-24T04:30:00Z,2026-07-24T05:00:00Z,12,268,very high
2026-07-24T04:30:00Z,2026-07-24T05:00:00Z,13,220,high
2026-07-24T04:30:00Z,2026-07-24T05:00:00Z,14,202,high
2026-07-24T04:30:00Z,2026-07-24T05:00:00Z,15,168,moderate
2026-07-24T04:30:00Z,2026-07-24T05:00:00Z,16,2,very low
2026-07-24T04:30:00Z,2026-07-24T05:00:00Z,17,169,moderate
2026-07-24T04:30:00Z,2026-07-24T05:00:00Z,18,157,moderate
2026-07-24T05:00:00Z,2026-07-24T05:30:00Z,1,0,very low
2026-07-24T05:00:00Z,2026-07-24T05:30:00Z,2,2,very low
2026-07-24T05:00:00Z,2026-07-24T05:30:00Z,3,32,low
2026-07-24T05:00:00Z,2026-07-24T05:30:00Z,4,21,very low
2026-07-24T05:00:00Z,2026-07-24T05:30:00Z,5,86,low
2026-07-24T05:00:00Z,2026-07-24T05:30:00Z,6,15,very low
2026-07-24T05:00:00Z,2026-07-24T05:30:00Z,7,364,very high
2026-07-24T05:00:00Z,2026-07-24T05:30:00Z,8,40,low
2026-07-24T05:00:00Z,2026-07-24T05:30:00Z,9,203,high
2026-07-24T05:00:00Z,2026-07-24T05:30:00Z,10,205,high
2026-07-24T05:00:00Z,2026-07-24T05:30:00Z,11,380,very high
2026-07-24T05:00:00Z,2026-07-24T05:30:00Z,12,255,very high
2026-07-24T05:00:00Z,2026-07-24T05:30:00Z,13,216,high
2026-07-24T05:00:00Z,2026-07-24T05:30:00Z,14,201,high
2026-07-24T05:00:00Z,2026-07-24T05:30:00Z,15,164,moderate
2026-07-24T05:00:00Z,2026-07-24T05:30:00Z,16,1,very low
2026-07-24T05:00:00Z,2026-07-24T05:30:00Z,17,161,moderate
2026-07-24T05:00:00Z,2026-07-24T05:30:00Z,18,153,moderate
2026-07-24T05:30:00Z,2026-07-24T06:00:00Z,1,0,very low
2026-07-24T05:30:00Z,2026-07-24T06:00:00Z,2,2,very low
2026-07-24T05:30:00Z,2026-07-24T06:00:00Z,3,41,low
2026-07-24T05:30:00Z,2026-07-24T06:00:00Z,4,18,very low
2026-07-24T05:30:00Z,2026-07-24T06:00:00Z,5,86,low
2026-07-24T05:30:00Z,2026-07-24T06:00:00Z,6,20,very low
2026-07-24T05:30:00Z,2026-07-24T06:00:00Z,7,286,very high
2026-07-24T05:30:00Z,2026-07-24T06:00:00Z,8,57,low
2026-07-24T05:30:00Z,2026-07-24T06:00:00Z,9,195,high
2026-07-24T05:30:00Z,2026-07-24T06:00:00Z,10,235,very high
2026-07-24T05:30:00Z,2026-07-24T06:00:00Z,11,351,very high
2026-07-24T05:30:00Z,2026-07-24T06:00:00Z,12,237,very high
2026-07-24T05:30:00Z,2026-07-24T06:00:00Z,13,176,high
2026-07-24T05:30:00Z,2026-07-24T06:00:00Z,14,164,moderate
2026-07-24T05:30:00Z,2026-07-24T06:00:00Z,15,156,moderate
2026-07-24T05:30:00Z,2026-07-24T06:00:00Z,16,1,very low
2026-07-24T05:30:00Z,2026-07-24T06:00:00Z,17,148,moderate
2026-07-24T05:30:00Z,2026-07-24T06:00:00Z,18,145,moderate
2026-07-24T06:00:00Z,2026-07-24T06:30:00Z,1,0,very low
2026-07-24T06:00:00Z,2026-07-24T06:30:00Z,2,2,very low
2026-07-24T06:00:00Z,2026-07-24T06:30:00Z,3,39,low
2026-07-24T06:00:00Z,2026-07-24T06:30:00Z,4,16,very low
2026-07-24T06:00:00Z,2026-07-24T06:30:00Z,5,73,low
2026-07-24T06:00:00Z,2026-07-24T06:30:00Z,6,18,very low
2026-07-24T06:00:00Z,2026-07-24T06:30:00Z,7,318,very high
2026-07-24T06:00:00Z,2026-07-24T06:30:00Z,8,44,low
2026-07-24T06:00:00Z,2026-07-24T06:30:00Z,9,162,moderate
2026-07-24T06:00:00Z,2026-07-24T06:30:00Z,10,222,high
2026-07-24T06:00:00Z,2026-07-24T06:30:00Z,11,301,very high
2026-07-24T06:00:00Z,2026-07-24T06:30:00Z,12,194,high
2026-07-24T06:00:00Z,2026-07-24T06:30:00Z,13,166,moderate
2026-07-24T06:00:00Z,2026-07-24T06:30:00Z,14,153,moderate
2026-07-24T06:00:00Z,2026-07-24T06:30:00Z,15,140,moderate
2026-07-24T06:00:00Z,2026-07-24T06:30:00Z,16,1,very low
2026-07-24T06:00:00Z,2026-07-24T06:30:00Z,17,143,moderate
2026-07-24T06:00:00Z,2026-07-24T06:30:00Z,18,130,moderate
2026-07-24T06:30:00Z,2026-07-24T07:00:00Z,1,0,very low
2026-07-24T06:30:00Z,2026-07-24T07:00:00Z,2,2,very low
2026-07-24T06:30:00Z,2026-07-24T07:00:00Z,3,29,low
2026-07-24T06:30:00Z,2026-07-24T07:00:00Z,4,17,very low
2026-07-24T06:30:00Z,2026-07-24T07:00:00Z,5,63,low
2026-07-24T06:30:00Z,2026-07-24T07:00:00Z,6,22,very low
2026-07-24T06:30:00Z,2026-07-24T07:00:00Z,7,286,very high
2026-07-24T06:30:00Z,2026-07-24T07:00:00Z,8,33,low
2026-07-24T06:30:00Z,2026-07-24T07:00:00Z,9,142,moderate
2026-07-24T06:30:00Z,2026-07-24T07:00:00Z,10,204,high
2026-07-24T06:30:00Z,2026-07-24T07:00:00Z,11,237,very high
2026-07-24T06:30:00Z,2026-07-24T07:00:00Z,12,142,moderate
2026-07-24T06:30:00Z,2026-07-24T07:00:00Z,13,130,moderate
2026-07-24T06:30:00Z,2026-07-24T07:00:00Z,14,128,moderate
2026-07-24T06:30:00Z,2026-07-24T07:00:00Z,15,118,moderate
2026-07-24T06:30:00Z,2026-07-24T07:00:00Z,16,1,very low
2026-07-24T06:30:00Z,2026-07-24T07:00:00Z,17,94,moderate
2026-07-24T06:30:00Z,2026-07-24T07:00:00Z,18,109,moderate
2026-07-24T07:00:00Z,2026-07-24T07:30:00Z,1,0,very low
2026-07-24T07:00:00Z,2026-07-24T07:30:00Z,2,2,very low
2026-07-24T07:00:00Z,2026-07-24T07:30:00Z,3,23,very low
2026-07-24T07:00:00Z,2026-07-24T07:30:00Z,4,16,very low
2026-07-24T07:00:00Z,2026-07-24T07:30:00Z,5,58,low
2026-07-24T07:00:00Z,2026-07-24T07:30:00Z,6,17,very low
2026-07-24T07:00:00Z,2026-07-24T07:30:00Z,7,267,very high
2026-07-24T07:00:00Z,2026-07-24T07:30:00Z,8,21,very low
2026-07-24T07:00:00Z,2026-07-24T07:30:00Z,9,103,moderate
2026-07-24T07:00:00Z,2026-07-24T07:30:00Z,10,183,high
2026-07-24T07:00:00Z,2026-07-24T07:30:00Z,11,186,high
2026-07-24T07:00:00Z,2026-07-24T07:30:00Z,12,118,moderate
2026-07-24T07:00:00Z,2026-07-24T07:30:00Z,13,126,moderate
2026-07-24T07:00:00Z,2026-07-24T07:30:00Z,14,127,moderate
2026-07-24T07:00:00Z,2026-07-24T07:30:00Z,15,101,moderate
2026-07-24T07:00:00Z,2026-07-24T07:30:00Z,16,1,very low
2026-07-24T07:00:00Z,2026-07-24T07:30:00Z,17,77,low
2026-07-24T07:00:00Z,2026-07-24T07:30:00Z,18,93,moderate
2026-07-24T07:30:00Z,2026-07-24T08:00:00Z,1,0,very low
2026-07-24T07:30:00Z,2026-07-24T08:00:00Z,2,2,very low
2026-07-24T07:30:00Z,2026-07-24T08:00:00Z,3,21,very low
2026-07-24T07:30:00Z,2026-07-24T08:00:00Z,4,17,very low
2026-07-24T07:30:00Z,2026-07-24T08:00:00Z,5,60,low
2026-07-24T07:30:00Z,2026-07-24T08:00:00Z,6,19,very low
2026-07-24T07:30:00Z,2026-07-24T08:00:00Z,7,192,high
2026-07-24T07:30:00Z,2026-07-24T08:00:00Z,8,19,very low
2026-07-24T07:30:00Z,2026-07-24T08:00:00Z,9,88,low
2026-07-24T07:30:00Z,2026-07-24T08:00:00Z,10,166,moderate
2026-07-24T07:30:00Z,2026-07-24T08:00:00Z,11,148,moderate
2026-07-24T07:30:00Z,2026-07-24T08:00:00Z,12,89,low
2026-07-24T07:30:00Z,2026-07-24T08:00:00Z,13,107,moderate
2026-07-24T07:30:00Z,2026-07-24T08:00:00Z,14,109,moderate
2026-07-24T07:30:00Z,2026-07-24T08:00:00Z,15,87,low
2026-07-24T07:30:00Z,2026-07-24T08:00:00Z,16,1,very low
2026-07-24T07:30:00Z,2026-07-24T08:00:00Z,17,59,low
2026-07-24T07:30:00Z,2026-07-24T08:00:00Z,18,80,low
2026-07-24T08:00:00Z,2026-07-24T08:30:00Z,1,0,very low
2026-07-24T08:00:00Z,2026-07-24T08:30:00Z,2,2,very low
2026-07-24T08:00:00Z,2026-07-24T08:30:00Z,3,21,very low
2026-07-24T08:00:00Z,2026-07-24T08:30:00Z,4,18,very low
2026-07-24T08:00:00Z,2026-07-24T08:30:00Z,5,55,low
2026-07-24T08:00:00Z,2026-07-24T08:30:00Z,6,24,very low
2026-07-24T08:00:00Z,2026-07-24T08:30:00Z,7,126,moderate
2026-07-24T08:00:00Z,2026-07-24T08:30:00Z,8,20,very low
2026-07-24T08:00:00Z,2026-07-24T08:30:00Z,9,78,low
2026-07-24T08:00:00Z,2026-07-24T08:30:00Z,10,150,moderate
2026-07-24T08:00:00Z,2026-07-24T08:30:00Z,11,131,moderate
2026-07-24T08:00:00Z,2026-07-24T08:30:00Z,12,76,low
2026-07-24T08:00:00Z,2026-07-24T08:30:00Z,13,97,moderate
2026-07-24T08:00:00Z,2026-07-24T08:30:00Z,14,100,moderate
2026-07-24T08:00:00Z,2026-07-24T08:30:00Z,15,78,low
2026-07-24T08:00:00Z,2026-07-24T08:30:00Z,16,1,very low
2026-07-24T08:00:00Z,2026-07-24T08:30:00Z,17,54,low
2026-07-24T08:00:00Z,2026-07-24T08:30:00Z,18,71,low
2026-07-24T08:30:00Z,2026-07-24T09:00:00Z,1,0,very low
2026-07-24T08:30:00Z,2026-07-24T09:00:00Z,2,1,very low
2026-07-24T08:30:00Z,2026-07-24T09:00:00Z,3,23,very low
2026-07-24T08:30:00Z,2026-07-24T09:00:00Z,4,15,very low
2026-07-24T08:30:00Z,2026-07-24T09:00:00Z,5,46,low
2026-07-24T08:30:00Z,2026-07-24T09:00:00Z,6,21,very low
2026-07-24T08:30:00Z,2026-07-24T09:00:00Z,7,135,moderate
2026-07-24T08:30:00Z,2026-07-24T09:00:00Z,8,18,very low
2026-07-24T08:30:00Z,2026-07-24T09:00:00Z,9,66,low
2026-07-24T08:30:00Z,2026-07-24T09:00:00Z,10,140,moderate
2026-07-24T08:30:00Z,2026-07-24T09:00:00Z,11,119,moderate
2026-07-24T08:30:00Z,2026-07-24T09:00:00Z,12,69,low
2026-07-24T08:30:00Z,2026-07-24T09:00:00Z,13,89,low
2026-07-24T08:30:00Z,2026-07-24T09:00:00Z,14,93,moderate
2026-07-24T08:30:00Z,2026-07-24T09:00:00Z,15,71,low
2026-07-24T08:30:00Z,2026-07-24T09:00:00Z,16,1,very low
2026-07-24T08:30:00Z,2026-07-24T09:00:00Z,17,62,low
2026-07-24T08:30:00Z,2026-07-24T09:00:00Z,18,66,low
2026-07-24T09:00:00Z,2026-07-24T09:30:00Z,1,0,very low
2026-07-24T09:00:00Z,2026-07-24T09:30:00Z,2,1,very low
2026-07-24T09:00:00Z,2026-07-24T09:30:00Z,3,28,low
2026-07-24T09:00:00Z,2026-07-24T09:30:00Z,4,11,very low
2026-07-24T09:00:00Z,2026-07-24T09:30:00Z,5,36,low
2026-07-24T09:00:00Z,2026-07-24T09:30:00Z,6,21,very low
2026-07-24T09:00:00Z,2026-07-24T09:30:00Z,7,99,moderate
2026-07-24T09:00:00Z,2026-07-24T09:30:00Z,8,20,very low
2026-07-24T09:00:00Z,2026-07-24T09:30:00Z,9,57,low
2026-07-24T09:00:00Z,2026-07-24T09:30:00Z,10,139,moderate
2026-07-24T09:00:00Z,2026-07-24T09:30:00Z,11,103,moderate
2026-07-24T09:00:00Z,2026-07-24T09:30:00Z,12,61,low
2026-07-24T09:00:00Z,2026-07-24T09:30:00Z,13,91,moderate
2026-07-24T09:00:00Z,2026-07-24T09:30:00Z,14,95,moderate
2026-07-24T09:00:00Z,2026-07-24T09:30:00Z,15,67,low
2026-07-24T09:00:00Z,2026-07-24T09:30:00Z,16,0,very low
2026-07-24T09:00:00Z,2026-07-24T09:30:00Z,17,55,low
2026-07-24T09:00:00Z,2026-07-24T09:30:00Z,18,61,low
2026-07-24T09:30:00Z,2026-07-24T10:00:00Z,1,0,very low
2026-07-24T09:30:00Z,2026-07-24T10:00:00Z,2,1,very low
2026-07-24T09:30:00Z,2026-07-24T10:00:00Z,3,27,low
2026-07-24T09:30:00Z,2026-07-24T10:00:00Z,4,11,very low
2026-07-24T09:30:00Z,2026-07-24T10:00:00Z,5,31,low
2026-07-24T09:30:00Z,2026-07-24T10:00:00Z,6,15,very low
2026-07-24T09:30:00Z,2026-07-24T10:00:00Z,7,77,low
2026-07-24T09:30:00Z,2026-07-24T10:00:00Z,8,17,very low
2026-07-24T09:30:00Z,2026-07-24T10:00:00Z,9,54,low
2026-07-24T09:30:00Z,2026-07-24T10:00:00Z,10,134,moderate
2026-07-24T09:30:00Z,2026-07-24T10:00:00Z,11,99,moderate
2026-07-24T09:30:00Z,2026-07-24T10:00:00Z,12,58,low
2026-07-24T09:30:00Z,2026-07-24T10:00:00Z,13,84,low
2026-07-24T09:30:00Z,2026-07-24T10:00:00Z,14,87,low
2026-07-24T09:30:00Z,2026-07-24T10:00:00Z,15,63,low
2026-07-24T09:30:00Z,2026-07-24T10:00:00Z,16,0,very low
2026-07-24T09:30:00Z,2026-07-24T10:00:00Z,17,39,low
2026-07-24T09:30:00Z,2026-07-24T10:00:00Z,18,57,low
2026-07-24T10:00:00Z,2026-07-24T10:30:00Z,1,0,very low
2026-07-24T10:00:00Z,2026-07-24T10:30:00Z,2,1,very low
2026-07-24T10:00:00Z,2026-07-24T10:30:00Z,3,21,very low
2026-07-24T10:00:00Z,2026-07-24T10:30:00Z,4,13,very low
2026-07-24T10:00:00Z,2026-07-24T10:30:00Z,5,29,low
2026-07-24T10:00:00Z,2026-07-24T10:30:00Z,6,17,very low
2026-07-24T10:00:00Z,2026-07-24T10:30:00Z,7,49,low
2026-07-24T10:00:00Z,2026-07-24T10:30:00Z,8,15,very low
2026-07-24T10:00:00Z,2026-07-24T10:30:00Z,9,52,low
2026-07-24T10:00:00Z,2026-07-24T10:30:00Z,10,133,moderate
2026-07-24T10:00:00Z,2026-07-24T10:30:00Z,11,88,low
2026-07-24T10:00:00Z,2026-07-24T10:30:00Z,12,62,low
2026-07-24T10:00:00Z,2026-07-24T10:30:00Z,13,79,low
2026-07-24T10:00:00Z,2026-07-24T10:30:00Z,14,82,low
2026-07-24T10:00:00Z,2026-07-24T10:30:00Z,15,60,low
2026-07-24T10:00:00Z,2026-07-24T10:30:00Z,16,0,very low
2026-07-24T10:00:00Z,2026-07-24T10:30:00Z,17,24,very low
2026-07-24T10:00:00Z,2026-07-24T10:30:00Z,18,54,low
2026-07-24T10:30:00Z,2026-07-24T11:00:00Z,1,0,very low
2026-07-24T10:30:00Z,2026-07-24T11:00:00Z,2,1,very low
2026-07-24T10:30:00Z,2026-07-24T11:00:00Z,3,21,very low
2026-07-24T10:30:00Z,2026-07-24T11:00:00Z,4,14,very low
2026-07-24T10:30:00Z,2026-07-24T11:00:00Z,5,28,low
2026-07-24T10:30:00Z,2026-07-24T11:00:00Z,6,18,very low
2026-07-24T10:30:00Z,2026-07-24T11:00:00Z,7,51,low
2026-07-24T10:30:00Z,2026-07-24T11:00:00Z,8,14,very low
2026-07-24T10:30:00Z,2026-07-24T11:00:00Z,9,49,low
2026-07-24T10:30:00Z,2026-07-24T11:00:00Z,10,133,moderate
2026-07-24T10:30:00Z,2026-07-24T11:00:00Z,11,83,low
2026-07-24T10:30:00Z,2026-07-24T11:00:00Z,12,60,low
2026-07-24T10:30:00Z,2026-07-24T11:00:00Z,13,80,low
2026-07-24T10:30:00Z,2026-07-24T11:00:00Z,14,83,low
2026-07-24T10:30:00Z,2026-07-24T11:00:00Z,15,60,low
2026-07-24T10:30:00Z,2026-07-24T11:00:00Z,16,1,very low
2026-07-24T10:30:00Z,2026-07-24T11:00:00Z,17,16,very low
2026-07-24T10:30:00Z,2026-07-24T11:00:00Z,18,53,low
2026-07-24T11:00:00Z,2026-07-24T11:30:00Z,1,0,very low
2026-07-24T11:00:00Z,2026-07-24T11:30:00Z,2,1,very low
2026-07-24T11:00:00Z,2026-07-24T11:30:00Z,3,21,very low
2026-07-24T11:00:00Z,2026-07-24T11:30:00Z,4,14,very low
2026-07-24T11:00:00Z,2026-07-24T11:30:00Z,5,26,low
2026-07-24T11:00:00Z,2026-07-24T11:30:00Z,6,12,very low
2026-07-24T11:00:00Z,2026-07-24T11:30:00Z,7,32,low
2026-07-24T11:00:00Z,2026-07-24T11:30:00Z,8,13,very low
2026-07-24T11:00:00Z,2026-07-24T11:30:00Z,9,42,low
2026-07-24T11:00:00Z,2026-07-24T11:30:00Z,10,138,moderate
2026-07-24T11:00:00Z,2026-07-24T11:30:00Z,11,87,low
2026-07-24T11:00:00Z,2026-07-24T11:30:00Z,12,62,low
2026-07-24T11:00:00Z,2026-07-24T11:30:00Z,13,81,low
2026-07-24T11:00:00Z,2026-07-24T11:30:00Z,14,84,low
2026-07-24T11:00:00Z,2026-07-24T11:30:00Z,15,59,low
2026-07-24T11:00:00Z,2026-07-24T11:30:00Z,16,0,very low
2026-07-24T11:00:00Z,2026-07-24T11:30:00Z,17,9,very low
2026-07-24T11:00:00Z,2026-07-24T11:30:00Z,18,52,low
2026-07-24T11:30:00Z,2026-07-24T12:00:00Z,1,0,very low
2026-07-24T11:30:00Z,2026-07-24T12:00:00Z,2,1,very low
2026-07-24T11:30:00Z,2026-07-24T12:00:00Z,3,21,very low
2026-07-24T11:30:00Z,2026-07-24T12:00:00Z,4,14,very low
2026-07-24T11:30:00Z,2026-07-24T12:00:00Z,5,27,low
2026-07-24T11:30:00Z,2026-07-24T12:00:00Z,6,9,very low
2026-07-24T11:30:00Z,2026-07-24T12:00:00Z,7,34,low
2026-07-24T11:30:00Z,2026-07-24T12:00:00Z,8,12,very low
2026-07-24T11:30:00Z,2026-07-24T12:00:00Z,9,39,low
2026-07-24T11:30:00Z,2026-07-24T12:00:00Z,10,141,moderate
2026-07-24T11:30:00Z,2026-07-24T12:00:00Z,11,98,moderate
2026-07-24T11:30:00Z,2026-07-24T12:00:00Z,12,66,low
2026-07-24T11:30:00Z,2026-07-24T12:00:00Z,13,80,low
2026-07-24T11:30:00Z,2026-07-24T12:00:00Z,14,82,low
2026-07-24T11:30:00Z,2026-07-24T12:00:00Z,15,60,low
2026-07-24T11:30:00Z,2026-07-24T12:00:00Z,16,1,very low
2026-07-24T11:30:00Z,2026-07-24T12:00:00Z,17,9,very low
2026-07-24T11:30:00Z,2026-07-24T12:00:00Z,18,52,low
2026-07-24T12:00:00Z,2026-07-24T12:30:00Z,1,0,very low
2026-07-24T12:00:00Z,2026-07-24T12:30:00Z,2,1,very low
2026-07-24T12:00:00Z,2026-07-24T12:30:00Z,3,25,low
2026-07-24T12:00:00Z,2026-07-24T12:30:00Z,4,14,very low
2026-07-24T12:00:00Z,2026-07-24T12:30:00Z,5,28,low
2026-07-24T12:00:00Z,2026-07-24T12:30:00Z,6,8,very low
2026-07-24T12:00:00Z,2026-07-24T12:30:00Z,7,28,low
2026-07-24T12:00:00Z,2026-07-24T12:30:00Z,8,13,very low
2026-07-24T12:00:00Z,2026-07-24T12:30:00Z,9,38,low
2026-07-24T12:00:00Z,2026-07-24T12:30:00Z,10,143,moderate
2026-07-24T12:00:00Z,2026-07-24T12:30:00Z,11,97,moderate
2026-07-24T12:00:00Z,2026-07-24T12:30:00Z,12,67,low
2026-07-24T12:00:00Z,2026-07-24T12:30:00Z,13,81,low
2026-07-24T12:00:00Z,2026-07-24T12:30:00Z,14,83,low
2026-07-24T12:00:00Z,2026-07-24T12:30:00Z,15,60,low
2026-07-24T12:00:00Z,2026-07-24T12:30:00Z,16,1,very low
2026-07-24T12:00:00Z,2026-07-24T12:30:00Z,17,3,very low
2026-07-24T12:00:00Z,2026-07-24T12:30:00Z,18,53,low
2026-07-24T12:30:00Z,2026-07-24T13:00:00Z,1,0,very low
2026-07-24T12:30:00Z,2026-07-24T13:00:00Z,2,1,very low
2026-07-24T12:30:00Z,2026-07-24T13:00:00Z,3,21,very low
2026-07-24T12:30:00Z,2026-07-24T13:00:00Z,4,15,very low
2026-07-24T12:30:00Z,2026-07-24T13:00:00Z,5,33,low
2026-07-24T12:30:00Z,2026-07-24T13:00:00Z,6,9,very low
2026-07-24T12:30:00Z,2026-07-24T13:00:00Z,7,37,low
2026-07-24T12:30:00Z,2026-07-24T13:00:00Z,8,11,very low
2026-07-24T12:30:00Z,2026-07-24T13:00:00Z,9,38,low
2026-07-24T12:30:00Z,2026-07-24T13:00:00Z,10,148,moderate
2026-07-24T12:30:00Z,2026-07-24T13:00:00Z,11,98,moderate
2026-07-24T12:30:00Z,2026-07-24T13:00:00Z,12,67,low
2026-07-24T12:30:00Z,2026-07-24T13:00:00Z,13,82,low
2026-07-24T12:30:00Z,2026-07-24T13:00:00Z,14,84,low
2026-07-24T12:30:00Z,2026-07-24T13:00:00Z,15,62,low
2026-07-24T12:30:00Z,2026-07-24T13:00:00Z,16,1,very low
2026-07-24T12:30:00Z,2026-07-24T13:00:00Z,17,2,very low
2026-07-24T12:30:00Z,2026-07-24T13:00:00Z,18,54,low
2026-07-24T13:00:00Z,2026-07-24T13:30:00Z,1,0,very low
2026-07-24T13:00:00Z,2026-07-24T13:30:00Z,2,1,very low
2026-07-24T13:00:00Z,2026-07-24T13:30:00Z,3,22,very low
2026-07-24T13:00:00Z,2026-07-24T13:30:00Z,4,19,very low
2026-07-24T13:00:00Z,2026-07-24T13:30:00Z,5,36,low
2026-07-24T13:00:00Z,2026-07-24T13:30:00Z,6,8,very low
2026-07-24T13:00:00Z,2026-07-24T13:30:00Z,7,68,low
2026-07-24T13:00:00Z,2026-07-24T13:30:00Z,8,11,very low
2026-07-24T13:00:00Z,2026-07-24T13:30:00Z,9,39,low
2026-07-24T13:00:00Z,2026-07-24T13:30:00Z,10,149,moderate
2026-07-24T13:00:00Z,2026-07-24T13:30:00Z,11,95,moderate
2026-07-24T13:00:00Z,2026-07-24T13:30:00Z,12,67,low
2026-07-24T13:00:00Z,2026-07-24T13:30:00Z,13,82,low
2026-07-24T13:00:00Z,2026-07-24T13:30:00Z,14,84,low
2026-07-24T13:00:00Z,2026-07-24T13:30:00Z,15,64,low
2026-07-24T13:00:00Z,2026-07-24T13:30:00Z,16,1,very low
2026-07-24T13:00:00Z,2026-07-24T13:30:00Z,17,1,very low
2026-07-24T13:00:00Z,2026-07-24T13:30:00Z,18,55,low
2026-07-24T13:30:00Z,2026-07-24T14:00:00Z,1,0,very low
2026-07-24T13:30:00Z,2026-07-24T14:00:00Z,2,2,very low
2026-07-24T13:30:00Z,2026-07-24T14:00:00Z,3,25,low
2026-07-24T13:30:00Z,2026-07-24T14:00:00Z,4,20,very low
2026-07-24T13:30:00Z,2026-07-24T14:00:00Z,5,37,low
2026-07-24T13:30:00Z,2026-07-24T14:00:00Z,6,10,very low
2026-07-24T13:30:00Z,2026-07-24T14:00:00Z,7,46,low
2026-07-24T13:30:00Z,2026-07-24T14:00:00Z,8,14,very low
2026-07-24T13:30:00Z,2026-07-24T14:00:00Z,9,43,low
2026-07-24T13:30:00Z,2026-07-24T14:00:00Z,10,165,moderate
2026-07-24T13:30:00Z,2026-07-24T14:00:00Z,11,93,moderate
2026-07-24T13:30:00Z,2026-07-24T14:00:00Z,12,67,low
2026-07-24T13:30:00Z,2026-07-24T14:00:00Z,13,85,low
2026-07-24T13:30:00Z,2026-07-24T14:00:00Z,14,87,low
2026-07-24T13:30:00Z,2026-07-24T14:00:00Z,15,68,low
2026-07-24T13:30:00Z,2026-07-24T14:00:00Z,16,1,very low
2026-07-24T13:30:00Z,2026-07-24T14:00:00Z,17,4,very low
2026-07-24T13:30:00Z,2026-07-24T14:00:00Z,18,58,low
2026-07-24T14:00:00Z,2026-07-24T14:30:00Z,1,0,very low
2026-07-24T14:00:00Z,2026-07-24T14:30:00Z,2,1,very low
2026-07-24T14:00:00Z,2026-07-24T14:30:00Z,3,23,very low
2026-07-24T14:00:00Z,2026-07-24T14:30:00Z,4,18,very low
2026-07-24T14:00:00Z,2026-07-24T14:30:00Z,5,68,low
2026-07-24T14:00:00Z,2026-07-24T14:30:00Z,6,16,very low
2026-07-24T14:00:00Z,2026-07-24T14:30:00Z,7,109,moderate
2026-07-24T14:00:00Z,2026-07-24T14:30:00Z,8,15,very low
2026-07-24T14:00:00Z,2026-07-24T14:30:00Z,9,47,low
2026-07-24T14:00:00Z,2026-07-24T14:30:00Z,10,158,moderate
2026-07-24T14:00:00Z,2026-07-24T14:30:00Z,11,119,moderate
2026-07-24T14:00:00Z,2026-07-24T14:30:00Z,12,53,low
2026-07-24T14:00:00Z,2026-07-24T14:30:00Z,13,85,low
2026-07-24T14:00:00Z,2026-07-24T14:30:00Z,14,85,low
2026-07-24T14:00:00Z,2026-07-24T14:30:00Z,15,72,low
2026-07-24T14:00:00Z,2026-07-24T14:30:00Z,16,1,very low
2026-07-24T14:00:00Z,2026-07-24T14:30:00Z,17,23,very low
2026-07-24T14:00:00Z,2026-07-24T14:30:00Z,18,63,low
2026-07-24T14:30:00Z,2026-07-24T15:00:00Z,1,0,very low
2026-07-24T14:30:00Z,2026-07-24T15:00:00Z,2,2,very low
2026-07-24T14:30:00Z,2026-07-24T15:00:00Z,3,23,very low
2026-07-24T14:30:00Z,2026-07-24T15:00:00Z,4,19,very low
2026-07-24T14:30:00Z,2026-07-24T15:00:00Z,5,71,low
2026-07-24T14:30:00Z,2026-07-24T15:00:00Z,6,25,low
2026-07-24T14:30:00Z,2026-07-24T15:00:00Z,7,131,moderate
2026-07-24T14:30:00Z,2026-07-24T15:00:00Z,8,18,very low
2026-07-24T14:30:00Z,2026-07-24T15:00:00Z,9,59,low
2026-07-24T14:30:00Z,2026-07-24T15:00:00Z,10,162,moderate
2026-07-24T14:30:00Z,2026-07-24T15:00:00Z,11,137,moderate
2026-07-24T14:30:00Z,2026-07-24T15:00:00Z,12,58,low
2026-07-24T14:30:00Z,2026-07-24T15:00:00Z,13,93,moderate
2026-07-24T14:30:00Z,2026-07-24T15:00:00Z,14,90,moderate
2026-07-24T14:30:00Z,2026-07-24T15:00:00Z,15,79,low
2026-07-24T14:30:00Z,2026-07-24T15:00:00Z,16,1,very low
2026-07-24T14:30:00Z,2026-07-24T15:00:00Z,17,28,low
2026-07-24T14:30:00Z,2026-07-24T15:00:00Z,18,69,low
2026-07-24T15:00:00Z,2026-07-24T15:30:00Z,1,0,very low
2026-07-24T15:00:00Z,2026-07-24T15:30:00Z,2,1,very low
2026-07-24T15:00:00Z,2026-07-24T15:30:00Z,3,27,low
2026-07-24T15:00:00Z,2026-07-24T15:30:00Z,4,15,very low
2026-07-24T15:00:00Z,2026-07-24T15:30:00Z,5,77,low
2026-07-24T15:00:00Z,2026-07-24T15:30:00Z,6,38,low
2026-07-24T15:00:00Z,2026-07-24T15:30:00Z,7,150,moderate
2026-07-24T15:00:00Z,2026-07-24T15:30:00Z,8,25,low
2026-07-24T15:00:00Z,2026-07-24T15:30:00Z,9,65,low
2026-07-24T15:00:00Z,2026-07-24T15:30:00Z,10,162,moderate
2026-07-24T15:00:00Z,2026-07-24T15:30:00Z,11,158,moderate
2026-07-24T15:00:00Z,2026-07-24T15:30:00Z,12,59,low
2026-07-24T15:00:00Z,2026-07-24T15:30:00Z,13,99,moderate
2026-07-24T15:00:00Z,2026-07-24T15:30:00Z,14,92,moderate
2026-07-24T15:00:00Z,2026-07-24T15:30:00Z,15,85,low
2026-07-24T15:00:00Z,2026-07-24T15:30:00Z,16,1,very low
2026-07-24T15:00:00Z,2026-07-24T15:30:00Z,17,46,low
2026-07-24T15:00:00Z,2026-07-24T15:30:00Z,18,76,low
2026-07-24T15:30:00Z,2026-07-24T16:00:00Z,1,0,very low
2026-07-24T15:30:00Z,2026-07-24T16:00:00Z,2,2,very low
2026-07-24T15:30:00Z,2026-07-24T16:00:00Z,3,30,low
2026-07-24T15:30:00Z,2026-07-24T16:00:00Z,4,23,very low
2026-07-24T15:30:00Z,2026-07-24T16:00:00Z,5,46,low
2026-07-24T15:30:00Z,2026-07-24T16:00:00Z,6,35,low
2026-07-24T15:30:00Z,2026-07-24T16:00:00Z,7,95,moderate
2026-07-24T15:30:00Z,2026-07-24T16:00:00Z,8,26,low
2026-07-24T15:30:00Z,2026-07-24T16:00:00Z,9,84,low
2026-07-24T15:30:00Z,2026-07-24T16:00:00Z,10,158,moderate
2026-07-24T15:30:00Z,2026-07-24T16:00:00Z,11,203,high
2026-07-24T15:30:00Z,2026-07-24T16:00:00Z,12,95,moderate
2026-07-24T15:30:00Z,2026-07-24T16:00:00Z,13,112,moderate
2026-07-24T15:30:00Z,2026-07-24T16:00:00Z,14,104,moderate
2026-07-24T15:30:00Z,2026-07-24T16:00:00Z,15,91,moderate
2026-07-24T15:30:00Z,2026-07-24T16:00:00Z,16,2,very low
2026-07-24T15:30:00Z,2026-07-24T16:00:00Z,17,30,low
2026-07-24T15:30:00Z,2026-07-24T16:00:00Z,18,80,low
2026-07-24T16:00:00Z,2026-07-24T16:30:00Z,1,0,very low
2026-07-24T16:00:00Z,2026-07-24T16:30:00Z,2,2,very low
2026-07-24T16:00:00Z,2026-07-24T16:30:00Z,3,45,low
2026-07-24T16:00:00Z,2026-07-24T16:30:00Z,4,20,very low
2026-07-24T16:00:00Z,2026-07-24T16:30:00Z,5,52,low
2026-07-24T16:00:00Z,2026-07-24T16:30:00Z,6,42,low
2026-07-24T16:00:00Z,2026-07-24T16:30:00Z,7,128,moderate
2026-07-24T16:00:00Z,2026-07-24T16:30:00Z,8,37,low
2026-07-24T16:00:00Z,2026-07-24T16:30:00Z,9,95,moderate
2026-07-24T16:00:00Z,2026-07-24T16:30:00Z,10,176,high
2026-07-24T16:00:00Z,2026-07-24T16:30:00Z,11,236,very high
2026-07-24T16:00:00Z,2026-07-24T16:30:00Z,12,114,moderate
2026-07-24T16:00:00Z,2026-07-24T16:30:00Z,13,130,moderate
2026-07-24T16:00:00Z,2026-07-24T16:30:00Z,14,118,moderate
2026-07-24T16:00:00Z,2026-07-24T16:30:00Z,15,107,moderate
2026-07-24T16:00:00Z,2026-07-24T16:30:00Z,16,1,very low
2026-07-24T16:00:00Z,2026-07-24T16:30:00Z,17,44,low
2026-07-24T16:00:00Z,2026-07-24T16:30:00Z,18,95,moderate
2026-07-24T16:30:00Z,2026-07-24T17:00:00Z,1,0,very low
2026-07-24T16:30:00Z,2026-07-24T17:00:00Z,2,2,very low
2026-07-24T16:30:00Z,2026-07-24T17:00:00Z,3,54,low
2026-07-24T16:30:00Z,2026-07-24T17:00:00Z,4,20,very low
2026-07-24T16:30:00Z,2026-07-24T17:00:00Z,5,54,low
2026-07-24T16:30:00Z,2026-07-24T17:00:00Z,6,56,low
2026-07-24T16:30:00Z,2026-07-24T17:00:00Z,7,184,high
2026-07-24T16:30:00Z,2026-07-24T17:00:00Z,8,48,low
2026-07-24T16:30:00Z,2026-07-24T17:00:00Z,9,109,moderate
2026-07-24T16:30:00Z,2026-07-24T17:00:00Z,10,170,high
2026-07-24T16:30:00Z,2026-07-24T17:00:00Z,11,265,very high
2026-07-24T16:30:00Z,2026-07-24T17:00:00Z,12,139,moderate
2026-07-24T16:30:00Z,2026-07-24T17:00:00Z,13,148,moderate
2026-07-24T16:30:00Z,2026-07-24T17:00:00Z,14,137,moderate
2026-07-24T16:30:00Z,2026-07-24T17:00:00Z,15,121,moderate
2026-07-24T16:30:00Z,2026-07-24T17:00:00Z,16,1,very low
2026-07-24T16:30:00Z,2026-07-24T17:00:00Z,17,77,low
2026-07-24T16:30:00Z,2026-07-24T17:00:00Z,18,109,moderate
2026-07-24T17:00:00Z,2026-07-24T17:30:00Z,1,0,very low
2026-07-24T17:00:00Z,2026-07-24T17:30:00Z,2,1,very low
2026-07-24T17:00:00Z,2026-07-24T17:30:00Z,3,59,low
2026-07-24T17:00:00Z,2026-07-24T17:30:00Z,4,17,very low
2026-07-24T17:00:00Z,2026-07-24T17:30:00Z,5,57,low
2026-07-24T17:00:00Z,2026-07-24T17:30:00Z,6,69,low
2026-07-24T17:00:00Z,2026-07-24T17:30:00Z,7,192,high
2026-07-24T17:00:00Z,2026-07-24T17:30:00Z,8,58,low
2026-07-24T17:00:00Z,2026-07-24T17:30:00Z,9,133,moderate
2026-07-24T17:00:00Z,2026-07-24T17:30:00Z,10,178,high
2026-07-24T17:00:00Z,2026-07-24T17:30:00Z,11,280,very high
2026-07-24T17:00:00Z,2026-07-24T17:30:00Z,12,157,moderate
2026-07-24T17:00:00Z,2026-07-24T17:30:00Z,13,158,moderate
2026-07-24T17:00:00Z,2026-07-24T17:30:00Z,14,145,moderate
2026-07-24T17:00:00Z,2026-07-24T17:30:00Z,15,132,moderate
2026-07-24T17:00:00Z,2026-07-24T17:30:00Z,16,1,very low
2026-07-24T17:00:00Z,2026-07-24T17:30:00Z,17,92,moderate
2026-07-24T17:00:00Z,2026-07-24T17:30:00Z,18,120,moderate
2026-07-24T17:30:00Z,2026-07-24T18:00:00Z,1,0,very low
2026-07-24T17:30:00Z,2026-07-24T18:00:00Z,2,2,very low
2026-07-24T17:30:00Z,2026-07-24T18:00:00Z,3,53,low
2026-07-24T17:30:00Z,2026-07-24T18:00:00Z,4,17,very low
2026-07-24T17:30:00Z,2026-07-24T18:00:00Z,5,58,low
2026-07-24T17:30:00Z,2026-07-24T18:00:00Z,6,71,low
2026-07-24T17:30:00Z,2026-07-24T18:00:00Z,7,304,very high
2026-07-24T17:30:00Z,2026-07-24T18:00:00Z,8,83,low
2026-07-24T17:30:00Z,2026-07-24T18:00:00Z,9,157,moderate
2026-07-24T17:30:00Z,2026-07-24T18:00:00Z,10,181,high
2026-07-24T17:30:00Z,2026-07-24T18:00:00Z,11,286,very high
2026-07-24T17:30:00Z,2026-07-24T18:00:00Z,12,167,moderate
2026-07-24T17:30:00Z,2026-07-24T18:00:00Z,13,159,moderate
2026-07-24T17:30:00Z,2026-07-24T18:00:00Z,14,142,moderate
2026-07-24T17:30:00Z,2026-07-24T18:00:00Z,15,141,moderate
2026-07-24T17:30:00Z,2026-07-24T18:00:00Z,16,1,very low
2026-07-24T17:30:00Z,2026-07-24T18:00:00Z,17,122,moderate
2026-07-24T17:30:00Z,2026-07-24T18:00:00Z,18,129,moderate
2026-07-24T18:00:00Z,2026-07-24T18:30:00Z,1,0,very low
2026-07-24T18:00:00Z,2026-07-24T18:30:00Z,2,2,very low
2026-07-24T18:00:00Z,2026-07-24T18:30:00Z,3,53,low
2026-07-24T18:00:00Z,2026-07-24T18:30:00Z,4,18,very low
2026-07-24T18:00:00Z,2026-07-24T18:30:00Z,5,59,low
2026-07-24T18:00:00Z,2026-07-24T18:30:00Z,6,67,low
2026-07-24T18:00:00Z,2026-07-24T18:30:00Z,7,320,very high
2026-07-24T18:00:00Z,2026-07-24T18:30:00Z,8,86,low
2026-07-24T18:00:00Z,2026-07-24T18:30:00Z,9,166,moderate
2026-07-24T18:00:00Z,2026-07-24T18:30:00Z,10,184,high
2026-07-24T18:00:00Z,2026-07-24T18:30:00Z,11,302,very high
2026-07-24T18:00:00Z,2026-07-24T18:30:00Z,12,182,high
2026-07-24T18:00:00Z,2026-07-24T18:30:00Z,13,184,high
2026-07-24T18:00:00Z,2026-07-24T18:30:00Z,14,185,high
2026-07-24T18:00:00Z,2026-07-24T18:30:00Z,15,149,moderate
2026-07-24T18:00:00Z,2026-07-24T18:30:00Z,16,1,very low
2026-07-24T18:00:00Z,2026-07-24T18:30:00Z,17,145,moderate
2026-07-24T18:00:00Z,2026-07-24T18:30:00Z,18,138,moderate
2026-07-24T18:30:00Z,2026-07-24T19:00:00Z,1,0,very low
2026-07-24T18:30:00Z,2026-07-24T19:00:00Z,2,2,very low
2026-07-24T18:30:00Z,2026-07-24T19:00:00Z,3,56,low
2026-07-24T18:30:00Z,2026-07-24T19:00:00Z,4,18,very low
2026-07-24T18:30:00Z,2026-07-24T19:00:00Z,5,69,low
2026-07-24T18:30:00Z,2026-07-24T19:00:00Z,6,63,low
2026-07-24T18:30:00Z,2026-07-24T19:00:00Z,7,338,very high
2026-07-24T18:30:00Z,2026-07-24T19:00:00Z,8,87,low
2026-07-24T18:30:00Z,2026-07-24T19:00:00Z,9,196,high
2026-07-24T18:30:00Z,2026-07-24T19:00:00Z,10,196,high
2026-07-24T18:30:00Z,2026-07-24T19:00:00Z,11,318,very high
2026-07-24T18:30:00Z,2026-07-24T19:00:00Z,12,178,high
2026-07-24T18:30:00Z,2026-07-24T19:00:00Z,13,189,high
2026-07-24T18:30:00Z,2026-07-24T19:00:00Z,14,189,high
2026-07-24T18:30:00Z,2026-07-24T19:00:00Z,15,154,moderate
2026-07-24T18:30:00Z,2026-07-24T19:00:00Z,16,1,very low
2026-07-24T18:30:00Z,2026-07-24T19:00:00Z,17,167,moderate
2026-07-24T18:30:00Z,2026-07-24T19:00:00Z,18,143,moderate
2026-07-24T19:00:00Z,2026-07-24T19:30:00Z,1,0,very low
2026-07-24T19:00:00Z,2026-07-24T19:30:00Z,2,2,very low
2026-07-24T19:00:00Z,2026-07-24T19:30:00Z,3,59,low
2026-07-24T19:00:00Z,2026-07-24T19:30:00Z,4,17,very low
2026-07-24T19:00:00Z,2026-07-24T19:30:00Z,5,62,low
2026-07-24T19:00:00Z,2026-07-24T19:30:00Z,6,80,low
2026-07-24T19:00:00Z,2026-07-24T19:30:00Z,7,357,very high
2026-07-24T19:00:00Z,2026-07-24T19:30:00Z,8,104,moderate
2026-07-24T19:00:00Z,2026-07-24T19:30:00Z,9,168,moderate
2026-07-24T19:00:00Z,2026-07-24T19:30:00Z,10,190,high
2026-07-24T19:00:00Z,2026-07-24T19:30:00Z,11,345,very high
2026-07-24T19:00:00Z,2026-07-24T19:30:00Z,12,197,high
2026-07-24T19:00:00Z,2026-07-24T19:30:00Z,13,193,high
2026-07-24T19:00:00Z,2026-07-24T19:30:00Z,14,195,high
2026-07-24T19:00:00Z,2026-07-24T19:30:00Z,15,157,moderate
2026-07-24T19:00:00Z,2026-07-24T19:30:00Z,16,1,very low
2026-07-24T19:00:00Z,2026-07-24T19:30:00Z,17,161,moderate
2026-07-24T19:00:00Z,2026-07-24T19:30:00Z,18,145,moderate
2026-07-24T19:30:00Z,2026-07-24T20:00:00Z,1,0,very low
2026-07-24T19:30:00Z,2026-07-24T20:00:00Z,2,2,very low
2026-07-24T19:30:00Z,2026-07-24T20:00:00Z,3,53,low
2026-07-24T19:30:00Z,2026-07-24T20:00:00Z,4,17,very low
2026-07-24T19:30:00Z,2026-07-24T20:00:00Z,5,58,low
2026-07-24T19:30:00Z,2026-07-24T20:00:00Z,6,55,low
2026-07-24T19:30:00Z,2026-07-24T20:00:00Z,7,369,very high
2026-07-24T19:30:00Z,2026-07-24T20:00:00Z,8,104,moderate
2026-07-24T19:30:00Z,2026-07-24T20:00:00Z,9,172,high
2026-07-24T19:30:00Z,2026-07-24T20:00:00Z,10,189,high
2026-07-24T19:30:00Z,2026-07-24T20:00:00Z,11,361,very high
2026-07-24T19:30:00Z,2026-07-24T20:00:00Z,12,196,high
2026-07-24T19:30:00Z,2026-07-24T20:00:00Z,13,207,high
2026-07-24T19:30:00Z,2026-07-24T20:00:00Z,14,223,high
2026-07-24T19:30:00Z,2026-07-24T20:00:00Z,15,158,moderate
2026-07-24T19:30:00Z,2026-07-24T20:00:00Z,16,1,very low
2026-07-24T19:30:00Z,2026-07-24T20:00:00Z,17,165,moderate
2026-07-24T19:30:00Z,2026-07-24T20:00:00Z,18,147,moderate
2026-07-24T20:00:00Z,2026-07-24T20:30:00Z,1,0,very low
2026-07-24T20:00:00Z,2026-07-24T20:30:00Z,2,2,very low
2026-07-24T20:00:00Z,2026-07-24T20:30:00Z,3,55,low
2026-07-24T20:00:00Z,2026-07-24T20:30:00Z,4,17,very low
2026-07-24T20:00:00Z,2026-07-24T20:30:00Z,5,56,low
2026-07-24T20:00:00Z,2026-07-24T20:30:00Z,6,60,low
2026-07-24T20:00:00Z,2026-07-24T20:30:00Z,7,378,very high
2026-07-24T20:00:00Z,2026-07-24T20:30:00Z,8,126,moderate
2026-07-24T20:00:00Z,2026-07-24T20:30:00Z,9,167,moderate
2026-07-24T20:00:00Z,2026-07-24T20:30:00Z,10,175,high
2026-07-24T20:00:00Z,2026-07-24T20:30:00Z,11,371,very high
2026-07-24T20:00:00Z,2026-07-24T20:30:00Z,12,206,high
2026-07-24T20:00:00Z,2026-07-24T20:30:00Z,13,203,high
2026-07-24T20:00:00Z,2026-07-24T20:30:00Z,14,218,high
2026-07-24T20:00:00Z,2026-07-24T20:30:00Z,15,159,moderate
2026-07-24T20:00:00Z,2026-07-24T20:30:00Z,16,1,very low
2026-07-24T20:00:00Z,2026-07-24T20:30:00Z,17,199,high
2026-07-24T20:00:00Z,2026-07-24T20:30:00Z,18,148,moderate
2026-07-24T20:30:00Z,2026-07-24T21:00:00Z,1,0,very low
2026-07-24T20:30:00Z,2026-07-24T21:00:00Z,2,1,very low
2026-07-24T20:30:00Z,2026-07-24T21:00:00Z,3,44,low
2026-07-24T20:30:00Z,2026-07-24T21:00:00Z,4,17,very low
2026-07-24T20:30:00Z,2026-07-24T21:00:00Z,5,57,low
2026-07-24T20:30:00Z,2026-07-24T21:00:00Z,6,40,low
2026-07-24T20:30:00Z,2026-07-24T21:00:00Z,7,379,very high
2026-07-24T20:30:00Z,2026-07-24T21:00:00Z,8,113,moderate
2026-07-24T20:30:00Z,2026-07-24T21:00:00Z,9,180,high
2026-07-24T20:30:00Z,2026-07-24T21:00:00Z,10,187,high
2026-07-24T20:30:00Z,2026-07-24T21:00:00Z,11,374,very high
2026-07-24T20:30:00Z,2026-07-24T21:00:00Z,12,213,high
2026-07-24T20:30:00Z,2026-07-24T21:00:00Z,13,211,high
2026-07-24T20:30:00Z,2026-07-24T21:00:00Z,14,224,high
2026-07-24T20:30:00Z,2026-07-24T21:00:00Z,15,161,moderate
2026-07-24T20:30:00Z,2026-07-24T21:00:00Z,16,1,very low
2026-07-24T20:30:00Z,2026-07-24T21:00:00Z,17,173,high
2026-07-24T20:30:00Z,2026-07-24T21:00:00Z,18,149,moderate
2026-07-24T21:00:00Z,2026-07-24T21:30:00Z,1,0,very low
2026-07-24T21:00:00Z,2026-07-24T21:30:00Z,2,2,very low
2026-07-24T21:00:00Z,2026-07-24T21:30:00Z,3,40,low
2026-07-24T21:00:00Z,2026-07-24T21:30:00Z,4,18,very low
2026-07-24T21:00:00Z,2026-07-24T21:30:00Z,5,55,low
2026-07-24T21:00:00Z,2026-07-24T21:30:00Z,6,32,low
2026-07-24T21:00:00Z,2026-07-24T21:30:00Z,7,374,very high
2026-07-24T21:00:00Z,2026-07-24T21:30:00Z,8,84,low
2026-07-24T21:00:00Z,2026-07-24T21:30:00Z,9,186,high
2026-07-24T21:00:00Z,2026-07-24T21:30:00Z,10,195,high
2026-07-24T21:00:00Z,2026-07-24T21:30:00Z,11,377,very high
2026-07-24T21:00:00Z,2026-07-24T21:30:00Z,12,215,high
2026-07-24T21:00:00Z,2026-07-24T21:30:00Z,13,214,high
2026-07-24T21:00:00Z,2026-07-24T21:30:00Z,14,226,high
2026-07-24T21:00:00Z,2026-07-24T21:30:00Z,15,157,moderate
2026-07-24T21:00:00Z,2026-07-24T21:30:00Z,16,1,very low
2026-07-24T21:00:00Z,2026-07-24T21:30:00Z,17,160,moderate
2026-07-24T21:00:00Z,2026-07-24T21:30:00Z,18,145,moderate
2026-07-24T21:30:00Z,2026-07-24T22:00:00Z,1,0,very low
2026-07-24T21:30:00Z,2026-07-24T22:00:00Z,2,2,very low
2026-07-24T21:30:00Z,2026-07-24T22:00:00Z,3,36,low
2026-07-24T21:30:00Z,2026-07-24T22:00:00Z,4,18,very low
2026-07-24T21:30:00Z,2026-07-24T22:00:00Z,5,50,low
2026-07-24T21:30:00Z,2026-07-24T22:00:00Z,6,34,low
2026-07-24T21:30:00Z,2026-07-24T22:00:00Z,7,371,very high
2026-07-24T21:30:00Z,2026-07-24T22:00:00Z,8,79,low
2026-07-24T21:30:00Z,2026-07-24T22:00:00Z,9,172,high
2026-07-24T21:30:00Z,2026-07-24T22:00:00Z,10,188,high
2026-07-24T21:30:00Z,2026-07-24T22:00:00Z,11,376,very high
2026-07-24T21:30:00Z,2026-07-24T22:00:00Z,12,206,high
2026-07-24T21:30:00Z,2026-07-24T22:00:00Z,13,214,high
2026-07-24T21:30:00Z,2026-07-24T22:00:00Z,14,235,very high
2026-07-24T21:30:00Z,2026-07-24T22:00:00Z,15,151,moderate
2026-07-24T21:30:00Z,2026-07-24T22:00:00Z,16,1,very low
2026-07-24T21:30:00Z,2026-07-24T22:00:00Z,17,155,moderate
2026-07-24T21:30:00Z,2026-07-24T22:00:00Z,18,139,moderate
2026-07-24T22:00:00Z,2026-07-24T22:30:00Z,1,0,very low
2026-07-24T22:00:00Z,2026-07-24T22:30:00Z,2,2,very low
2026-07-24T22:00:00Z,2026-07-24T22:30:00Z,3,33,low
2026-07-24T22:00:00Z,2026-07-24T22:30:00Z,4,19,very low
2026-07-24T22:00:00Z,2026-07-24T22:30:00Z,5,51,low
2026-07-24T22:00:00Z,2026-07-24T22:30:00Z,6,32,low
2026-07-24T22:00:00Z,2026-07-24T22:30:00Z,7,370,very high
2026-07-24T22:00:00Z,2026-07-24T22:30:00Z,8,68,low
2026-07-24T22:00:00Z,2026-07-24T22:30:00Z,9,172,high
2026-07-24T22:00:00Z,2026-07-24T22:30:00Z,10,185,high
2026-07-24T22:00:00Z,2026-07-24T22:30:00Z,11,380,very high
2026-07-24T22:00:00Z,2026-07-24T22:30:00Z,12,210,high
2026-07-24T22:00:00Z,2026-07-24T22:30:00Z,13,202,high
2026-07-24T22:00:00Z,2026-07-24T22:30:00Z,14,210,high
2026-07-24T22:00:00Z,2026-07-24T22:30:00Z,15,147,moderate
2026-07-24T22:00:00Z,2026-07-24T22:30:00Z,16,1,very low
2026-07-24T22:00:00Z,2026-07-24T22:30:00Z,17,128,moderate
2026-07-24T22:00:00Z,2026-07-24T22:30:00Z,18,134,moderate
2026-07-24T22:30:00Z,2026-07-24T23:00:00Z,1,0,very low
2026-07-24T22:30:00Z,2026-07-24T23:00:00Z,2,2,very low
2026-07-24T22:30:00Z,2026-07-24T23:00:00Z,3,25,low
2026-07-24T22:30:00Z,2026-07-24T23:00:00Z,4,19,very low
2026-07-24T22:30:00Z,2026-07-24T23:00:00Z,5,55,low
2026-07-24T22:30:00Z,2026-07-24T23:00:00Z,6,11,very low
2026-07-24T22:30:00Z,2026-07-24T23:00:00Z,7,365,very high
2026-07-24T22:30:00Z,2026-07-24T23:00:00Z,8,55,low
2026-07-24T22:30:00Z,2026-07-24T23:00:00Z,9,181,high
2026-07-24T22:30:00Z,2026-07-24T23:00:00Z,10,193,high
2026-07-24T22:30:00Z,2026-07-24T23:00:00Z,11,382,very high
2026-07-24T22:30:00Z,2026-07-24T23:00:00Z,12,220,high
2026-07-24T22:30:00Z,2026-07-24T23:00:00Z,13,199,high
2026-07-24T22:30:00Z,2026-07-24T23:00:00Z,14,191,high
2026-07-24T22:30:00Z,2026-07-24T23:00:00Z,15,145,moderate
2026-07-24T22:30:00Z,2026-07-24T23:00:00Z,16,1,very low
2026-07-24T22:30:00Z,2026-07-24T23:00:00Z,17,104,moderate
2026-07-24T22:30:00Z,2026-07-24T23:00:00Z,18,131,moderate
2026-07-24T23:00:00Z,2026-07-24T23:30:00Z,1,0,very low
2026-07-24T23:00:00Z,2026-07-24T23:30:00Z,2,2,very low
2026-07-24T23:00:00Z,2026-07-24T23:30:00Z,3,24,very low
2026-07-24T23:00:00Z,2026-07-24T23:30:00Z,4,19,very low
2026-07-24T23:00:00Z,2026-07-24T23:30:00Z,5,57,low
2026-07-24T23:00:00Z,2026-07-24T23:30:00Z,6,11,very low
2026-07-24T23:00:00Z,2026-07-24T23:30:00Z,7,366,very high
2026-07-24T23:00:00Z,2026-07-24T23:30:00Z,8,51,low
2026-07-24T23:00:00Z,2026-07-24T23:30:00Z,9,184,high
2026-07-24T23:00:00Z,2026-07-24T23:30:00Z,10,187,high
2026-07-24T23:00:00Z,2026-07-24T23:30:00Z,11,382,very high
2026-07-24T23:00:00Z,2026-07-24T23:30:00Z,12,226,high
2026-07-24T23:00:00Z,2026-07-24T23:30:00Z,13,199,high
2026-07-24T23:00:00Z,2026-07-24T23:30:00Z,14,190,high
2026-07-24T23:00:00Z,2026-07-24T23:30:00Z,15,144,moderate
2026-07-24T23:00:00Z,2026-07-24T23:30:00Z,16,1,very low
2026-07-24T23:00:00Z,2026-07-24T23:30:00Z,17,111,moderate
2026-07-24T23:00:00Z,2026-07-24T23:30:00Z,18,129,moderate
2026-07-24T23:30:00Z,2026-07-25T00:00:00Z,1,0,very low
2026-07-24T23:30:00Z,2026-07-25T00:00:00Z,2,2,very low
2026-07-24T23:30:00Z,2026-07-25T00:00:00Z,3,16,very low
2026-07-24T23:30:00Z,2026-07-25T00:00:00Z,4,19,very low
2026-07-24T23:30:00Z,2026-07-25T00:00:00Z,5,70,low
2026-07-24T23:30:00Z,2026-07-25T00:00:00Z,6,7,very low
2026-07-24T23:30:00Z,2026-07-25T00:00:00Z,7,374,very high
2026-07-24T23:30:00Z,2026-07-25T00:00:00Z,8,53,low
2026-07-24T23:30:00Z,2026-07-25T00:00:00Z,9,166,moderate
2026-07-24T23:30:00Z,2026-07-25T00:00:00Z,10,168,moderate
2026-07-24T23:30:00Z,2026-07-25T00:00:00Z,11,379,very high
2026-07-24T23:30:00Z,2026-07-25T00:00:00Z,12,199,high
2026-07-24T23:30:00Z,2026-07-25T00:00:00Z,13,173,high
2026-07-24T23:30:00Z,2026-07-25T00:00:00Z,14,165,moderate
2026-07-24T23:30:00Z,2026-07-25T00:00:00Z,15,130,moderate
2026-07-24T23:30:00Z,2026-07-25T00:00:00Z,16,1,very low
2026-07-24T23:30:00Z,2026-07-25T00:00:00Z,17,82,low
2026-07-24T23:30:00Z,2026-07-25T00:00:00Z,18,115,moderate
2026-07-25T00:00:00Z,2026-07-25T00:30:00Z,1,0,very low
2026-07-25T00:00:00Z,2026-07-25T00:30:00Z,2,2,very low
2026-07-25T00:00:00Z,2026-07-25T00:30:00Z,3,19,very low
2026-07-25T00:00:00Z,2026-07-25T00:30:00Z,4,20,very low
2026-07-25T00:00:00Z,2026-07-25T00:30:00Z,5,70,low
2026-07-25T00:00:00Z,2026-07-25T00:30:00Z,6,8,very low
2026-07-25T00:00:00Z,2026-07-25T00:30:00Z,7,375,very high
2026-07-25T00:00:00Z,2026-07-25T00:30:00Z,8,49,low
2026-07-25T00:00:00Z,2026-07-25T00:30:00Z,9,161,moderate
2026-07-25T00:00:00Z,2026-07-25T00:30:00Z,10,166,moderate
2026-07-25T00:00:00Z,2026-07-25T00:30:00Z,11,379,very high
2026-07-25T00:00:00Z,2026-07-25T00:30:00Z,12,202,high
2026-07-25T00:00:00Z,2026-07-25T00:30:00Z,13,177,high
2026-07-25T00:00:00Z,2026-07-25T00:30:00Z,14,170,high
2026-07-25T00:00:00Z,2026-07-25T00:30:00Z,15,131,moderate
2026-07-25T00:00:00Z,2026-07-25T00:30:00Z,16,2,very low
2026-07-25T00:00:00Z,2026-07-25T00:30:00Z,17,70,low
2026-07-25T00:00:00Z,2026-07-25T00:30:00Z,18,114,moderate
2026-07-25T00:30:00Z,2026-07-25T01:00:00Z,1,0,very low
2026-07-25T00:30:00Z,2026-07-25T01:00:00Z,2,1,very low
2026-07-25T00:30:00Z,2026-07-25T01:00:00Z,3,10,very low
2026-07-25T00:30:00Z,2026-07-25T01:00:00Z,4,18,very low
2026-07-25T00:30:00Z,2026-07-25T01:00:00Z,5,69,low
2026-07-25T00:30:00Z,2026-07-25T01:00:00Z,6,5,very low
2026-07-25T00:30:00Z,2026-07-25T01:00:00Z,7,379,very high
2026-07-25T00:30:00Z,2026-07-25T01:00:00Z,8,41,low
2026-07-25T00:30:00Z,2026-07-25T01:00:00Z,9,136,moderate
2026-07-25T00:30:00Z,2026-07-25T01:00:00Z,10,159,moderate
2026-07-25T00:30:00Z,2026-07-25T01:00:00Z,11,384,very high
2026-07-25T00:30:00Z,2026-07-25T01:00:00Z,12,222,high
2026-07-25T00:30:00Z,2026-07-25T01:00:00Z,13,195,high
2026-07-25T00:30:00Z,2026-07-25T01:00:00Z,14,190,high
2026-07-25T00:30:00Z,2026-07-25T01:00:00Z,15,128,moderate
2026-07-25T00:30:00Z,2026-07-25T01:00:00Z,16,1,very low
2026-07-25T00:30:00Z,2026-07-25T01:00:00Z,17,87,low
2026-07-25T00:30:00Z,2026-07-25T01:00:00Z,18,113,moderate
2026-07-25T01:00:00Z,2026-07-25T01:30:00Z,1,0,very low
2026-07-25T01:00:00Z,2026-07-25T01:30:00Z,2,2,very low
2026-07-25T01:00:00Z,2026-07-25T01:30:00Z,3,6,very low
2026-07-25T01:00:00Z,2026-07-25T01:30:00Z,4,19,very low
2026-07-25T01:00:00Z,2026-07-25T01:30:00Z,5,71,low
2026-07-25T01:00:00Z,2026-07-25T01:30:00Z,6,4,very low
2026-07-25T01:00:00Z,2026-07-25T01:30:00Z,7,377,very high
2026-07-25T01:00:00Z,2026-07-25T01:30:00Z,8,35,low
2026-07-25T01:00:00Z,2026-07-25T01:30:00Z,9,138,moderate
2026-07-25T01:00:00Z,2026-07-25T01:30:00Z,10,153,moderate
2026-07-25T01:00:00Z,2026-07-25T01:30:00Z,11,385,very high
2026-07-25T01:00:00Z,2026-07-25T01:30:00Z,12,234,very high
2026-07-25T01:00:00Z,2026-07-25T01:30:00Z,13,202,high
2026-07-25T01:00:00Z,2026-07-25T01:30:00Z,14,196,high
2026-07-25T01:00:00Z,2026-07-25T01:30:00Z,15,128,moderate
2026-07-25T01:00:00Z,2026-07-25T01:30:00Z,16,2,very low
2026-07-25T01:00:00Z,2026-07-25T01:30:00Z,17,92,moderate
2026-07-25T01:00:00Z,2026-07-25T01:30:00Z,18,113,moderate
2026-07-25T01:30:00Z,2026-07-25T02:00:00Z,1,0,very low
2026-07-25T01:30:00Z,2026-07-25T02:00:00Z,2,2,very low
2026-07-25T01:30:00Z,2026-07-25T02:00:00Z,3,7,very low
2026-07-25T01:30:00Z,2026-07-25T02:00:00Z,4,23,very low
2026-07-25T01:30:00Z,2026-07-25T02:00:00Z,5,74,low
2026-07-25T01:30:00Z,2026-07-25T02:00:00Z,6,6,very low
2026-07-25T01:30:00Z,2026-07-25T02:00:00Z,7,369,very high
2026-07-25T01:30:00Z,2026-07-25T02:00:00Z,8,21,very low
2026-07-25T01:30:00Z,2026-07-25T02:00:00Z,9,135,moderate
2026-07-25T01:30:00Z,2026-07-25T02:00:00Z,10,160,moderate
2026-07-25T01:30:00Z,2026-07-25T02:00:00Z,11,386,very high
2026-07-25T01:30:00Z,2026-07-25T02:00:00Z,12,250,very high
2026-07-25T01:30:00Z,2026-07-25T02:00:00Z,13,215,high
2026-07-25T01:30:00Z,2026-07-25T02:00:00Z,14,212,high
2026-07-25T01:30:00Z,2026-07-25T02:00:00Z,15,134,moderate
2026-07-25T01:30:00Z,2026-07-25T02:00:00Z,16,2,very low
2026-07-25T01:30:00Z,2026-07-25T02:00:00Z,17,97,moderate
2026-07-25T01:30:00Z,2026-07-25T02:00:00Z,18,118,moderate
2026-07-25T02:00:00Z,2026-07-25T02:30:00Z,1,0,very low
2026-07-25T02:00:00Z,2026-07-25T02:30:00Z,2,2,very low
2026-07-25T02:00:00Z,2026-07-25T02:30:00Z,3,6,very low
2026-07-25T02:00:00Z,2026-07-25T02:30:00Z,4,20,very low
2026-07-25T02:00:00Z,2026-07-25T02:30:00Z,5,71,low
2026-07-25T02:00:00Z,2026-07-25T02:30:00Z,6,6,very low
2026-07-25T02:00:00Z,2026-07-25T02:30:00Z,7,366,very high
2026-07-25T02:00:00Z,2026-07-25T02:30:00Z,8,19,very low
2026-07-25T02:00:00Z,2026-07-25T02:30:00Z,9,132,moderate
2026-07-25T02:00:00Z,2026-07-25T02:30:00Z,10,163,moderate
2026-07-25T02:00:00Z,2026-07-25T02:30:00Z,11,386,very high
2026-07-25T02:00:00Z,2026-07-25T02:30:00Z,12,251,very high
2026-07-25T02:00:00Z,2026-07-25T02:30:00Z,13,216,high
2026-07-25T02:00:00Z,2026-07-25T02:30:00Z,14,214,high
2026-07-25T02:00:00Z,2026-07-25T02:30:00Z,15,134,moderate
2026-07-25T02:00:00Z,2026-07-25T02:30:00Z,16,2,very low
2026-07-25T02:00:00Z,2026-07-25T02:30:00Z,17,106,moderate
2026-07-25T02:00:00Z,2026-07-25T02:30:00Z,18,118,moderate
2026-07-25T02:30:00Z,2026-07-25T03:00:00Z,1,0,very low
2026-07-25T02:30:00Z,2026-07-25T03:00:00Z,2,2,very low
2026-07-25T02:30:00Z,2026-07-25T03:00:00Z,3,6,very low
2026-07-25T02:30:00Z,2026-07-25T03:00:00Z,4,19,very low
2026-07-25T02:30:00Z,2026-07-25T03:00:00Z,5,53,low
2026-07-25T02:30:00Z,2026-07-25T03:00:00Z,6,7,very low
2026-07-25T02:30:00Z,2026-07-25T03:00:00Z,7,377,very high
2026-07-25T02:30:00Z,2026-07-25T03:00:00Z,8,28,low
2026-07-25T02:30:00Z,2026-07-25T03:00:00Z,9,122,moderate
2026-07-25T02:30:00Z,2026-07-25T03:00:00Z,10,166,moderate
2026-07-25T02:30:00Z,2026-07-25T03:00:00Z,11,385,very high
2026-07-25T02:30:00Z,2026-07-25T03:00:00Z,12,252,very high
2026-07-25T02:30:00Z,2026-07-25T03:00:00Z,13,229,high
2026-07-25T02:30:00Z,2026-07-25T03:00:00Z,14,234,very high
2026-07-25T02:30:00Z,2026-07-25T03:00:00Z,15,140,moderate
2026-07-25T02:30:00Z,2026-07-25T03:00:00Z,16,2,very low
2026-07-25T02:30:00Z,2026-07-25T03:00:00Z,17,103,moderate
2026-07-25T02:30:00Z,2026-07-25T03:00:00Z,18,124,moderate
2026-07-25T03:00:00Z,2026-07-25T03:30:00Z,1,0,very low
2026-07-25T03:00:00Z,2026-07-25T03:30:00Z,2,1,very low
2026-07-25T03:00:00Z,2026-07-25T03:30:00Z,3,18,very low
2026-07-25T03:00:00Z,2026-07-25T03:30:00Z,4,19,very low
2026-07-25T03:00:00Z,2026-07-25T03:30:00Z,5,55,low
2026-07-25T03:00:00Z,2026-07-25T03:30:00Z,6,10,very low
2026-07-25T03:00:00Z,2026-07-25T03:30:00Z,7,376,very high
2026-07-25T03:00:00Z,2026-07-25T03:30:00Z,8,32,low
2026-07-25T03:00:00Z,2026-07-25T03:30:00Z,9,123,moderate
2026-07-25T03:00:00Z,2026-07-25T03:30:00Z,10,161,moderate
2026-07-25T03:00:00Z,2026-07-25T03:30:00Z,11,385,very high
2026-07-25T03:00:00Z,2026-07-25T03:30:00Z,12,253,very high
2026-07-25T03:00:00Z,2026-07-25T03:30:00Z,13,229,high
2026-07-25T03:00:00Z,2026-07-25T03:30:00Z,14,234,very high
2026-07-25T03:00:00Z,2026-07-25T03:30:00Z,15,139,moderate
2026-07-25T03:00:00Z,2026-07-25T03:30:00Z,16,2,very low
2026-07-25T03:00:00Z,2026-07-25T03:30:00Z,17,123,moderate
2026-07-25T03:00:00Z,2026-07-25T03:30:00Z,18,124,moderate
2026-07-25T03:30:00Z,2026-07-25T04:00:00Z,1,0,very low
2026-07-25T03:30:00Z,2026-07-25T04:00:00Z,2,1,very low
2026-07-25T03:30:00Z,2026-07-25T04:00:00Z,3,23,very low
2026-07-25T03:30:00Z,2026-07-25T04:00:00Z,4,19,very low
2026-07-25T03:30:00Z,2026-07-25T04:00:00Z,5,53,low
2026-07-25T03:30:00Z,2026-07-25T04:00:00Z,6,10,very low
2026-07-25T03:30:00Z,2026-07-25T04:00:00Z,7,381,very high
2026-07-25T03:30:00Z,2026-07-25T04:00:00Z,8,35,low
2026-07-25T03:30:00Z,2026-07-25T04:00:00Z,9,120,moderate
2026-07-25T03:30:00Z,2026-07-25T04:00:00Z,10,157,moderate
2026-07-25T03:30:00Z,2026-07-25T04:00:00Z,11,387,very high
2026-07-25T03:30:00Z,2026-07-25T04:00:00Z,12,237,very high
2026-07-25T03:30:00Z,2026-07-25T04:00:00Z,13,237,very high
2026-07-25T03:30:00Z,2026-07-25T04:00:00Z,14,267,very high
2026-07-25T03:30:00Z,2026-07-25T04:00:00Z,15,140,moderate
2026-07-25T03:30:00Z,2026-07-25T04:00:00Z,16,2,very low
2026-07-25T03:30:00Z,2026-07-25T04:00:00Z,17,126,moderate
2026-07-25T03:30:00Z,2026-07-25T04:00:00Z,18,126,moderate
2026-07-25T04:00:00Z,2026-07-25T04:30:00Z,1,0,very low
2026-07-25T04:00:00Z,2026-07-25T04:30:00Z,2,1,very low
2026-07-25T04:00:00Z,2026-07-25T04:30:00Z,3,25,low
2026-07-25T04:00:00Z,2026-07-25T04:30:00Z,4,19,very low
2026-07-25T04:00:00Z,2026-07-25T04:30:00Z,5,55,low
2026-07-25T04:00:00Z,2026-07-25T04:30:00Z,6,10,very low
2026-07-25T04:00:00Z,2026-07-25T04:30:00Z,7,377,very high
2026-07-25T04:00:00Z,2026-07-25T04:30:00Z,8,31,low
2026-07-25T04:00:00Z,2026-07-25T04:30:00Z,9,119,moderate
2026-07-25T04:00:00Z,2026-07-25T04:30:00Z,10,153,moderate
2026-07-25T04:00:00Z,2026-07-25T04:30:00Z,11,386,very high
2026-07-25T04:00:00Z,2026-07-25T04:30:00Z,12,240,very high
2026-07-25T04:00:00Z,2026-07-25T04:30:00Z,13,231,very high
2026-07-25T04:00:00Z,2026-07-25T04:30:00Z,14,258,very high
2026-07-25T04:00:00Z,2026-07-25T04:30:00Z,15,138,moderate
2026-07-25T04:00:00Z,2026-07-25T04:30:00Z,16,2,very low
2026-07-25T04:00:00Z,2026-07-25T04:30:00Z,17,129,moderate
2026-07-25T04:00:00Z,2026-07-25T04:30:00Z,18,123,moderate
2026-07-25T04:30:00Z,2026-07-25T05:00:00Z,1,0,very low
2026-07-25T04:30:00Z,2026-07-25T05:00:00Z,2,1,very low
2026-07-25T04:30:00Z,2026-07-25T05:00:00Z,3,24,very low
2026-07-25T04:30:00Z,2026-07-25T05:00:00Z,4,19,very low
2026-07-25T04:30:00Z,2026-07-25T05:00:00Z,5,56,low
2026-07-25T04:30:00Z,2026-07-25T05:00:00Z,6,11,very low
2026-07-25T04:30:00Z,2026-07-25T05:00:00Z,7,375,very high
2026-07-25T04:30:00Z,2026-07-25T05:00:00Z,8,34,low
2026-07-25T04:30:00Z,2026-07-25T05:00:00Z,9,111,moderate
2026-07-25T04:30:00Z,2026-07-25T05:00:00Z,10,135,moderate
2026-07-25T04:30:00Z,2026-07-25T05:00:00Z,11,382,very high
2026-07-25T04:30:00Z,2026-07-25T05:00:00Z,12,234,very high
2026-07-25T04:30:00Z,2026-07-25T05:00:00Z,13,221,high
2026-07-25T04:30:00Z,2026-07-25T05:00:00Z,14,242,very high
2026-07-25T04:30:00Z,2026-07-25T05:00:00Z,15,131,moderate
2026-07-25T04:30:00Z,2026-07-25T05:00:00Z,16,2,very low
2026-07-25T04:30:00Z,2026-07-25T05:00:00Z,17,123,moderate
2026-07-25T04:30:00Z,2026-07-25T05:00:00Z,18,118,moderate
2026-07-25T05:00:00Z,2026-07-25T05:30:00Z,1,0,very low
2026-07-25T05:00:00Z,2026-07-25T05:30:00Z,2,1,very low
2026-07-25T05:00:00Z,2026-07-25T05:30:00Z,3,27,low
2026-07-25T05:00:00Z,2026-07-25T05:30:00Z,4,20,very low
2026-07-25T05:00:00Z,2026-07-25T05:30:00Z,5,53,low
2026-07-25T05:00:00Z,2026-07-25T05:30:00Z,6,12,very low
2026-07-25T05:00:00Z,2026-07-25T05:30:00Z,7,370,very high
2026-07-25T05:00:00Z,2026-07-25T05:30:00Z,8,46,low
2026-07-25T05:00:00Z,2026-07-25T05:30:00Z,9,98,moderate
2026-07-25T05:00:00Z,2026-07-25T05:30:00Z,10,128,moderate
2026-07-25T05:00:00Z,2026-07-25T05:30:00Z,11,374,very high
2026-07-25T05:00:00Z,2026-07-25T05:30:00Z,12,212,high
2026-07-25T05:00:00Z,2026-07-25T05:30:00Z,13,204,high
2026-07-25T05:00:00Z,2026-07-25T05:30:00Z,14,229,high
2026-07-25T05:00:00Z,2026-07-25T05:30:00Z,15,123,moderate
2026-07-25T05:00:00Z,2026-07-25T05:30:00Z,16,2,very low
2026-07-25T05:00:00Z,2026-07-25T05:30:00Z,17,117,moderate
2026-07-25T05:00:00Z,2026-07-25T05:30:00Z,18,111,moderate
2026-07-25T05:30:00Z,2026-07-25T06:00:00Z,1,0,very low
2026-07-25T05:30:00Z,2026-07-25T06:00:00Z,2,1,very low
2026-07-25T05:30:00Z,2026-07-25T06:00:00Z,3,30,low
2026-07-25T05:30:00Z,2026-07-25T06:00:00Z,4,20,very low
2026-07-25T05:30:00Z,2026-07-25T06:00:00Z,5,49,low
2026-07-25T05:30:00Z,2026-07-25T06:00:00Z,6,10,very low
2026-07-25T05:30:00Z,2026-07-25T06:00:00Z,7,335,very high
2026-07-25T05:30:00Z,2026-07-25T06:00:00Z,8,33,low
2026-07-25T05:30:00Z,2026-07-25T06:00:00Z,9,84,low
2026-07-25T05:30:00Z,2026-07-25T06:00:00Z,10,107,moderate
2026-07-25T05:30:00Z,2026-07-25T06:00:00Z,11,340,very high
2026-07-25T05:30:00Z,2026-07-25T06:00:00Z,12,166,moderate
2026-07-25T05:30:00Z,2026-07-25T06:00:00Z,13,163,moderate
2026-07-25T05:30:00Z,2026-07-25T06:00:00Z,14,182,high
2026-07-25T05:30:00Z,2026-07-25T06:00:00Z,15,102,moderate
2026-07-25T05:30:00Z,2026-07-25T06:00:00Z,16,1,very low
2026-07-25T05:30:00Z,2026-07-25T06:00:00Z,17,96,moderate
2026-07-25T05:30:00Z,2026-07-25T06:00:00Z,18,91,moderate
2026-07-25T06:00:00Z,2026-07-25T06:30:00Z,1,0,very low
2026-07-25T06:00:00Z,2026-07-25T06:30:00Z,2,1,very low
2026-07-25T06:00:00Z,2026-07-25T06:30:00Z,3,35,low
2026-07-25T06:00:00Z,2026-07-25T06:30:00Z,4,15,very low
2026-07-25T06:00:00Z,2026-07-25T06:30:00Z,5,42,low
2026-07-25T06:00:00Z,2026-07-25T06:30:00Z,6,12,very low
2026-07-25T06:00:00Z,2026-07-25T06:30:00Z,7,296,very high
2026-07-25T06:00:00Z,2026-07-25T06:30:00Z,8,26,low
2026-07-25T06:00:00Z,2026-07-25T06:30:00Z,9,65,low
2026-07-25T06:00:00Z,2026-07-25T06:30:00Z,10,75,low
2026-07-25T06:00:00Z,2026-07-25T06:30:00Z,11,301,very high
2026-07-25T06:00:00Z,2026-07-25T06:30:00Z,12,145,moderate
2026-07-25T06:00:00Z,2026-07-25T06:30:00Z,13,135,moderate
2026-07-25T06:00:00Z,2026-07-25T06:30:00Z,14,147,moderate
2026-07-25T06:00:00Z,2026-07-25T06:30:00Z,15,86,low
2026-07-25T06:00:00Z,2026-07-25T06:30:00Z,16,1,very low
2026-07-25T06:00:00Z,2026-07-25T06:30:00Z,17,79,low
2026-07-25T06:00:00Z,2026-07-25T06:30:00Z,18,77,low
2026-07-25T06:30:00Z,2026-07-25T07:00:00Z,1,0,very low
2026-07-25T06:30:00Z,2026-07-25T07:00:00Z,2,1,very low
2026-07-25T06:30:00Z,2026-07-25T07:00:00Z,3,33,low
2026-07-25T06:30:00Z,2026-07-25T07:00:00Z,4,11,very low
2026-07-25T06:30:00Z,2026-07-25T07:00:00Z,5,32,low
2026-07-25T06:30:00Z,2026-07-25T07:00:00Z,6,10,very low
2026-07-25T06:30:00Z,2026-07-25T07:00:00Z,7,202,high
2026-07-25T06:30:00Z,2026-07-25T07:00:00Z,8,21,very low
2026-07-25T06:30:00Z,2026-07-25T07:00:00Z,9,50,low
2026-07-25T06:30:00Z,2026-07-25T07:00:00Z,10,83,low
2026-07-25T06:30:00Z,2026-07-25T07:00:00Z,11,253,very high
2026-07-25T06:30:00Z,2026-07-25T07:00:00Z,12,112,moderate
2026-07-25T06:30:00Z,2026-07-25T07:00:00Z,13,124,moderate
2026-07-25T06:30:00Z,2026-07-25T07:00:00Z,14,150,moderate
2026-07-25T06:30:00Z,2026-07-25T07:00:00Z,15,76,low
2026-07-25T06:30:00Z,2026-07-25T07:00:00Z,16,1,very low
2026-07-25T06:30:00Z,2026-07-25T07:00:00Z,17,52,low
2026-07-25T06:30:00Z,2026-07-25T07:00:00Z,18,68,low
2026-07-25T07:00:00Z,2026-07-25T07:30:00Z,1,0,very low
2026-07-25T07:00:00Z,2026-07-25T07:30:00Z,2,1,very low
2026-07-25T07:00:00Z,2026-07-25T07:30:00Z,3,29,low
2026-07-25T07:00:00Z,2026-07-25T07:30:00Z,4,12,very low
2026-07-25T07:00:00Z,2026-07-25T07:30:00Z,5,28,low
2026-07-25T07:00:00Z,2026-07-25T07:30:00Z,6,10,very low
2026-07-25T07:00:00Z,2026-07-25T07:30:00Z,7,172,high
2026-07-25T07:00:00Z,2026-07-25T07:30:00Z,8,18,very low
2026-07-25T07:00:00Z,2026-07-25T07:30:00Z,9,36,low
2026-07-25T07:00:00Z,2026-07-25T07:30:00Z,10,72,low
2026-07-25T07:00:00Z,2026-07-25T07:30:00Z,11,224,high
2026-07-25T07:00:00Z,2026-07-25T07:30:00Z,12,91,moderate
2026-07-25T07:00:00Z,2026-07-25T07:30:00Z,13,108,moderate
2026-07-25T07:00:00Z,2026-07-25T07:30:00Z,14,139,moderate
2026-07-25T07:00:00Z,2026-07-25T07:30:00Z,15,66,low
2026-07-25T07:00:00Z,2026-07-25T07:30:00Z,16,1,very low
2026-07-25T07:00:00Z,2026-07-25T07:30:00Z,17,42,low
2026-07-25T07:00:00Z,2026-07-25T07:30:00Z,18,59,low
2026-07-25T07:30:00Z,2026-07-25T08:00:00Z,1,0,very low
2026-07-25T07:30:00Z,2026-07-25T08:00:00Z,2,1,very low
2026-07-25T07:30:00Z,2026-07-25T08:00:00Z,3,33,low
2026-07-25T07:30:00Z,2026-07-25T08:00:00Z,4,15,very low
2026-07-25T07:30:00Z,2026-07-25T08:00:00Z,5,28,low
2026-07-25T07:30:00Z,2026-07-25T08:00:00Z,6,12,very low
2026-07-25T07:30:00Z,2026-07-25T08:00:00Z,7,146,moderate
2026-07-25T07:30:00Z,2026-07-25T08:00:00Z,8,21,very low
2026-07-25T07:30:00Z,2026-07-25T08:00:00Z,9,35,low
2026-07-25T07:30:00Z,2026-07-25T08:00:00Z,10,61,low
2026-07-25T07:30:00Z,2026-07-25T08:00:00Z,11,194,high
2026-07-25T07:30:00Z,2026-07-25T08:00:00Z,12,82,low
2026-07-25T07:30:00Z,2026-07-25T08:00:00Z,13,94,moderate
2026-07-25T07:30:00Z,2026-07-25T08:00:00Z,14,115,moderate
2026-07-25T07:30:00Z,2026-07-25T08:00:00Z,15,60,low
2026-07-25T07:30:00Z,2026-07-25T08:00:00Z,16,1,very low
2026-07-25T07:30:00Z,2026-07-25T08:00:00Z,17,41,low
2026-07-25T07:30:00Z,2026-07-25T08:00:00Z,18,54,low
2026-07-25T08:00:00Z,2026-07-25T08:30:00Z,1,0,very low
2026-07-25T08:00:00Z,2026-07-25T08:30:00Z,2,1,very low
2026-07-25T08:00:00Z,2026-07-25T08:30:00Z,3,32,low
2026-07-25T08:00:00Z,2026-07-25T08:30:00Z,4,14,very low
2026-07-25T08:00:00Z,2026-07-25T08:30:00Z,5,23,very low
2026-07-25T08:00:00Z,2026-07-25T08:30:00Z,6,11,very low
2026-07-25T08:00:00Z,2026-07-25T08:30:00Z,7,120,moderate
2026-07-25T08:00:00Z,2026-07-25T08:30:00Z,8,19,very low
2026-07-25T08:00:00Z,2026-07-25T08:30:00Z,9,25,low
2026-07-25T08:00:00Z,2026-07-25T08:30:00Z,10,58,low
2026-07-25T08:00:00Z,2026-07-25T08:30:00Z,11,175,high
2026-07-25T08:00:00Z,2026-07-25T08:30:00Z,12,73,low
2026-07-25T08:00:00Z,2026-07-25T08:30:00Z,13,91,moderate
2026-07-25T08:00:00Z,2026-07-25T08:30:00Z,14,116,moderate
2026-07-25T08:00:00Z,2026-07-25T08:30:00Z,15,55,low
2026-07-25T08:00:00Z,2026-07-25T08:30:00Z,16,1,very low
2026-07-25T08:00:00Z,2026-07-25T08:30:00Z,17,30,low
2026-07-25T08:00:00Z,2026-07-25T08:30:00Z,18,50,low
2026-07-25T08:30:00Z,2026-07-25T09:00:00Z,1,0,very low
2026-07-25T08:30:00Z,2026-07-25T09:00:00Z,2,1,very low
2026-07-25T08:30:00Z,2026-07-25T09:00:00Z,3,27,low
2026-07-25T08:30:00Z,2026-07-25T09:00:00Z,4,10,very low
2026-07-25T08:30:00Z,2026-07-25T09:00:00Z,5,18,very low
2026-07-25T08:30:00Z,2026-07-25T09:00:00Z,6,8,very low
2026-07-25T08:30:00Z,2026-07-25T09:00:00Z,7,96,moderate
2026-07-25T08:30:00Z,2026-07-25T09:00:00Z,8,15,very low
2026-07-25T08:30:00Z,2026-07-25T09:00:00Z,9,16,very low
2026-07-25T08:30:00Z,2026-07-25T09:00:00Z,10,92,moderate
2026-07-25T08:30:00Z,2026-07-25T09:00:00Z,11,141,moderate
2026-07-25T08:30:00Z,2026-07-25T09:00:00Z,12,57,low
2026-07-25T08:30:00Z,2026-07-25T09:00:00Z,13,86,low
2026-07-25T08:30:00Z,2026-07-25T09:00:00Z,14,106,moderate
2026-07-25T08:30:00Z,2026-07-25T09:00:00Z,15,52,low
2026-07-25T08:30:00Z,2026-07-25T09:00:00Z,16,1,very low
2026-07-25T08:30:00Z,2026-07-25T09:00:00Z,17,25,low
2026-07-25T08:30:00Z,2026-07-25T09:00:00Z,18,47,low
2026-07-25T09:00:00Z,2026-07-25T09:30:00Z,1,0,very low
2026-07-25T09:00:00Z,2026-07-25T09:30:00Z,2,1,very low
2026-07-25T09:00:00Z,2026-07-25T09:30:00Z,3,25,low
2026-07-25T09:00:00Z,2026-07-25T09:30:00Z,4,11,very low
2026-07-25T09:00:00Z,2026-07-25T09:30:00Z,5,15,very low
2026-07-25T09:00:00Z,2026-07-25T09:30:00Z,6,7,very low
2026-07-25T09:00:00Z,2026-07-25T09:30:00Z,7,75,low
2026-07-25T09:00:00Z,2026-07-25T09:30:00Z,8,14,very low
2026-07-25T09:00:00Z,2026-07-25T09:30:00Z,9,11,very low
2026-07-25T09:00:00Z,2026-07-25T09:30:00Z,10,86,low
2026-07-25T09:00:00Z,2026-07-25T09:30:00Z,11,122,moderate
2026-07-25T09:00:00Z,2026-07-25T09:30:00Z,12,52,low
2026-07-25T09:00:00Z,2026-07-25T09:30:00Z,13,78,low
2026-07-25T09:00:00Z,2026-07-25T09:30:00Z,14,93,moderate
2026-07-25T09:00:00Z,2026-07-25T09:30:00Z,15,46,low
2026-07-25T09:00:00Z,2026-07-25T09:30:00Z,16,1,very low
2026-07-25T09:00:00Z,2026-07-25T09:30:00Z,17,21,very low
2026-07-25T09:00:00Z,2026-07-25T09:30:00Z,18,42,low
2026-07-25T09:30:00Z,2026-07-25T10:00:00Z,1,0,very low
2026-07-25T09:30:00Z,2026-07-25T10:00:00Z,2,1,very low
2026-07-25T09:30:00Z,2026-07-25T10:00:00Z,3,21,very low
2026-07-25T09:30:00Z,2026-07-25T10:00:00Z,4,14,very low
2026-07-25T09:30:00Z,2026-07-25T10:00:00Z,5,11,very low
2026-07-25T09:30:00Z,2026-07-25T10:00:00Z,6,6,very low
2026-07-25T09:30:00Z,2026-07-25T10:00:00Z,7,69,low
2026-07-25T09:30:00Z,2026-07-25T10:00:00Z,8,11,very low
2026-07-25T09:30:00Z,2026-07-25T10:00:00Z,9,7,very low
2026-07-25T09:30:00Z,2026-07-25T10:00:00Z,10,108,moderate
2026-07-25T09:30:00Z,2026-07-25T10:00:00Z,11,107,moderate
2026-07-25T09:30:00Z,2026-07-25T10:00:00Z,12,53,low
2026-07-25T09:30:00Z,2026-07-25T10:00:00Z,13,83,low
2026-07-25T09:30:00Z,2026-07-25T10:00:00Z,14,90,moderate
2026-07-25T09:30:00Z,2026-07-25T10:00:00Z,15,48,low
2026-07-25T09:30:00Z,2026-07-25T10:00:00Z,16,1,very low
2026-07-25T09:30:00Z,2026-07-25T10:00:00Z,17,21,very low
2026-07-25T09:30:00Z,2026-07-25T10:00:00Z,18,43,low
2026-07-25T10:00:00Z,2026-07-25T10:30:00Z,1,0,very low
2026-07-25T10:00:00Z,2026-07-25T10:30:00Z,2,1,very low
2026-07-25T10:00:00Z,2026-07-25T10:30:00Z,3,16,very low
2026-07-25T10:00:00Z,2026-07-25T10:30:00Z,4,13,very low
2026-07-25T10:00:00Z,2026-07-25T10:30:00Z,5,9,very low
2026-07-25T10:00:00Z,2026-07-25T10:30:00Z,6,4,very low
2026-07-25T10:00:00Z,2026-07-25T10:30:00Z,7,53,low
2026-07-25T10:00:00Z,2026-07-25T10:30:00Z,8,8,very low
2026-07-25T10:00:00Z,2026-07-25T10:30:00Z,9,6,very low
2026-07-25T10:00:00Z,2026-07-25T10:30:00Z,10,102,moderate
2026-07-25T10:00:00Z,2026-07-25T10:30:00Z,11,103,moderate
2026-07-25T10:00:00Z,2026-07-25T10:30:00Z,12,49,low
2026-07-25T10:00:00Z,2026-07-25T10:30:00Z,13,82,low
2026-07-25T10:00:00Z,2026-07-25T10:30:00Z,14,91,moderate
2026-07-25T10:00:00Z,2026-07-25T10:30:00Z,15,45,low
2026-07-25T10:00:00Z,2026-07-25T10:30:00Z,16,1,very low
2026-07-25T10:00:00Z,2026-07-25T10:30:00Z,17,20,very low
2026-07-25T10:00:00Z,2026-07-25T10:30:00Z,18,40,low
2026-07-25T10:30:00Z,2026-07-25T11:00:00Z,1,0,very low
2026-07-25T10:30:00Z,2026-07-25T11:00:00Z,2,1,very low
2026-07-25T10:30:00Z,2026-07-25T11:00:00Z,3,16,very low
2026-07-25T10:30:00Z,2026-07-25T11:00:00Z,4,12,very low
2026-07-25T10:30:00Z,2026-07-25T11:00:00Z,5,10,very low
2026-07-25T10:30:00Z,2026-07-25T11:00:00Z,6,4,very low
2026-07-25T10:30:00Z,2026-07-25T11:00:00Z,7,51,low
2026-07-25T10:30:00Z,2026-07-25T11:00:00Z,8,8,very low
2026-07-25T10:30:00Z,2026-07-25T11:00:00Z,9,6,very low
2026-07-25T10:30:00Z,2026-07-25T11:00:00Z,10,87,low
2026-07-25T10:30:00Z,2026-07-25T11:00:00Z,11,91,moderate
2026-07-25T10:30:00Z,2026-07-25T11:00:00Z,12,47,low
2026-07-25T10:30:00Z,2026-07-25T11:00:00Z,13,77,low
2026-07-25T10:30:00Z,2026-07-25T11:00:00Z,14,89,low
2026-07-25T10:30:00Z,2026-07-25T11:00:00Z,15,41,low
2026-07-25T10:30:00Z,2026-07-25T11:00:00Z,16,1,very low
2026-07-25T10:30:00Z,2026-07-25T11:00:00Z,17,28,low
2026-07-25T10:30:00Z,2026-07-25T11:00:00Z,18,37,low
2026-07-25T11:00:00Z,2026-07-25T11:30:00Z,1,0,very low
2026-07-25T11:00:00Z,2026-07-25T11:30:00Z,2,1,very low
2026-07-25T11:00:00Z,2026-07-25T11:30:00Z,3,17,very low
2026-07-25T11:00:00Z,2026-07-25T11:30:00Z,4,12,very low
2026-07-25T11:00:00Z,2026-07-25T11:30:00Z,5,10,very low
2026-07-25T11:00:00Z,2026-07-25T11:30:00Z,6,5,very low
2026-07-25T11:00:00Z,2026-07-25T11:30:00Z,7,54,low
2026-07-25T11:00:00Z,2026-07-25T11:30:00Z,8,9,very low
2026-07-25T11:00:00Z,2026-07-25T11:30:00Z,9,6,very low
2026-07-25T11:00:00Z,2026-07-25T11:30:00Z,10,85,low
2026-07-25T11:00:00Z,2026-07-25T11:30:00Z,11,90,moderate
2026-07-25T11:00:00Z,2026-07-25T11:30:00Z,12,47,low
2026-07-25T11:00:00Z,2026-07-25T11:30:00Z,13,73,low
2026-07-25T11:00:00Z,2026-07-25T11:30:00Z,14,83,low
2026-07-25T11:00:00Z,2026-07-25T11:30:00Z,15,41,low
2026-07-25T11:00:00Z,2026-07-25T11:30:00Z,16,1,very low
2026-07-25T11:00:00Z,2026-07-25T11:30:00Z,17,19,very low
2026-07-25T11:00:00Z,2026-07-25T11:30:00Z,18,37,low
2026-07-25T11:30:00Z,2026-07-25T12:00:00Z,1,0,very low
2026-07-25T11:30:00Z,2026-07-25T12:00:00Z,2,1,very low
2026-07-25T11:30:00Z,2026-07-25T12:00:00Z,3,15,very low
2026-07-25T11:30:00Z,2026-07-25T12:00:00Z,4,12,very low
2026-07-25T11:30:00Z,2026-07-25T12:00:00Z,5,11,very low
2026-07-25T11:30:00Z,2026-07-25T12:00:00Z,6,7,very low
2026-07-25T11:30:00Z,2026-07-25T12:00:00Z,7,61,low
2026-07-25T11:30:00Z,2026-07-25T12:00:00Z,8,8,very low
2026-07-25T11:30:00Z,2026-07-25T12:00:00Z,9,7,very low
2026-07-25T11:30:00Z,2026-07-25T12:00:00Z,10,89,low
2026-07-25T11:30:00Z,2026-07-25T12:00:00Z,11,83,low
2026-07-25T11:30:00Z,2026-07-25T12:00:00Z,12,47,low
2026-07-25T11:30:00Z,2026-07-25T12:00:00Z,13,75,low
2026-07-25T11:30:00Z,2026-07-25T12:00:00Z,14,81,low
2026-07-25T11:30:00Z,2026-07-25T12:00:00Z,15,42,low
2026-07-25T11:30:00Z,2026-07-25T12:00:00Z,16,1,very low
2026-07-25T11:30:00Z,2026-07-25T12:00:00Z,17,24,very low
2026-07-25T11:30:00Z,2026-07-25T12:00:00Z,18,37,low
2026-07-25T12:00:00Z,2026-07-25T12:30:00Z,1,0,very low
2026-07-25T12:00:00Z,2026-07-25T12:30:00Z,2,1,very low
2026-07-25T12:00:00Z,2026-07-25T12:30:00Z,3,15,very low
2026-07-25T12:00:00Z,2026-07-25T12:30:00Z,4,11,very low
2026-07-25T12:00:00Z,2026-07-25T12:30:00Z,5,10,very low
2026-07-25T12:00:00Z,2026-07-25T12:30:00Z,6,6,very low
2026-07-25T12:00:00Z,2026-07-25T12:30:00Z,7,60,low
2026-07-25T12:00:00Z,2026-07-25T12:30:00Z,8,8,very low
2026-07-25T12:00:00Z,2026-07-25T12:30:00Z,9,7,very low
2026-07-25T12:00:00Z,2026-07-25T12:30:00Z,10,87,low
2026-07-25T12:00:00Z,2026-07-25T12:30:00Z,11,84,low
2026-07-25T12:00:00Z,2026-07-25T12:30:00Z,12,47,low
2026-07-25T12:00:00Z,2026-07-25T12:30:00Z,13,71,low
2026-07-25T12:00:00Z,2026-07-25T12:30:00Z,14,73,low
2026-07-25T12:00:00Z,2026-07-25T12:30:00Z,15,40,low
2026-07-25T12:00:00Z,2026-07-25T12:30:00Z,16,1,very low
2026-07-25T12:00:00Z,2026-07-25T12:30:00Z,17,35,low
2026-07-25T12:00:00Z,2026-07-25T12:30:00Z,18,37,low
2026-07-25T12:30:00Z,2026-07-25T13:00:00Z,1,0,very low
2026-07-25T12:30:00Z,2026-07-25T13:00:00Z,2,1,very low
2026-07-25T12:30:00Z,2026-07-25T13:00:00Z,3,16,very low
2026-07-25T12:30:00Z,2026-07-25T13:00:00Z,4,10,very low
2026-07-25T12:30:00Z,2026-07-25T13:00:00Z,5,10,very low
2026-07-25T12:30:00Z,2026-07-25T13:00:00Z,6,7,very low
2026-07-25T12:30:00Z,2026-07-25T13:00:00Z,7,64,low
2026-07-25T12:30:00Z,2026-07-25T13:00:00Z,8,9,very low
2026-07-25T12:30:00Z,2026-07-25T13:00:00Z,9,9,very low
2026-07-25T12:30:00Z,2026-07-25T13:00:00Z,10,53,low
2026-07-25T12:30:00Z,2026-07-25T13:00:00Z,11,85,low
2026-07-25T12:30:00Z,2026-07-25T13:00:00Z,12,42,low
2026-07-25T12:30:00Z,2026-07-25T13:00:00Z,13,54,low
2026-07-25T12:30:00Z,2026-07-25T13:00:00Z,14,68,low
2026-07-25T12:30:00Z,2026-07-25T13:00:00Z,15,34,low
2026-07-25T12:30:00Z,2026-07-25T13:00:00Z,16,1,very low
2026-07-25T12:30:00Z,2026-07-25T13:00:00Z,17,37,low
2026-07-25T12:30:00Z,2026-07-25T13:00:00Z,18,32,low
2026-07-25T13:00:00Z,2026-07-25T13:30:00Z,1,0,very low
2026-07-25T13:00:00Z,2026-07-25T13:30:00Z,2,1,very low
2026-07-25T13:00:00Z,2026-07-25T13:30:00Z,3,16,very low
2026-07-25T13:00:00Z,2026-07-25T13:30:00Z,4,10,very low
2026-07-25T13:00:00Z,2026-07-25T13:30:00Z,5,10,very low
2026-07-25T13:00:00Z,2026-07-25T13:30:00Z,6,10,very low
2026-07-25T13:00:00Z,2026-07-25T13:30:00Z,7,73,low
2026-07-25T13:00:00Z,2026-07-25T13:30:00Z,8,10,very low
2026-07-25T13:00:00Z,2026-07-25T13:30:00Z,9,13,very low
2026-07-25T13:00:00Z,2026-07-25T13:30:00Z,10,52,low
2026-07-25T13:00:00Z,2026-07-25T13:30:00Z,11,83,low
2026-07-25T13:00:00Z,2026-07-25T13:30:00Z,12,44,low
2026-07-25T13:00:00Z,2026-07-25T13:30:00Z,13,55,low
2026-07-25T13:00:00Z,2026-07-25T13:30:00Z,14,68,low
2026-07-25T13:00:00Z,2026-07-25T13:30:00Z,15,35,low
2026-07-25T13:00:00Z,2026-07-25T13:30:00Z,16,1,very low
2026-07-25T13:00:00Z,2026-07-25T13:30:00Z,17,40,low
2026-07-25T13:00:00Z,2026-07-25T13:30:00Z,18,33,low
2026-07-25T13:30:00Z,2026-07-25T14:00:00Z,1,0,very low
2026-07-25T13:30:00Z,2026-07-25T14:00:00Z,2,1,very low
2026-07-25T13:30:00Z,2026-07-25T14:00:00Z,3,17,very low
2026-07-25T13:30:00Z,2026-07-25T14:00:00Z,4,10,very low
2026-07-25T13:30:00Z,2026-07-25T14:00:00Z,5,11,very low
2026-07-25T13:30:00Z,2026-07-25T14:00:00Z,6,12,very low
2026-07-25T13:30:00Z,2026-07-25T14:00:00Z,7,68,low
2026-07-25T13:30:00Z,2026-07-25T14:00:00Z,8,11,very low
2026-07-25T13:30:00Z,2026-07-25T14:00:00Z,9,8,very low
2026-07-25T13:30:00Z,2026-07-25T14:00:00Z,10,67,low
2026-07-25T13:30:00Z,2026-07-25T14:00:00Z,11,89,low
2026-07-25T13:30:00Z,2026-07-25T14:00:00Z,12,47,low
2026-07-25T13:30:00Z,2026-07-25T14:00:00Z,13,60,low
2026-07-25T13:30:00Z,2026-07-25T14:00:00Z,14,62,low
2026-07-25T13:30:00Z,2026-07-25T14:00:00Z,15,39,low
2026-07-25T13:30:00Z,2026-07-25T14:00:00Z,16,1,very low
2026-07-25T13:30:00Z,2026-07-25T14:00:00Z,17,23,very low
2026-07-25T13:30:00Z,2026-07-25T14:00:00Z,18,35,low
2026-07-25T14:00:00Z,2026-07-25T14:30:00Z,1,0,very low
2026-07-25T14:00:00Z,2026-07-25T14:30:00Z,2,1,very low
2026-07-25T14:00:00Z,2026-07-25T14:30:00Z,3,15,very low
2026-07-25T14:00:00Z,2026-07-25T14:30:00Z,4,11,very low
2026-07-25T14:00:00Z,2026-07-25T14:30:00Z,5,11,very low
2026-07-25T14:00:00Z,2026-07-25T14:30:00Z,6,14,very low
2026-07-25T14:00:00Z,2026-07-25T14:30:00Z,7,61,low
2026-07-25T14:00:00Z,2026-07-25T14:30:00Z,8,12,very low
2026-07-25T14:00:00Z,2026-07-25T14:30:00Z,9,11,very low
2026-07-25T14:00:00Z,2026-07-25T14:30:00Z,10,66,low
2026-07-25T14:00:00Z,2026-07-25T14:30:00Z,11,87,low
2026-07-25T14:00:00Z,2026-07-25T14:30:00Z,12,46,low
2026-07-25T14:00:00Z,2026-07-25T14:30:00Z,13,58,low
2026-07-25T14:00:00Z,2026-07-25T14:30:00Z,14,58,low
2026-07-25T14:00:00Z,2026-07-25T14:30:00Z,15,39,low
2026-07-25T14:00:00Z,2026-07-25T14:30:00Z,16,1,very low
2026-07-25T14:00:00Z,2026-07-25T14:30:00Z,17,18,very low
2026-07-25T14:00:00Z,2026-07-25T14:30:00Z,18,35,low
2026-07-25T14:30:00Z,2026-07-25T15:00:00Z,1,0,very low
2026-07-25T14:30:00Z,2026-07-25T15:00:00Z,2,1,very low
2026-07-25T14:30:00Z,2026-07-25T15:00:00Z,3,15,very low
2026-07-25T14:30:00Z,2026-07-25T15:00:00Z,4,12,very low
2026-07-25T14:30:00Z,2026-07-25T15:00:00Z,5,10,very low
2026-07-25T14:30:00Z,2026-07-25T15:00:00Z,6,11,very low
2026-07-25T14:30:00Z,2026-07-25T15:00:00Z,7,48,low
2026-07-25T14:30:00Z,2026-07-25T15:00:00Z,8,11,very low
2026-07-25T14:30:00Z,2026-07-25T15:00:00Z,9,12,very low
2026-07-25T14:30:00Z,2026-07-25T15:00:00Z,10,63,low
2026-07-25T14:30:00Z,2026-07-25T15:00:00Z,11,91,moderate
2026-07-25T14:30:00Z,2026-07-25T15:00:00Z,12,61,low
2026-07-25T14:30:00Z,2026-07-25T15:00:00Z,13,64,low
2026-07-25T14:30:00Z,2026-07-25T15:00:00Z,14,66,low
2026-07-25T14:30:00Z,2026-07-25T15:00:00Z,15,40,low
2026-07-25T14:30:00Z,2026-07-25T15:00:00Z,16,1,very low
2026-07-25T14:30:00Z,2026-07-25T15:00:00Z,17,11,very low
2026-07-25T14:30:00Z,2026-07-25T15:00:00Z,18,35,low
2026-07-25T15:00:00Z,2026-07-25T15:30:00Z,1,0,very low
2026-07-25T15:00:00Z,2026-07-25T15:30:00Z,2,1,very low
2026-07-25T15:00:00Z,2026-07-25T15:30:00Z,3,17,very low
2026-07-25T15:00:00Z,2026-07-25T15:30:00Z,4,16,very low
2026-07-25T15:00:00Z,2026-07-25T15:30:00Z,5,13,very low
2026-07-25T15:00:00Z,2026-07-25T15:30:00Z,6,10,very low
2026-07-25T15:00:00Z,2026-07-25T15:30:00Z,7,54,low
2026-07-25T15:00:00Z,2026-07-25T15:30:00Z,8,11,very low
2026-07-25T15:00:00Z,2026-07-25T15:30:00Z,9,14,very low
2026-07-25T15:00:00Z,2026-07-25T15:30:00Z,10,72,low
2026-07-25T15:00:00Z,2026-07-25T15:30:00Z,11,97,moderate
2026-07-25T15:00:00Z,2026-07-25T15:30:00Z,12,64,low
2026-07-25T15:00:00Z,2026-07-25T15:30:00Z,13,69,low
2026-07-25T15:00:00Z,2026-07-25T15:30:00Z,14,69,low
2026-07-25T15:00:00Z,2026-07-25T15:30:00Z,15,43,low
2026-07-25T15:00:00Z,2026-07-25T15:30:00Z,16,1,very low
2026-07-25T15:00:00Z,2026-07-25T15:30:00Z,17,13,very low
2026-07-25T15:00:00Z,2026-07-25T15:30:00Z,18,38,low
2026-07-25T15:30:00Z,2026-07-25T16:00:00Z,1,0,very low
2026-07-25T15:30:00Z,2026-07-25T16:00:00Z,2,2,very low
2026-07-25T15:30:00Z,2026-07-25T16:00:00Z,3,18,very low
2026-07-25T15:30:00Z,2026-07-25T16:00:00Z,4,19,very low
2026-07-25T15:30:00Z,2026-07-25T16:00:00Z,5,14,very low
2026-07-25T15:30:00Z,2026-07-25T16:00:00Z,6,7,very low
2026-07-25T15:30:00Z,2026-07-25T16:00:00Z,7,36,low
2026-07-25T15:30:00Z,2026-07-25T16:00:00Z,8,11,very low
2026-07-25T15:30:00Z,2026-07-25T16:00:00Z,9,17,very low
2026-07-25T15:30:00Z,2026-07-25T16:00:00Z,10,120,moderate
2026-07-25T15:30:00Z,2026-07-25T16:00:00Z,11,103,moderate
2026-07-25T15:30:00Z,2026-07-25T16:00:00Z,12,62,low
2026-07-25T15:30:00Z,2026-07-25T16:00:00Z,13,78,low
2026-07-25T15:30:00Z,2026-07-25T16:00:00Z,14,63,low
2026-07-25T15:30:00Z,2026-07-25T16:00:00Z,15,53,low
2026-07-25T15:30:00Z,2026-07-25T16:00:00Z,16,2,very low
2026-07-25T15:30:00Z,2026-07-25T16:00:00Z,17,15,very low
2026-07-25T15:30:00Z,2026-07-25T16:00:00Z,18,46,low
2026-07-25T16:00:00Z,2026-07-25T16:30:00Z,1,0,very low
2026-07-25T16:00:00Z,2026-07-25T16:30:00Z,2,2,very low
2026-07-25T16:00:00Z,2026-07-25T16:30:00Z,3,21,very low
2026-07-25T16:00:00Z,2026-07-25T16:30:00Z,4,28,low
2026-07-25T16:00:00Z,2026-07-25T16:30:00Z,5,22,very low
2026-07-25T16:00:00Z,2026-07-25T16:30:00Z,6,7,very low
2026-07-25T16:00:00Z,2026-07-25T16:30:00Z,7,38,low
2026-07-25T16:00:00Z,2026-07-25T16:30:00Z,8,13,very low
2026-07-25T16:00:00Z,2026-07-25T16:30:00Z,9,18,very low
2026-07-25T16:00:00Z,2026-07-25T16:30:00Z,10,122,moderate
2026-07-25T16:00:00Z,2026-07-25T16:30:00Z,11,115,moderate
2026-07-25T16:00:00Z,2026-07-25T16:30:00Z,12,59,low
2026-07-25T16:00:00Z,2026-07-25T16:30:00Z,13,83,low
2026-07-25T16:00:00Z,2026-07-25T16:30:00Z,14,71,low
2026-07-25T16:00:00Z,2026-07-25T16:30:00Z,15,53,low
2026-07-25T16:00:00Z,2026-07-25T16:30:00Z,16,3,very low
2026-07-25T16:00:00Z,2026-07-25T16:30:00Z,17,30,low
2026-07-25T16:00:00Z,2026-07-25T16:30:00Z,18,48,low
2026-07-25T16:30:00Z,2026-07-25T17:00:00Z,1,0,very low
2026-07-25T16:30:00Z,2026-07-25T17:00:00Z,2,2,very low
2026-07-25T16:30:00Z,2026-07-25T17:00:00Z,3,25,low
2026-07-25T16:30:00Z,2026-07-25T17:00:00Z,4,33,low
2026-07-25T16:30:00Z,2026-07-25T17:00:00Z,5,31,low
2026-07-25T16:30:00Z,2026-07-25T17:00:00Z,6,11,very low
2026-07-25T16:30:00Z,2026-07-25T17:00:00Z,7,50,low
2026-07-25T16:30:00Z,2026-07-25T17:00:00Z,8,17,very low
2026-07-25T16:30:00Z,2026-07-25T17:00:00Z,9,25,low
2026-07-25T16:30:00Z,2026-07-25T17:00:00Z,10,115,moderate
2026-07-25T16:30:00Z,2026-07-25T17:00:00Z,11,156,moderate
2026-07-25T16:30:00Z,2026-07-25T17:00:00Z,12,70,low
2026-07-25T16:30:00Z,2026-07-25T17:00:00Z,13,84,low
2026-07-25T16:30:00Z,2026-07-25T17:00:00Z,14,72,low
2026-07-25T16:30:00Z,2026-07-25T17:00:00Z,15,57,low
2026-07-25T16:30:00Z,2026-07-25T17:00:00Z,16,2,very low
2026-07-25T16:30:00Z,2026-07-25T17:00:00Z,17,39,low
2026-07-25T16:30:00Z,2026-07-25T17:00:00Z,18,52,low
2026-07-25T17:00:00Z,2026-07-25T17:30:00Z,1,0,very low
2026-07-25T17:00:00Z,2026-07-25T17:30:00Z,2,2,very low
2026-07-25T17:00:00Z,2026-07-25T17:30:00Z,3,29,low
2026-07-25T17:00:00Z,2026-07-25T17:30:00Z,4,32,low
2026-07-25T17:00:00Z,2026-07-25T17:30:00Z,5,35,low
2026-07-25T17:00:00Z,2026-07-25T17:30:00Z,6,21,very low
2026-07-25T17:00:00Z,2026-07-25T17:30:00Z,7,63,low
2026-07-25T17:00:00Z,2026-07-25T17:30:00Z,8,24,very low
2026-07-25T17:00:00Z,2026-07-25T17:30:00Z,9,31,low
2026-07-25T17:00:00Z,2026-07-25T17:30:00Z,10,129,moderate
2026-07-25T17:00:00Z,2026-07-25T17:30:00Z,11,178,high
2026-07-25T17:00:00Z,2026-07-25T17:30:00Z,12,80,low
2026-07-25T17:00:00Z,2026-07-25T17:30:00Z,13,99,moderate
2026-07-25T17:00:00Z,2026-07-25T17:30:00Z,14,89,low
2026-07-25T17:00:00Z,2026-07-25T17:30:00Z,15,67,low
2026-07-25T17:00:00Z,2026-07-25T17:30:00Z,16,2,very low
2026-07-25T17:00:00Z,2026-07-25T17:30:00Z,17,46,low
2026-07-25T17:00:00Z,2026-07-25T17:30:00Z,18,61,low
2026-07-25T17:30:00Z,2026-07-25T18:00:00Z,1,0,very low
2026-07-25T17:30:00Z,2026-07-25T18:00:00Z,2,1,very low
2026-07-25T17:30:00Z,2026-07-25T18:00:00Z,3,30,low
2026-07-25T17:30:00Z,2026-07-25T18:00:00Z,4,26,low
2026-07-25T17:30:00Z,2026-07-25T18:00:00Z,5,37,low
2026-07-25T17:30:00Z,2026-07-25T18:00:00Z,6,23,very low
2026-07-25T17:30:00Z,2026-07-25T18:00:00Z,7,83,low
2026-07-25T17:30:00Z,2026-07-25T18:00:00Z,8,25,low
2026-07-25T17:30:00Z,2026-07-25T18:00:00Z,9,30,low
2026-07-25T17:30:00Z,2026-07-25T18:00:00Z,10,107,moderate
2026-07-25T17:30:00Z,2026-07-25T18:00:00Z,11,214,high
2026-07-25T17:30:00Z,2026-07-25T18:00:00Z,12,85,low
2026-07-25T17:30:00Z,2026-07-25T18:00:00Z,13,91,moderate
2026-07-25T17:30:00Z,2026-07-25T18:00:00Z,14,85,low
2026-07-25T17:30:00Z,2026-07-25T18:00:00Z,15,65,low
2026-07-25T17:30:00Z,2026-07-25T18:00:00Z,16,1,very low
2026-07-25T17:30:00Z,2026-07-25T18:00:00Z,17,57,low
2026-07-25T17:30:00Z,2026-07-25T18:00:00Z,18,60,low
2026-07-25T18:00:00Z,2026-07-25T18:30:00Z,1,0,very low
2026-07-25T18:00:00Z,2026-07-25T18:30:00Z,2,1,very low
2026-07-25T18:00:00Z,2026-07-25T18:30:00Z,3,27,low
2026-07-25T18:00:00Z,2026-07-25T18:30:00Z,4,22,very low
2026-07-25T18:00:00Z,2026-07-25T18:30:00Z,5,39,low
2026-07-25T18:00:00Z,2026-07-25T18:30:00Z,6,23,very low
2026-07-25T18:00:00Z,2026-07-25T18:30:00Z,7,89,low
2026-07-25T18:00:00Z,2026-07-25T18:30:00Z,8,26,low
2026-07-25T18:00:00Z,2026-07-25T18:30:00Z,9,39,low
2026-07-25T18:00:00Z,2026-07-25T18:30:00Z,10,108,moderate
2026-07-25T18:00:00Z,2026-07-25T18:30:00Z,11,229,high
2026-07-25T18:00:00Z,2026-07-25T18:30:00Z,12,89,low
2026-07-25T18:00:00Z,2026-07-25T18:30:00Z,13,91,moderate
2026-07-25T18:00:00Z,2026-07-25T18:30:00Z,14,84,low
2026-07-25T18:00:00Z,2026-07-25T18:30:00Z,15,66,low
2026-07-25T18:00:00Z,2026-07-25T18:30:00Z,16,1,very low
2026-07-25T18:00:00Z,2026-07-25T18:30:00Z,17,56,low
2026-07-25T18:00:00Z,2026-07-25T18:30:00Z,18,61,low
2026-07-25T18:30:00Z,2026-07-25T19:00:00Z,1,0,very low
2026-07-25T18:30:00Z,2026-07-25T19:00:00Z,2,1,very low
2026-07-25T18:30:00Z,2026-07-25T19:00:00Z,3,24,very low
2026-07-25T18:30:00Z,2026-07-25T19:00:00Z,4,21,very low
2026-07-25T18:30:00Z,2026-07-25T19:00:00Z,5,40,low
2026-07-25T18:30:00Z,2026-07-25T19:00:00Z,6,20,very low
2026-07-25T18:30:00Z,2026-07-25T19:00:00Z,7,94,moderate
2026-07-25T18:30:00Z,2026-07-25T19:00:00Z,8,25,low
2026-07-25T18:30:00Z,2026-07-25T19:00:00Z,9,50,low
2026-07-25T18:30:00Z,2026-07-25T19:00:00Z,10,142,moderate
2026-07-25T18:30:00Z,2026-07-25T19:00:00Z,11,251,very high
2026-07-25T18:30:00Z,2026-07-25T19:00:00Z,12,93,moderate
2026-07-25T18:30:00Z,2026-07-25T19:00:00Z,13,102,moderate
2026-07-25T18:30:00Z,2026-07-25T19:00:00Z,14,87,low
2026-07-25T18:30:00Z,2026-07-25T19:00:00Z,15,75,low
2026-07-25T18:30:00Z,2026-07-25T19:00:00Z,16,1,very low
2026-07-25T18:30:00Z,2026-07-25T19:00:00Z,17,57,low
2026-07-25T18:30:00Z,2026-07-25T19:00:00Z,18,69,low
2026-07-25T19:00:00Z,2026-07-25T19:30:00Z,1,0,very low
2026-07-25T19:00:00Z,2026-07-25T19:30:00Z,2,1,very low
2026-07-25T19:00:00Z,2026-07-25T19:30:00Z,3,23,very low
2026-07-25T19:00:00Z,2026-07-25T19:30:00Z,4,20,very low
2026-07-25T19:00:00Z,2026-07-25T19:30:00Z,5,42,low
2026-07-25T19:00:00Z,2026-07-25T19:30:00Z,6,19,very low
2026-07-25T19:00:00Z,2026-07-25T19:30:00Z,7,120,moderate
2026-07-25T19:00:00Z,2026-07-25T19:30:00Z,8,26,low
2026-07-25T19:00:00Z,2026-07-25T19:30:00Z,9,58,low
2026-07-25T19:00:00Z,2026-07-25T19:30:00Z,10,58,low
2026-07-25T19:00:00Z,2026-07-25T19:30:00Z,11,280,very high
2026-07-25T19:00:00Z,2026-07-25T19:30:00Z,12,90,moderate
2026-07-25T19:00:00Z,2026-07-25T19:30:00Z,13,81,low
2026-07-25T19:00:00Z,2026-07-25T19:30:00Z,14,89,low
2026-07-25T19:00:00Z,2026-07-25T19:30:00Z,15,69,low
2026-07-25T19:00:00Z,2026-07-25T19:30:00Z,16,1,very low
2026-07-25T19:00:00Z,2026-07-25T19:30:00Z,17,94,moderate
2026-07-25T19:00:00Z,2026-07-25T19:30:00Z,18,62,low
2026-07-25T19:30:00Z,2026-07-25T20:00:00Z,1,0,very low
2026-07-25T19:30:00Z,2026-07-25T20:00:00Z,2,1,very low
2026-07-25T19:30:00Z,2026-07-25T20:00:00Z,3,26,low
2026-07-25T19:30:00Z,2026-07-25T20:00:00Z,4,20,very low
2026-07-25T19:30:00Z,2026-07-25T20:00:00Z,5,45,low
2026-07-25T19:30:00Z,2026-07-25T20:00:00Z,6,21,very low
2026-07-25T19:30:00Z,2026-07-25T20:00:00Z,7,111,moderate
2026-07-25T19:30:00Z,2026-07-25T20:00:00Z,8,29,low
2026-07-25T19:30:00Z,2026-07-25T20:00:00Z,9,67,low
2026-07-25T19:30:00Z,2026-07-25T20:00:00Z,10,57,low
2026-07-25T19:30:00Z,2026-07-25T20:00:00Z,11,288,very high
2026-07-25T19:30:00Z,2026-07-25T20:00:00Z,12,98,moderate
2026-07-25T19:30:00Z,2026-07-25T20:00:00Z,13,86,low
2026-07-25T19:30:00Z,2026-07-25T20:00:00Z,14,98,moderate
2026-07-25T19:30:00Z,2026-07-25T20:00:00Z,15,75,low
2026-07-25T19:30:00Z,2026-07-25T20:00:00Z,16,1,very low
2026-07-25T19:30:00Z,2026-07-25T20:00:00Z,17,97,moderate
2026-07-25T19:30:00Z,2026-07-25T20:00:00Z,18,67,low
2026-07-25T20:00:00Z,2026-07-25T20:30:00Z,1,0,very low
2026-07-25T20:00:00Z,2026-07-25T20:30:00Z,2,1,very low
2026-07-25T20:00:00Z,2026-07-25T20:30:00Z,3,24,very low
2026-07-25T20:00:00Z,2026-07-25T20:30:00Z,4,20,very low
2026-07-25T20:00:00Z,2026-07-25T20:30:00Z,5,47,low
2026-07-25T20:00:00Z,2026-07-25T20:30:00Z,6,23,very low
2026-07-25T20:00:00Z,2026-07-25T20:30:00Z,7,206,high
2026-07-25T20:00:00Z,2026-07-25T20:30:00Z,8,30,low
2026-07-25T20:00:00Z,2026-07-25T20:30:00Z,9,73,low
2026-07-25T20:00:00Z,2026-07-25T20:30:00Z,10,75,low
2026-07-25T20:00:00Z,2026-07-25T20:30:00Z,11,284,very high
2026-07-25T20:00:00Z,2026-07-25T20:30:00Z,12,96,moderate
2026-07-25T20:00:00Z,2026-07-25T20:30:00Z,13,92,moderate
2026-07-25T20:00:00Z,2026-07-25T20:30:00Z,14,100,moderate
2026-07-25T20:00:00Z,2026-07-25T20:30:00Z,15,69,low
2026-07-25T20:00:00Z,2026-07-25T20:30:00Z,16,1,very low
2026-07-25T20:00:00Z,2026-07-25T20:30:00Z,17,92,moderate
2026-07-25T20:00:00Z,2026-07-25T20:30:00Z,18,67,low
2026-07-25T20:30:00Z,2026-07-25T21:00:00Z,1,0,very low
2026-07-25T20:30:00Z,2026-07-25T21:00:00Z,2,2,very low
2026-07-25T20:30:00Z,2026-07-25T21:00:00Z,3,21,very low
2026-07-25T20:30:00Z,2026-07-25T21:00:00Z,4,20,very low
2026-07-25T20:30:00Z,2026-07-25T21:00:00Z,5,46,low
2026-07-25T20:30:00Z,2026-07-25T21:00:00Z,6,21,very low
2026-07-25T20:30:00Z,2026-07-25T21:00:00Z,7,208,high
2026-07-25T20:30:00Z,2026-07-25T21:00:00Z,8,27,low
2026-07-25T20:30:00Z,2026-07-25T21:00:00Z,9,74,low
2026-07-25T20:30:00Z,2026-07-25T21:00:00Z,10,102,moderate
2026-07-25T20:30:00Z,2026-07-25T21:00:00Z,11,287,very high
2026-07-25T20:30:00Z,2026-07-25T21:00:00Z,12,94,moderate
2026-07-25T20:30:00Z,2026-07-25T21:00:00Z,13,100,moderate
2026-07-25T20:30:00Z,2026-07-25T21:00:00Z,14,101,moderate
2026-07-25T20:30:00Z,2026-07-25T21:00:00Z,15,67,low
2026-07-25T20:30:00Z,2026-07-25T21:00:00Z,16,2,very low
2026-07-25T20:30:00Z,2026-07-25T21:00:00Z,17,81,low
2026-07-25T20:30:00Z,2026-07-25T21:00:00Z,18,67,low
2026-07-25T21:00:00Z,2026-07-25T21:30:00Z,1,0,very low
2026-07-25T21:00:00Z,2026-07-25T21:30:00Z,2,2,very low
2026-07-25T21:00:00Z,2026-07-25T21:30:00Z,3,17,very low
2026-07-25T21:00:00Z,2026-07-25T21:30:00Z,4,18,very low
2026-07-25T21:00:00Z,2026-07-25T21:30:00Z,5,47,low
2026-07-25T21:00:00Z,2026-07-25T21:30:00Z,6,20,very low
2026-07-25T21:00:00Z,2026-07-25T21:30:00Z,7,214,high
2026-07-25T21:00:00Z,2026-07-25T21:30:00Z,8,26,low
2026-07-25T21:00:00Z,2026-07-25T21:30:00Z,9,77,low
2026-07-25T21:00:00Z,2026-07-25T21:30:00Z,10,78,low
2026-07-25T21:00:00Z,2026-07-25T21:30:00Z,11,294,very high
2026-07-25T21:00:00Z,2026-07-25T21:30:00Z,12,95,moderate
2026-07-25T21:00:00Z,2026-07-25T21:30:00Z,13,96,moderate
2026-07-25T21:00:00Z,2026-07-25T21:30:00Z,14,102,moderate
2026-07-25T21:00:00Z,2026-07-25T21:30:00Z,15,68,low
2026-07-25T21:00:00Z,2026-07-25T21:30:00Z,16,2,very low
2026-07-25T21:00:00Z,2026-07-25T21:30:00Z,17,80,low
2026-07-25T21:00:00Z,2026-07-25T21:30:00Z,18,66,low
2026-07-25T21:30:00Z,2026-07-25T22:00:00Z,1,0,very low
2026-07-25T21:30:00Z,2026-07-25T22:00:00Z,2,2,very low
2026-07-25T21:30:00Z,2026-07-25T22:00:00Z,3,16,very low
2026-07-25T21:30:00Z,2026-07-25T22:00:00Z,4,17,very low
2026-07-25T21:30:00Z,2026-07-25T22:00:00Z,5,45,low
2026-07-25T21:30:00Z,2026-07-25T22:00:00Z,6,15,very low
2026-07-25T21:30:00Z,2026-07-25T22:00:00Z,7,255,very high
2026-07-25T21:30:00Z,2026-07-25T22:00:00Z,8,23,very low
2026-07-25T21:30:00Z,2026-07-25T22:00:00Z,9,73,low
2026-07-25T21:30:00Z,2026-07-25T22:00:00Z,10,97,moderate
2026-07-25T21:30:00Z,2026-07-25T22:00:00Z,11,304,very high
2026-07-25T21:30:00Z,2026-07-25T22:00:00Z,12,98,moderate
2026-07-25T21:30:00Z,2026-07-25T22:00:00Z,13,102,moderate
2026-07-25T21:30:00Z,2026-07-25T22:00:00Z,14,104,moderate
2026-07-25T21:30:00Z,2026-07-25T22:00:00Z,15,77,low
2026-07-25T21:30:00Z,2026-07-25T22:00:00Z,16,2,very low
2026-07-25T21:30:00Z,2026-07-25T22:00:00Z,17,80,low
2026-07-25T21:30:00Z,2026-07-25T22:00:00Z,18,72,low
2026-07-25T22:00:00Z,2026-07-25T22:30:00Z,1,0,very low
2026-07-25T22:00:00Z,2026-07-25T22:30:00Z,2,2,very low
2026-07-25T22:00:00Z,2026-07-25T22:30:00Z,3,16,very low
2026-07-25T22:00:00Z,2026-07-25T22:30:00Z,4,16,very low
2026-07-25T22:00:00Z,2026-07-25T22:30:00Z,5,44,low
2026-07-25T22:00:00Z,2026-07-25T22:30:00Z,6,9,very low
2026-07-25T22:00:00Z,2026-07-25T22:30:00Z,7,262,very high
2026-07-25T22:00:00Z,2026-07-25T22:30:00Z,8,19,very low
2026-07-25T22:00:00Z,2026-07-25T22:30:00Z,9,62,low
2026-07-25T22:00:00Z,2026-07-25T22:30:00Z,10,83,low
2026-07-25T22:00:00Z,2026-07-25T22:30:00Z,11,304,very high
2026-07-25T22:00:00Z,2026-07-25T22:30:00Z,12,101,moderate
2026-07-25T22:00:00Z,2026-07-25T22:30:00Z,13,108,moderate
2026-07-25T22:00:00Z,2026-07-25T22:30:00Z,14,115,moderate
2026-07-25T22:00:00Z,2026-07-25T22:30:00Z,15,79,low
2026-07-25T22:00:00Z,2026-07-25T22:30:00Z,16,2,very low
2026-07-25T22:00:00Z,2026-07-25T22:30:00Z,17,83,low
2026-07-25T22:00:00Z,2026-07-25T22:30:00Z,18,73,low
2026-07-25T22:30:00Z,2026-07-25T23:00:00Z,1,0,very low
2026-07-25T22:30:00Z,2026-07-25T23:00:00Z,2,2,very low
2026-07-25T22:30:00Z,2026-07-25T23:00:00Z,3,13,very low
2026-07-25T22:30:00Z,2026-07-25T23:00:00Z,4,15,very low
2026-07-25T22:30:00Z,2026-07-25T23:00:00Z,5,39,low
2026-07-25T22:30:00Z,2026-07-25T23:00:00Z,6,5,very low
2026-07-25T22:30:00Z,2026-07-25T23:00:00Z,7,271,very high
2026-07-25T22:30:00Z,2026-07-25T23:00:00Z,8,16,very low
2026-07-25T22:30:00Z,2026-07-25T23:00:00Z,9,65,low
2026-07-25T22:30:00Z,2026-07-25T23:00:00Z,10,64,low
2026-07-25T22:30:00Z,2026-07-25T23:00:00Z,11,309,very high
2026-07-25T22:30:00Z,2026-07-25T23:00:00Z,12,116,moderate
2026-07-25T22:30:00Z,2026-07-25T23:00:00Z,13,109,moderate
2026-07-25T22:30:00Z,2026-07-25T23:00:00Z,14,118,moderate
2026-07-25T22:30:00Z,2026-07-25T23:00:00Z,15,81,low
2026-07-25T22:30:00Z,2026-07-25T23:00:00Z,16,2,very low
2026-07-25T22:30:00Z,2026-07-25T23:00:00Z,17,86,low
2026-07-25T22:30:00Z,2026-07-25T23:00:00Z,18,74,low
2026-07-25T23:00:00Z,2026-07-25T23:30:00Z,1,0,very low
2026-07-25T23:00:00Z,2026-07-25T23:30:00Z,2,2,very low
2026-07-25T23:00:00Z,2026-07-25T23:30:00Z,3,15,very low
2026-07-25T23:00:00Z,2026-07-25T23:30:00Z,4,13,very low
2026-07-25T23:00:00Z,2026-07-25T23:30:00Z,5,33,low
2026-07-25T23:00:00Z,2026-07-25T23:30:00Z,6,5,very low
2026-07-25T23:00:00Z,2026-07-25T23:30:00Z,7,260,very high
2026-07-25T23:00:00Z,2026-07-25T23:30:00Z,8,16,very low
2026-07-25T23:00:00Z,2026-07-25T23:30:00Z,9,62,low
2026-07-25T23:00:00Z,2026-07-25T23:30:00Z,10,73,low
2026-07-25T23:00:00Z,2026-07-25T23:30:00Z,11,308,very high
2026-07-25T23:00:00Z,2026-07-25T23:30:00Z,12,120,moderate
2026-07-25T23:00:00Z,2026-07-25T23:30:00Z,13,111,moderate
2026-07-25T23:00:00Z,2026-07-25T23:30:00Z,14,117,moderate
2026-07-25T23:00:00Z,2026-07-25T23:30:00Z,15,83,low
2026-07-25T23:00:00Z,2026-07-25T23:30:00Z,16,1,very low
2026-07-25T23:00:00Z,2026-07-25T23:30:00Z,17,72,low
2026-07-25T23:00:00Z,2026-07-25T23:30:00Z,18,75,low
2026-07-25T23:30:00Z,2026-07-26T00:00:00Z,1,0,very low
2026-07-25T23:30:00Z,2026-07-26T00:00:00Z,2,2,very low
2026-07-25T23:30:00Z,2026-07-26T00:00:00Z,3,24,very low
2026-07-25T23:30:00Z,2026-07-26T00:00:00Z,4,14,very low
2026-07-25T23:30:00Z,2026-07-26T00:00:00Z,5,39,low
2026-07-25T23:30:00Z,2026-07-26T00:00:00Z,6,15,very low
2026-07-25T23:30:00Z,2026-07-26T00:00:00Z,7,274,very high
2026-07-25T23:30:00Z,2026-07-26T00:00:00Z,8,24,very low
2026-07-25T23:30:00Z,2026-07-26T00:00:00Z,9,62,low
2026-07-25T23:30:00Z,2026-07-26T00:00:00Z,10,203,high
2026-07-25T23:30:00Z,2026-07-26T00:00:00Z,11,295,very high
2026-07-25T23:30:00Z,2026-07-26T00:00:00Z,12,112,moderate
2026-07-25T23:30:00Z,2026-07-26T00:00:00Z,13,108,moderate
2026-07-25T23:30:00Z,2026-07-26T00:00:00Z,14,103,moderate
2026-07-25T23:30:00Z,2026-07-26T00:00:00Z,15,81,low
2026-07-25T23:30:00Z,2026-07-26T00:00:00Z,16,2,very low
2026-07-25T23:30:00Z,2026-07-26T00:00:00Z,17,72,low
2026-07-25T23:30:00Z,2026-07-26T00:00:00Z,18,83,low
2026-07-26T00:00:00Z,2026-07-26T00:30:00Z,1,0,very low
2026-07-26T00:00:00Z,2026-07-26T00:30:00Z,2,2,very low
2026-07-26T00:00:00Z,2026-07-26T00:30:00Z,3,22,very low
2026-07-26T00:00:00Z,2026-07-26T00:30:00Z,4,14,very low
2026-07-26T00:00:00Z,2026-07-26T00:30:00Z,5,39,low
2026-07-26T00:00:00Z,2026-07-26T00:30:00Z,6,11,very low
2026-07-26T00:00:00Z,2026-07-26T00:30:00Z,7,282,very high
2026-07-26T00:00:00Z,2026-07-26T00:30:00Z,8,20,very low
2026-07-26T00:00:00Z,2026-07-26T00:30:00Z,9,59,low
2026-07-26T00:00:00Z,2026-07-26T00:30:00Z,10,184,high
2026-07-26T00:00:00Z,2026-07-26T00:30:00Z,11,282,very high
2026-07-26T00:00:00Z,2026-07-26T00:30:00Z,12,107,moderate
2026-07-26T00:00:00Z,2026-07-26T00:30:00Z,13,111,moderate
2026-07-26T00:00:00Z,2026-07-26T00:30:00Z,14,102,moderate
2026-07-26T00:00:00Z,2026-07-26T00:30:00Z,15,82,low
2026-07-26T00:00:00Z,2026-07-26T00:30:00Z,16,2,very low
2026-07-26T00:00:00Z,2026-07-26T00:30:00Z,17,69,low
2026-07-26T00:00:00Z,2026-07-26T00:30:00Z,18,82,low
2026-07-26T00:30:00Z,2026-07-26T01:00:00Z,1,0,very low
2026-07-26T00:30:00Z,2026-07-26T01:00:00Z,2,2,very low
2026-07-26T00:30:00Z,2026-07-26T01:00:00Z,3,20,very low
2026-07-26T00:30:00Z,2026-07-26T01:00:00Z,4,14,very low
2026-07-26T00:30:00Z,2026-07-26T01:00:00Z,5,40,low
2026-07-26T00:30:00Z,2026-07-26T01:00:00Z,6,11,very low
2026-07-26T00:30:00Z,2026-07-26T01:00:00Z,7,265,very high
2026-07-26T00:30:00Z,2026-07-26T01:00:00Z,8,20,very low
2026-07-26T00:30:00Z,2026-07-26T01:00:00Z,9,61,low
2026-07-26T00:30:00Z,2026-07-26T01:00:00Z,10,71,low
2026-07-26T00:30:00Z,2026-07-26T01:00:00Z,11,274,very high
2026-07-26T00:30:00Z,2026-07-26T01:00:00Z,12,97,moderate
2026-07-26T00:30:00Z,2026-07-26T01:00:00Z,13,96,moderate
2026-07-26T00:30:00Z,2026-07-26T01:00:00Z,14,101,moderate
2026-07-26T00:30:00Z,2026-07-26T01:00:00Z,15,65,low
2026-07-26T00:30:00Z,2026-07-26T01:00:00Z,16,2,very low
2026-07-26T00:30:00Z,2026-07-26T01:00:00Z,17,101,moderate
2026-07-26T00:30:00Z,2026-07-26T01:00:00Z,18,66,low
2026-07-26T01:00:00Z,2026-07-26T01:30:00Z,1,0,very low
2026-07-26T01:00:00Z,2026-07-26T01:30:00Z,2,1,very low
2026-07-26T01:00:00Z,2026-07-26T01:30:00Z,3,17,very low
2026-07-26T01:00:00Z,2026-07-26T01:30:00Z,4,13,very low
2026-07-26T01:00:00Z,2026-07-26T01:30:00Z,5,39,low
2026-07-26T01:00:00Z,2026-07-26T01:30:00Z,6,9,very low
2026-07-26T01:00:00Z,2026-07-26T01:30:00Z,7,257,very high
2026-07-26T01:00:00Z,2026-07-26T01:30:00Z,8,22,very low
2026-07-26T01:00:00Z,2026-07-26T01:30:00Z,9,60,low
2026-07-26T01:00:00Z,2026-07-26T01:30:00Z,10,76,low
2026-07-26T01:00:00Z,2026-07-26T01:30:00Z,11,275,very high
2026-07-26T01:00:00Z,2026-07-26T01:30:00Z,12,105,moderate
2026-07-26T01:00:00Z,2026-07-26T01:30:00Z,13,100,moderate
2026-07-26T01:00:00Z,2026-07-26T01:30:00Z,14,105,moderate
2026-07-26T01:00:00Z,2026-07-26T01:30:00Z,15,67,low
2026-07-26T01:00:00Z,2026-07-26T01:30:00Z,16,2,very low
2026-07-26T01:00:00Z,2026-07-26T01:30:00Z,17,98,moderate
2026-07-26T01:00:00Z,2026-07-26T01:30:00Z,18,67,low
2026-07-26T01:30:00Z,2026-07-26T02:00:00Z,1,0,very low
2026-07-26T01:30:00Z,2026-07-26T02:00:00Z,2,2,very low
2026-07-26T01:30:00Z,2026-07-26T02:00:00Z,3,20,very low
2026-07-26T01:30:00Z,2026-07-26T02:00:00Z,4,16,very low
2026-07-26T01:30:00Z,2026-07-26T02:00:00Z,5,39,low
2026-07-26T01:30:00Z,2026-07-26T02:00:00Z,6,9,very low
2026-07-26T01:30:00Z,2026-07-26T02:00:00Z,7,242,very high
2026-07-26T01:30:00Z,2026-07-26T02:00:00Z,8,23,very low
2026-07-26T01:30:00Z,2026-07-26T02:00:00Z,9,65,low
2026-07-26T01:30:00Z,2026-07-26T02:00:00Z,10,76,low
2026-07-26T01:30:00Z,2026-07-26T02:00:00Z,11,284,very high
2026-07-26T01:30:00Z,2026-07-26T02:00:00Z,12,120,moderate
2026-07-26T01:30:00Z,2026-07-26T02:00:00Z,13,96,moderate
2026-07-26T01:30:00Z,2026-07-26T02:00:00Z,14,94,moderate
2026-07-26T01:30:00Z,2026-07-26T02:00:00Z,15,70,low
2026-07-26T01:30:00Z,2026-07-26T02:00:00Z,16,2,very low
2026-07-26T01:30:00Z,2026-07-26T02:00:00Z,17,77,low
2026-07-26T01:30:00Z,2026-07-26T02:00:00Z,18,69,low
2026-07-26T02:00:00Z,2026-07-26T02:30:00Z,1,0,very low
2026-07-26T02:00:00Z,2026-07-26T02:30:00Z,2,1,very low
2026-07-26T02:00:00Z,2026-07-26T02:30:00Z,3,18,very low
2026-07-26T02:00:00Z,2026-07-26T02:30:00Z,4,16,very low
2026-07-26T02:00:00Z,2026-07-26T02:30:00Z,5,39,low
2026-07-26T02:00:00Z,2026-07-26T02:30:00Z,6,10,very low
2026-07-26T02:00:00Z,2026-07-26T02:30:00Z,7,238,very high
2026-07-26T02:00:00Z,2026-07-26T02:30:00Z,8,25,low
2026-07-26T02:00:00Z,2026-07-26T02:30:00Z,9,55,low
2026-07-26T02:00:00Z,2026-07-26T02:30:00Z,10,71,low
2026-07-26T02:00:00Z,2026-07-26T02:30:00Z,11,291,very high
2026-07-26T02:00:00Z,2026-07-26T02:30:00Z,12,134,moderate
2026-07-26T02:00:00Z,2026-07-26T02:30:00Z,13,96,moderate
2026-07-26T02:00:00Z,2026-07-26T02:30:00Z,14,93,moderate
2026-07-26T02:00:00Z,2026-07-26T02:30:00Z,15,70,low
2026-07-26T02:00:00Z,2026-07-26T02:30:00Z,16,2,very low
2026-07-26T02:00:00Z,2026-07-26T02:30:00Z,17,77,low
2026-07-26T02:00:00Z,2026-07-26T02:30:00Z,18,68,low
2026-07-26T02:30:00Z,2026-07-26T03:00:00Z,1,0,very low
2026-07-26T02:30:00Z,2026-07-26T03:00:00Z,2,1,very low
2026-07-26T02:30:00Z,2026-07-26T03:00:00Z,3,15,very low
2026-07-26T02:30:00Z,2026-07-26T03:00:00Z,4,18,very low
2026-07-26T02:30:00Z,2026-07-26T03:00:00Z,5,41,low
2026-07-26T02:30:00Z,2026-07-26T03:00:00Z,6,10,very low
2026-07-26T02:30:00Z,2026-07-26T03:00:00Z,7,221,high
2026-07-26T02:30:00Z,2026-07-26T03:00:00Z,8,21,very low
2026-07-26T02:30:00Z,2026-07-26T03:00:00Z,9,55,low
2026-07-26T02:30:00Z,2026-07-26T03:00:00Z,10,72,low
2026-07-26T02:30:00Z,2026-07-26T03:00:00Z,11,291,very high
2026-07-26T02:30:00Z,2026-07-26T03:00:00Z,12,148,moderate
2026-07-26T02:30:00Z,2026-07-26T03:00:00Z,13,103,moderate
2026-07-26T02:30:00Z,2026-07-26T03:00:00Z,14,99,moderate
2026-07-26T02:30:00Z,2026-07-26T03:00:00Z,15,71,low
2026-07-26T02:30:00Z,2026-07-26T03:00:00Z,16,2,very low
2026-07-26T02:30:00Z,2026-07-26T03:00:00Z,17,83,low
2026-07-26T02:30:00Z,2026-07-26T03:00:00Z,18,69,low
2026-07-26T03:00:00Z,2026-07-26T03:30:00Z,1,0,very low
2026-07-26T03:00:00Z,2026-07-26T03:30:00Z,2,2,very low
2026-07-26T03:00:00Z,2026-07-26T03:30:00Z,3,19,very low
2026-07-26T03:00:00Z,2026-07-26T03:30:00Z,4,21,very low
2026-07-26T03:00:00Z,2026-07-26T03:30:00Z,5,40,low
2026-07-26T03:00:00Z,2026-07-26T03:30:00Z,6,9,very low
2026-07-26T03:00:00Z,2026-07-26T03:30:00Z,7,228,high
2026-07-26T03:00:00Z,2026-07-26T03:30:00Z,8,27,low
2026-07-26T03:00:00Z,2026-07-26T03:30:00Z,9,57,low
2026-07-26T03:00:00Z,2026-07-26T03:30:00Z,10,66,low
2026-07-26T03:00:00Z,2026-07-26T03:30:00Z,11,283,very high
2026-07-26T03:00:00Z,2026-07-26T03:30:00Z,12,144,moderate
2026-07-26T03:00:00Z,2026-07-26T03:30:00Z,13,95,moderate
2026-07-26T03:00:00Z,2026-07-26T03:30:00Z,14,91,moderate
2026-07-26T03:00:00Z,2026-07-26T03:30:00Z,15,70,low
2026-07-26T03:00:00Z,2026-07-26T03:30:00Z,16,2,very low
2026-07-26T03:00:00Z,2026-07-26T03:30:00Z,17,78,low
2026-07-26T03:00:00Z,2026-07-26T03:30:00Z,18,68,low
2026-07-26T03:30:00Z,2026-07-26T04:00:00Z,1,0,very low
2026-07-26T03:30:00Z,2026-07-26T04:00:00Z,2,1,very low
2026-07-26T03:30:00Z,2026-07-26T04:00:00Z,3,19,very low
2026-07-26T03:30:00Z,2026-07-26T04:00:00Z,4,23,very low
2026-07-26T03:30:00Z,2026-07-26T04:00:00Z,5,34,low
2026-07-26T03:30:00Z,2026-07-26T04:00:00Z,6,7,very low
2026-07-26T03:30:00Z,2026-07-26T04:00:00Z,7,244,very high
2026-07-26T03:30:00Z,2026-07-26T04:00:00Z,8,30,low
2026-07-26T03:30:00Z,2026-07-26T04:00:00Z,9,51,low
2026-07-26T03:30:00Z,2026-07-26T04:00:00Z,10,61,low
2026-07-26T03:30:00Z,2026-07-26T04:00:00Z,11,281,very high
2026-07-26T03:30:00Z,2026-07-26T04:00:00Z,12,146,moderate
2026-07-26T03:30:00Z,2026-07-26T04:00:00Z,13,85,low
2026-07-26T03:30:00Z,2026-07-26T04:00:00Z,14,80,low
2026-07-26T03:30:00Z,2026-07-26T04:00:00Z,15,68,low
2026-07-26T03:30:00Z,2026-07-26T04:00:00Z,16,2,very low
2026-07-26T03:30:00Z,2026-07-26T04:00:00Z,17,87,low
2026-07-26T03:30:00Z,2026-07-26T04:00:00Z,18,67,low
2026-07-26T04:00:00Z,2026-07-26T04:30:00Z,1,0,very low
2026-07-26T04:00:00Z,2026-07-26T04:30:00Z,2,1,very low
2026-07-26T04:00:00Z,2026-07-26T04:30:00Z,3,20,very low
2026-07-26T04:00:00Z,2026-07-26T04:30:00Z,4,21,very low
2026-07-26T04:00:00Z,2026-07-26T04:30:00Z,5,32,low
2026-07-26T04:00:00Z,2026-07-26T04:30:00Z,6,8,very low
2026-07-26T04:00:00Z,2026-07-26T04:30:00Z,7,236,very high
2026-07-26T04:00:00Z,2026-07-26T04:30:00Z,8,25,low
2026-07-26T04:00:00Z,2026-07-26T04:30:00Z,9,54,low
2026-07-26T04:00:00Z,2026-07-26T04:30:00Z,10,54,low
2026-07-26T04:00:00Z,2026-07-26T04:30:00Z,11,282,very high
2026-07-26T04:00:00Z,2026-07-26T04:30:00Z,12,141,moderate
2026-07-26T04:00:00Z,2026-07-26T04:30:00Z,13,81,low
2026-07-26T04:00:00Z,2026-07-26T04:30:00Z,14,79,low
2026-07-26T04:00:00Z,2026-07-26T04:30:00Z,15,66,low
2026-07-26T04:00:00Z,2026-07-26T04:30:00Z,16,2,very low
2026-07-26T04:00:00Z,2026-07-26T04:30:00Z,17,82,low
2026-07-26T04:00:00Z,2026-07-26T04:30:00Z,18,65,low
2026-07-26T04:30:00Z,2026-07-26T05:00:00Z,1,0,very low
2026-07-26T04:30:00Z,2026-07-26T05:00:00Z,2,2,very low
2026-07-26T04:30:00Z,2026-07-26T05:00:00Z,3,24,very low
2026-07-26T04:30:00Z,2026-07-26T05:00:00Z,4,23,very low
2026-07-26T04:30:00Z,2026-07-26T05:00:00Z,5,33,low
2026-07-26T04:30:00Z,2026-07-26T05:00:00Z,6,9,very low
2026-07-26T04:30:00Z,2026-07-26T05:00:00Z,7,242,very high
2026-07-26T04:30:00Z,2026-07-26T05:00:00Z,8,27,low
2026-07-26T04:30:00Z,2026-07-26T05:00:00Z,9,49,low
2026-07-26T04:30:00Z,2026-07-26T05:00:00Z,10,51,low
2026-07-26T04:30:00Z,2026-07-26T05:00:00Z,11,278,very high
2026-07-26T04:30:00Z,2026-07-26T05:00:00Z,12,138,moderate
2026-07-26T04:30:00Z,2026-07-26T05:00:00Z,13,80,low
2026-07-26T04:30:00Z,2026-07-26T05:00:00Z,14,82,low
2026-07-26T04:30:00Z,2026-07-26T05:00:00Z,15,66,low
2026-07-26T04:30:00Z,2026-07-26T05:00:00Z,16,1,very low
2026-07-26T04:30:00Z,2026-07-26T05:00:00Z,17,86,low
2026-07-26T04:30:00Z,2026-07-26T05:00:00Z,18,64,low
2026-07-26T05:00:00Z,2026-07-26T05:30:00Z,1,0,very low
2026-07-26T05:00:00Z,2026-07-26T05:30:00Z,2,2,very low
2026-07-26T05:00:00Z,2026-07-26T05:30:00Z,3,24,very low
2026-07-26T05:00:00Z,2026-07-26T05:30:00Z,4,25,low
2026-07-26T05:00:00Z,2026-07-26T05:30:00Z,5,32,low
2026-07-26T05:00:00Z,2026-07-26T05:30:00Z,6,9,very low
2026-07-26T05:00:00Z,2026-07-26T05:30:00Z,7,241,very high
2026-07-26T05:00:00Z,2026-07-26T05:30:00Z,8,29,low
2026-07-26T05:00:00Z,2026-07-26T05:30:00Z,9,53,low
2026-07-26T05:00:00Z,2026-07-26T05:30:00Z,10,50,low
2026-07-26T05:00:00Z,2026-07-26T05:30:00Z,11,267,very high
2026-07-26T05:00:00Z,2026-07-26T05:30:00Z,12,134,moderate
2026-07-26T05:00:00Z,2026-07-26T05:30:00Z,13,77,low
2026-07-26T05:00:00Z,2026-07-26T05:30:00Z,14,82,low
2026-07-26T05:00:00Z,2026-07-26T05:30:00Z,15,66,low
2026-07-26T05:00:00Z,2026-07-26T05:30:00Z,16,2,very low
2026-07-26T05:00:00Z,2026-07-26T05:30:00Z,17,80,low
2026-07-26T05:00:00Z,2026-07-26T05:30:00Z,18,64,low
2026-07-26T05:30:00Z,2026-07-26T06:00:00Z,1,0,very low
2026-07-26T05:30:00Z,2026-07-26T06:00:00Z,2,2,very low
2026-07-26T05:30:00Z,2026-07-26T06:00:00Z,3,23,very low
2026-07-26T05:30:00Z,2026-07-26T06:00:00Z,4,26,low
2026-07-26T05:30:00Z,2026-07-26T06:00:00Z,5,32,low
2026-07-26T05:30:00Z,2026-07-26T06:00:00Z,6,9,very low
2026-07-26T05:30:00Z,2026-07-26T06:00:00Z,7,233,very high
2026-07-26T05:30:00Z,2026-07-26T06:00:00Z,8,29,low
2026-07-26T05:30:00Z,2026-07-26T06:00:00Z,9,53,low
2026-07-26T05:30:00Z,2026-07-26T06:00:00Z,10,43,low
2026-07-26T05:30:00Z,2026-07-26T06:00:00Z,11,243,very high
2026-07-26T05:30:00Z,2026-07-26T06:00:00Z,12,129,moderate
2026-07-26T05:30:00Z,2026-07-26T06:00:00Z,13,74,low
2026-07-26T05:30:00Z,2026-07-26T06:00:00Z,14,81,low
2026-07-26T05:30:00Z,2026-07-26T06:00:00Z,15,64,low
2026-07-26T05:30:00Z,2026-07-26T06:00:00Z,16,2,very low
2026-07-26T05:30:00Z,2026-07-26T06:00:00Z,17,83,low
2026-07-26T05:30:00Z,2026-07-26T06:00:00Z,18,62,low
2026-07-26T06:00:00Z,2026-07-26T06:30:00Z,1,0,very low
2026-07-26T06:00:00Z,2026-07-26T06:30:00Z,2,2,very low
2026-07-26T06:00:00Z,2026-07-26T06:30:00Z,3,28,low
2026-07-26T06:00:00Z,2026-07-26T06:30:00Z,4,24,very low
2026-07-26T06:00:00Z,2026-07-26T06:30:00Z,5,29,low
2026-07-26T06:00:00Z,2026-07-26T06:30:00Z,6,10,very low
2026-07-26T06:00:00Z,2026-07-26T06:30:00Z,7,202,high
2026-07-26T06:00:00Z,2026-07-26T06:30:00Z,8,26,low
2026-07-26T06:00:00Z,2026-07-26T06:30:00Z,9,50,low
2026-07-26T06:00:00Z,2026-07-26T06:30:00Z,10,40,low
2026-07-26T06:00:00Z,2026-07-26T06:30:00Z,11,224,high
2026-07-26T06:00:00Z,2026-07-26T06:30:00Z,12,126,moderate
2026-07-26T06:00:00Z,2026-07-26T06:30:00Z,13,70,low
2026-07-26T06:00:00Z,2026-07-26T06:30:00Z,14,75,low
2026-07-26T06:00:00Z,2026-07-26T06:30:00Z,15,61,low
2026-07-26T06:00:00Z,2026-07-26T06:30:00Z,16,2,very low
2026-07-26T06:00:00Z,2026-07-26T06:30:00Z,17,83,low
2026-07-26T06:00:00Z,2026-07-26T06:30:00Z,18,59,low
2026-07-26T06:30:00Z,2026-07-26T07:00:00Z,1,0,very low
2026-07-26T06:30:00Z,2026-07-26T07:00:00Z,2,1,very low
2026-07-26T06:30:00Z,2026-07-26T07:00:00Z,3,29,low
2026-07-26T06:30:00Z,2026-07-26T07:00:00Z,4,19,very low
2026-07-26T06:30:00Z,2026-07-26T07:00:00Z,5,26,low
2026-07-26T06:30:00Z,2026-07-26T07:00:00Z,6,11,very low
2026-07-26T06:30:00Z,2026-07-26T07:00:00Z,7,176,high
2026-07-26T06:30:00Z,2026-07-26T07:00:00Z,8,22,very low
2026-07-26T06:30:00Z,2026-07-26T07:00:00Z,9,43,low
2026-07-26T06:30:00Z,2026-07-26T07:00:00Z,10,38,low
2026-07-26T06:30:00Z,2026-07-26T07:00:00Z,11,208,high
2026-07-26T06:30:00Z,2026-07-26T07:00:00Z,12,110,moderate
2026-07-26T06:30:00Z,2026-07-26T07:00:00Z,13,69,low
2026-07-26T06:30:00Z,2026-07-26T07:00:00Z,14,81,low
2026-07-26T06:30:00Z,2026-07-26T07:00:00Z,15,57,low
2026-07-26T06:30:00Z,2026-07-26T07:00:00Z,16,2,very low
2026-07-26T06:30:00Z,2026-07-26T07:00:00Z,17,75,low
2026-07-26T06:30:00Z,2026-07-26T07:00:00Z,18,56,low
2026-07-26T07:00:00Z,2026-07-26T07:30:00Z,1,0,very low
2026-07-26T07:00:00Z,2026-07-26T07:30:00Z,2,1,very low
2026-07-26T07:00:00Z,2026-07-26T07:30:00Z,3,29,low
2026-07-26T07:00:00Z,2026-07-26T07:30:00Z,4,18,very low
2026-07-26T07:00:00Z,2026-07-26T07:30:00Z,5,26,low
2026-07-26T07:00:00Z,2026-07-26T07:30:00Z,6,12,very low
2026-07-26T07:00:00Z,2026-07-26T07:30:00Z,7,123,moderate
2026-07-26T07:00:00Z,2026-07-26T07:30:00Z,8,23,very low
2026-07-26T07:00:00Z,2026-07-26T07:30:00Z,9,44,low
2026-07-26T07:00:00Z,2026-07-26T07:30:00Z,10,40,low
2026-07-26T07:00:00Z,2026-07-26T07:30:00Z,11,196,high
2026-07-26T07:00:00Z,2026-07-26T07:30:00Z,12,103,moderate
2026-07-26T07:00:00Z,2026-07-26T07:30:00Z,13,67,low
2026-07-26T07:00:00Z,2026-07-26T07:30:00Z,14,78,low
2026-07-26T07:00:00Z,2026-07-26T07:30:00Z,15,54,low
2026-07-26T07:00:00Z,2026-07-26T07:30:00Z,16,1,very low
2026-07-26T07:00:00Z,2026-07-26T07:30:00Z,17,77,low
2026-07-26T07:00:00Z,2026-07-26T07:30:00Z,18,53,low
2026-07-26T07:30:00Z,2026-07-26T08:00:00Z,1,0,very low
2026-07-26T07:30:00Z,2026-07-26T08:00:00Z,2,2,very low
2026-07-26T07:30:00Z,2026-07-26T08:00:00Z,3,30,low
2026-07-26T07:30:00Z,2026-07-26T08:00:00Z,4,23,very low
2026-07-26T07:30:00Z,2026-07-26T08:00:00Z,5,22,very low
2026-07-26T07:30:00Z,2026-07-26T08:00:00Z,6,11,very low
2026-07-26T07:30:00Z,2026-07-26T08:00:00Z,7,103,moderate
2026-07-26T07:30:00Z,2026-07-26T08:00:00Z,8,22,very low
2026-07-26T07:30:00Z,2026-07-26T08:00:00Z,9,39,low
2026-07-26T07:30:00Z,2026-07-26T08:00:00Z,10,37,low
2026-07-26T07:30:00Z,2026-07-26T08:00:00Z,11,175,high
2026-07-26T07:30:00Z,2026-07-26T08:00:00Z,12,94,moderate
2026-07-26T07:30:00Z,2026-07-26T08:00:00Z,13,64,low
2026-07-26T07:30:00Z,2026-07-26T08:00:00Z,14,77,low
2026-07-26T07:30:00Z,2026-07-26T08:00:00Z,15,51,low
2026-07-26T07:30:00Z,2026-07-26T08:00:00Z,16,2,very low
2026-07-26T07:30:00Z,2026-07-26T08:00:00Z,17,66,low
2026-07-26T07:30:00Z,2026-07-26T08:00:00Z,18,50,low
2026-07-26T08:00:00Z,2026-07-26T08:30:00Z,1,0,very low
2026-07-26T08:00:00Z,2026-07-26T08:30:00Z,2,2,very low
2026-07-26T08:00:00Z,2026-07-26T08:30:00Z,3,31,low
2026-07-26T08:00:00Z,2026-07-26T08:30:00Z,4,30,low
2026-07-26T08:00:00Z,2026-07-26T08:30:00Z,5,17,very low
2026-07-26T08:00:00Z,2026-07-26T08:30:00Z,6,11,very low
2026-07-26T08:00:00Z,2026-07-26T08:30:00Z,7,81,low
2026-07-26T08:00:00Z,2026-07-26T08:30:00Z,8,21,very low
2026-07-26T08:00:00Z,2026-07-26T08:30:00Z,9,35,low
2026-07-26T08:00:00Z,2026-07-26T08:30:00Z,10,26,low
2026-07-26T08:00:00Z,2026-07-26T08:30:00Z,11,163,moderate
2026-07-26T08:00:00Z,2026-07-26T08:30:00Z,12,89,low
2026-07-26T08:00:00Z,2026-07-26T08:30:00Z,13,57,low
2026-07-26T08:00:00Z,2026-07-26T08:30:00Z,14,71,low
2026-07-26T08:00:00Z,2026-07-26T08:30:00Z,15,49,low
2026-07-26T08:00:00Z,2026-07-26T08:30:00Z,16,2,very low
2026-07-26T08:00:00Z,2026-07-26T08:30:00Z,17,38,low
2026-07-26T08:00:00Z,2026-07-26T08:30:00Z,18,46,low
2026-07-26T08:30:00Z,2026-07-26T09:00:00Z,1,0,very low
2026-07-26T08:30:00Z,2026-07-26T09:00:00Z,2,2,very low
2026-07-26T08:30:00Z,2026-07-26T09:00:00Z,3,36,low
2026-07-26T08:30:00Z,2026-07-26T09:00:00Z,4,27,low
2026-07-26T08:30:00Z,2026-07-26T09:00:00Z,5,14,very low
2026-07-26T08:30:00Z,2026-07-26T09:00:00Z,6,12,very low
2026-07-26T08:30:00Z,2026-07-26T09:00:00Z,7,67,low
2026-07-26T08:30:00Z,2026-07-26T09:00:00Z,8,23,very low
2026-07-26T08:30:00Z,2026-07-26T09:00:00Z,9,35,low
2026-07-26T08:30:00Z,2026-07-26T09:00:00Z,10,37,low
2026-07-26T08:30:00Z,2026-07-26T09:00:00Z,11,143,moderate
2026-07-26T08:30:00Z,2026-07-26T09:00:00Z,12,79,low
2026-07-26T08:30:00Z,2026-07-26T09:00:00Z,13,60,low
2026-07-26T08:30:00Z,2026-07-26T09:00:00Z,14,73,low
2026-07-26T08:30:00Z,2026-07-26T09:00:00Z,15,48,low
2026-07-26T08:30:00Z,2026-07-26T09:00:00Z,16,1,very low
2026-07-26T08:30:00Z,2026-07-26T09:00:00Z,17,40,low
2026-07-26T08:30:00Z,2026-07-26T09:00:00Z,18,45,low
2026-07-26T09:00:00Z,2026-07-26T09:30:00Z,1,0,very low
2026-07-26T09:00:00Z,2026-07-26T09:30:00Z,2,2,very low
2026-07-26T09:00:00Z,2026-07-26T09:30:00Z,3,35,low
2026-07-26T09:00:00Z,2026-07-26T09:30:00Z,4,28,low
2026-07-26T09:00:00Z,2026-07-26T09:30:00Z,5,13,very low
2026-07-26T09:00:00Z,2026-07-26T09:30:00Z,6,11,very low
2026-07-26T09:00:00Z,2026-07-26T09:30:00Z,7,76,low
2026-07-26T09:00:00Z,2026-07-26T09:30:00Z,8,23,very low
2026-07-26T09:00:00Z,2026-07-26T09:30:00Z,9,37,low
2026-07-26T09:00:00Z,2026-07-26T09:30:00Z,10,31,low
2026-07-26T09:00:00Z,2026-07-26T09:30:00Z,11,142,moderate
2026-07-26T09:00:00Z,2026-07-26T09:30:00Z,12,74,low
2026-07-26T09:00:00Z,2026-07-26T09:30:00Z,13,58,low
2026-07-26T09:00:00Z,2026-07-26T09:30:00Z,14,74,low
2026-07-26T09:00:00Z,2026-07-26T09:30:00Z,15,46,low
2026-07-26T09:00:00Z,2026-07-26T09:30:00Z,16,1,very low
2026-07-26T09:00:00Z,2026-07-26T09:30:00Z,17,48,low
2026-07-26T09:00:00Z,2026-07-26T09:30:00Z,18,44,low
2026-07-26T09:30:00Z,2026-07-26T10:00:00Z,1,0,very low
2026-07-26T09:30:00Z,2026-07-26T10:00:00Z,2,2,very low
2026-07-26T09:30:00Z,2026-07-26T10:00:00Z,3,35,low
2026-07-26T09:30:00Z,2026-07-26T10:00:00Z,4,28,low
2026-07-26T09:30:00Z,2026-07-26T10:00:00Z,5,12,very low
2026-07-26T09:30:00Z,2026-07-26T10:00:00Z,6,11,very low
2026-07-26T09:30:00Z,2026-07-26T10:00:00Z,7,70,low
2026-07-26T09:30:00Z,2026-07-26T10:00:00Z,8,22,very low
2026-07-26T09:30:00Z,2026-07-26T10:00:00Z,9,32,low
2026-07-26T09:30:00Z,2026-07-26T10:00:00Z,10,19,very low
2026-07-26T09:30:00Z,2026-07-26T10:00:00Z,11,130,moderate
2026-07-26T09:30:00Z,2026-07-26T10:00:00Z,12,74,low
2026-07-26T09:30:00Z,2026-07-26T10:00:00Z,13,54,low
2026-07-26T09:30:00Z,2026-07-26T10:00:00Z,14,75,low
2026-07-26T09:30:00Z,2026-07-26T10:00:00Z,15,43,low
2026-07-26T09:30:00Z,2026-07-26T10:00:00Z,16,1,very low
2026-07-26T09:30:00Z,2026-07-26T10:00:00Z,17,45,low
2026-07-26T09:30:00Z,2026-07-26T10:00:00Z,18,41,low
2026-07-26T10:00:00Z,2026-07-26T10:30:00Z,1,0,very low
2026-07-26T10:00:00Z,2026-07-26T10:30:00Z,2,1,very low
2026-07-26T10:00:00Z,2026-07-26T10:30:00Z,3,33,low
2026-07-26T10:00:00Z,2026-07-26T10:30:00Z,4,25,low
2026-07-26T10:00:00Z,2026-07-26T10:30:00Z,5,12,very low
2026-07-26T10:00:00Z,2026-07-26T10:30:00Z,6,13,very low
2026-07-26T10:00:00Z,2026-07-26T10:30:00Z,7,60,low
2026-07-26T10:00:00Z,2026-07-26T10:30:00Z,8,22,very low
2026-07-26T10:00:00Z,2026-07-26T10:30:00Z,9,41,low
2026-07-26T10:00:00Z,2026-07-26T10:30:00Z,10,23,very low
2026-07-26T10:00:00Z,2026-07-26T10:30:00Z,11,117,moderate
2026-07-26T10:00:00Z,2026-07-26T10:30:00Z,12,65,low
2026-07-26T10:00:00Z,2026-07-26T10:30:00Z,13,55,low
2026-07-26T10:00:00Z,2026-07-26T10:30:00Z,14,76,low
2026-07-26T10:00:00Z,2026-07-26T10:30:00Z,15,43,low
2026-07-26T10:00:00Z,2026-07-26T10:30:00Z,16,1,very low
2026-07-26T10:00:00Z,2026-07-26T10:30:00Z,17,35,low
2026-07-26T10:00:00Z,2026-07-26T10:30:00Z,18,40,low
2026-07-26T10:30:00Z,2026-07-26T11:00:00Z,1,0,very low
2026-07-26T10:30:00Z,2026-07-26T11:00:00Z,2,1,very low
2026-07-26T10:30:00Z,2026-07-26T11:00:00Z,3,23,very low
2026-07-26T10:30:00Z,2026-07-26T11:00:00Z,4,22,very low
2026-07-26T10:30:00Z,2026-07-26T11:00:00Z,5,11,very low
2026-07-26T10:30:00Z,2026-07-26T11:00:00Z,6,12,very low
2026-07-26T10:30:00Z,2026-07-26T11:00:00Z,7,64,low
2026-07-26T10:30:00Z,2026-07-26T11:00:00Z,8,17,very low
2026-07-26T10:30:00Z,2026-07-26T11:00:00Z,9,38,low
2026-07-26T10:30:00Z,2026-07-26T11:00:00Z,10,42,low
2026-07-26T10:30:00Z,2026-07-26T11:00:00Z,11,113,moderate
2026-07-26T10:30:00Z,2026-07-26T11:00:00Z,12,60,low
2026-07-26T10:30:00Z,2026-07-26T11:00:00Z,13,68,low
2026-07-26T10:30:00Z,2026-07-26T11:00:00Z,14,85,low
2026-07-26T10:30:00Z,2026-07-26T11:00:00Z,15,46,low
2026-07-26T10:30:00Z,2026-07-26T11:00:00Z,16,2,very low
2026-07-26T10:30:00Z,2026-07-26T11:00:00Z,17,8,very low
2026-07-26T10:30:00Z,2026-07-26T11:00:00Z,18,41,low
2026-07-26T11:00:00Z,2026-07-26T11:30:00Z,1,0,very low
2026-07-26T11:00:00Z,2026-07-26T11:30:00Z,2,2,very low
2026-07-26T11:00:00Z,2026-07-26T11:30:00Z,3,25,low
2026-07-26T11:00:00Z,2026-07-26T11:30:00Z,4,22,very low
2026-07-26T11:00:00Z,2026-07-26T11:30:00Z,5,10,very low
2026-07-26T11:00:00Z,2026-07-26T11:30:00Z,6,11,very low
2026-07-26T11:00:00Z,2026-07-26T11:30:00Z,7,39,low
2026-07-26T11:00:00Z,2026-07-26T11:30:00Z,8,19,very low
2026-07-26T11:00:00Z,2026-07-26T11:30:00Z,9,43,low
2026-07-26T11:00:00Z,2026-07-26T11:30:00Z,10,42,low
2026-07-26T11:00:00Z,2026-07-26T11:30:00Z,11,108,moderate
2026-07-26T11:00:00Z,2026-07-26T11:30:00Z,12,57,low
2026-07-26T11:00:00Z,2026-07-26T11:30:00Z,13,70,low
2026-07-26T11:00:00Z,2026-07-26T11:30:00Z,14,88,low
2026-07-26T11:00:00Z,2026-07-26T11:30:00Z,15,46,low
2026-07-26T11:00:00Z,2026-07-26T11:30:00Z,16,2,very low
2026-07-26T11:00:00Z,2026-07-26T11:30:00Z,17,1,very low
2026-07-26T11:00:00Z,2026-07-26T11:30:00Z,18,41,low
2026-07-26T11:30:00Z,2026-07-26T12:00:00Z,1,0,very low
2026-07-26T11:30:00Z,2026-07-26T12:00:00Z,2,1,very low
2026-07-26T11:30:00Z,2026-07-26T12:00:00Z,3,25,low
2026-07-26T11:30:00Z,2026-07-26T12:00:00Z,4,19,very low
2026-07-26T11:30:00Z,2026-07-26T12:00:00Z,5,11,very low
2026-07-26T11:30:00Z,2026-07-26T12:00:00Z,6,10,very low
2026-07-26T11:30:00Z,2026-07-26T12:00:00Z,7,36,low
2026-07-26T11:30:00Z,2026-07-26T12:00:00Z,8,18,very low
2026-07-26T11:30:00Z,2026-07-26T12:00:00Z,9,44,low
2026-07-26T11:30:00Z,2026-07-26T12:00:00Z,10,32,low
2026-07-26T11:30:00Z,2026-07-26T12:00:00Z,11,109,moderate
2026-07-26T11:30:00Z,2026-07-26T12:00:00Z,12,59,low
2026-07-26T11:30:00Z,2026-07-26T12:00:00Z,13,69,low
2026-07-26T11:30:00Z,2026-07-26T12:00:00Z,14,90,moderate
2026-07-26T11:30:00Z,2026-07-26T12:00:00Z,15,45,low
2026-07-26T11:30:00Z,2026-07-26T12:00:00Z,16,2,very low
2026-07-26T11:30:00Z,2026-07-26T12:00:00Z,17,1,very low
2026-07-26T11:30:00Z,2026-07-26T12:00:00Z,18,39,low
2026-07-26T12:00:00Z,2026-07-26T12:30:00Z,1,0,very low
2026-07-26T12:00:00Z,2026-07-26T12:30:00Z,2,1,very low
2026-07-26T12:00:00Z,2026-07-26T12:30:00Z,3,15,very low
2026-07-26T12:00:00Z,2026-07-26T12:30:00Z,4,19,very low
2026-07-26T12:00:00Z,2026-07-26T12:30:00Z,5,10,very low
2026-07-26T12:00:00Z,2026-07-26T12:30:00Z,6,7,very low
2026-07-26T12:00:00Z,2026-07-26T12:30:00Z,7,35,low
2026-07-26T12:00:00Z,2026-07-26T12:30:00Z,8,14,very low
2026-07-26T12:00:00Z,2026-07-26T12:30:00Z,9,45,low
2026-07-26T12:00:00Z,2026-07-26T12:30:00Z,10,34,low
2026-07-26T12:00:00Z,2026-07-26T12:30:00Z,11,120,moderate
2026-07-26T12:00:00Z,2026-07-26T12:30:00Z,12,64,low
2026-07-26T12:00:00Z,2026-07-26T12:30:00Z,13,75,low
2026-07-26T12:00:00Z,2026-07-26T12:30:00Z,14,93,moderate
2026-07-26T12:00:00Z,2026-07-26T12:30:00Z,15,45,low
2026-07-26T12:00:00Z,2026-07-26T12:30:00Z,16,1,very low
2026-07-26T12:00:00Z,2026-07-26T12:30:00Z,17,7,very low
2026-07-26T12:00:00Z,2026-07-26T12:30:00Z,18,39,low
2026-07-26T12:30:00Z,2026-07-26T13:00:00Z,1,0,very low
2026-07-26T12:30:00Z,2026-07-26T13:00:00Z,2,1,very low
2026-07-26T12:30:00Z,2026-07-26T13:00:00Z,3,14,very low
2026-07-26T12:30:00Z,2026-07-26T13:00:00Z,4,20,very low
2026-07-26T12:30:00Z,2026-07-26T13:00:00Z,5,9,very low
2026-07-26T12:30:00Z,2026-07-26T13:00:00Z,6,6,very low
2026-07-26T12:30:00Z,2026-07-26T13:00:00Z,7,24,very low
2026-07-26T12:30:00Z,2026-07-26T13:00:00Z,8,15,very low
2026-07-26T12:30:00Z,2026-07-26T13:00:00Z,9,45,low
2026-07-26T12:30:00Z,2026-07-26T13:00:00Z,10,91,moderate
2026-07-26T12:30:00Z,2026-07-26T13:00:00Z,11,121,moderate
2026-07-26T12:30:00Z,2026-07-26T13:00:00Z,12,66,low
2026-07-26T12:30:00Z,2026-07-26T13:00:00Z,13,92,moderate
2026-07-26T12:30:00Z,2026-07-26T13:00:00Z,14,95,moderate
2026-07-26T12:30:00Z,2026-07-26T13:00:00Z,15,54,low
2026-07-26T12:30:00Z,2026-07-26T13:00:00Z,16,1,very low
2026-07-26T12:30:00Z,2026-07-26T13:00:00Z,17,2,very low
2026-07-26T12:30:00Z,2026-07-26T13:00:00Z,18,47,low
2026-07-26T13:00:00Z,2026-07-26T13:30:00Z,1,0,very low
2026-07-26T13:00:00Z,2026-07-26T13:30:00Z,2,2,very low
2026-07-26T13:00:00Z,2026-07-26T13:30:00Z,3,17,very low
2026-07-26T13:00:00Z,2026-07-26T13:30:00Z,4,20,very low
2026-07-26T13:00:00Z,2026-07-26T13:30:00Z,5,8,very low
2026-07-26T13:00:00Z,2026-07-26T13:30:00Z,6,7,very low
2026-07-26T13:00:00Z,2026-07-26T13:30:00Z,7,17,very low
2026-07-26T13:00:00Z,2026-07-26T13:30:00Z,8,19,very low
2026-07-26T13:00:00Z,2026-07-26T13:30:00Z,9,50,low
2026-07-26T13:00:00Z,2026-07-26T13:30:00Z,10,93,moderate
2026-07-26T13:00:00Z,2026-07-26T13:30:00Z,11,121,moderate
2026-07-26T13:00:00Z,2026-07-26T13:30:00Z,12,69,low
2026-07-26T13:00:00Z,2026-07-26T13:30:00Z,13,93,moderate
2026-07-26T13:00:00Z,2026-07-26T13:30:00Z,14,96,moderate
2026-07-26T13:00:00Z,2026-07-26T13:30:00Z,15,55,low
2026-07-26T13:00:00Z,2026-07-26T13:30:00Z,16,1,very low
2026-07-26T13:00:00Z,2026-07-26T13:30:00Z,17,5,very low
2026-07-26T13:00:00Z,2026-07-26T13:30:00Z,18,48,low
2026-07-26T13:30:00Z,2026-07-26T14:00:00Z,1,0,very low
2026-07-26T13:30:00Z,2026-07-26T14:00:00Z,2,1,very low
2026-07-26T13:30:00Z,2026-07-26T14:00:00Z,3,19,very low
2026-07-26T13:30:00Z,2026-07-26T14:00:00Z,4,20,very low
2026-07-26T13:30:00Z,2026-07-26T14:00:00Z,5,9,very low
2026-07-26T13:30:00Z,2026-07-26T14:00:00Z,6,6,very low
2026-07-26T13:30:00Z,2026-07-26T14:00:00Z,7,17,very low
2026-07-26T13:30:00Z,2026-07-26T14:00:00Z,8,21,very low
2026-07-26T13:30:00Z,2026-07-26T14:00:00Z,9,58,low
2026-07-26T13:30:00Z,2026-07-26T14:00:00Z,10,116,moderate
2026-07-26T13:30:00Z,2026-07-26T14:00:00Z,11,125,moderate
2026-07-26T13:30:00Z,2026-07-26T14:00:00Z,12,71,low
2026-07-26T13:30:00Z,2026-07-26T14:00:00Z,13,103,moderate
2026-07-26T13:30:00Z,2026-07-26T14:00:00Z,14,99,moderate
2026-07-26T13:30:00Z,2026-07-26T14:00:00Z,15,62,low
2026-07-26T13:30:00Z,2026-07-26T14:00:00Z,16,1,very low
2026-07-26T13:30:00Z,2026-07-26T14:00:00Z,17,2,very low
2026-07-26T13:30:00Z,2026-07-26T14:00:00Z,18,54,low
2026-07-26T14:00:00Z,2026-07-26T14:30:00Z,1,0,very low
2026-07-26T14:00:00Z,2026-07-26T14:30:00Z,2,1,very low
2026-07-26T14:00:00Z,2026-07-26T14:30:00Z,3,17,very low
2026-07-26T14:00:00Z,2026-07-26T14:30:00Z,4,19,very low
2026-07-26T14:00:00Z,2026-07-26T14:30:00Z,5,10,very low
2026-07-26T14:00:00Z,2026-07-26T14:30:00Z,6,11,very low
2026-07-26T14:00:00Z,2026-07-26T14:30:00Z,7,27,low
2026-07-26T14:00:00Z,2026-07-26T14:30:00Z,8,22,very low
2026-07-26T14:00:00Z,2026-07-26T14:30:00Z,9,59,low
2026-07-26T14:00:00Z,2026-07-26T14:30:00Z,10,116,moderate
2026-07-26T14:00:00Z,2026-07-26T14:30:00Z,11,124,moderate
2026-07-26T14:00:00Z,2026-07-26T14:30:00Z,12,71,low
2026-07-26T14:00:00Z,2026-07-26T14:30:00Z,13,100,moderate
2026-07-26T14:00:00Z,2026-07-26T14:30:00Z,14,95,moderate
2026-07-26T14:00:00Z,2026-07-26T14:30:00Z,15,62,low
2026-07-26T14:00:00Z,2026-07-26T14:30:00Z,16,1,very low
2026-07-26T14:00:00Z,2026-07-26T14:30:00Z,17,3,very low
2026-07-26T14:00:00Z,2026-07-26T14:30:00Z,18,54,low
2026-07-26T14:30:00Z,2026-07-26T15:00:00Z,1,0,very low
2026-07-26T14:30:00Z,2026-07-26T15:00:00Z,2,2,very low
2026-07-26T14:30:00Z,2026-07-26T15:00:00Z,3,15,very low
2026-07-26T14:30:00Z,2026-07-26T15:00:00Z,4,21,very low
2026-07-26T14:30:00Z,2026-07-26T15:00:00Z,5,11,very low
2026-07-26T14:30:00Z,2026-07-26T15:00:00Z,6,10,very low
2026-07-26T14:30:00Z,2026-07-26T15:00:00Z,7,36,low
2026-07-26T14:30:00Z,2026-07-26T15:00:00Z,8,19,very low
2026-07-26T14:30:00Z,2026-07-26T15:00:00Z,9,55,low
2026-07-26T14:30:00Z,2026-07-26T15:00:00Z,10,128,moderate
2026-07-26T14:30:00Z,2026-07-26T15:00:00Z,11,136,moderate
2026-07-26T14:30:00Z,2026-07-26T15:00:00Z,12,69,low
2026-07-26T14:30:00Z,2026-07-26T15:00:00Z,13,103,moderate
2026-07-26T14:30:00Z,2026-07-26T15:00:00Z,14,99,moderate
2026-07-26T14:30:00Z,2026-07-26T15:00:00Z,15,61,low
2026-07-26T14:30:00Z,2026-07-26T15:00:00Z,16,1,very low
2026-07-26T14:30:00Z,2026-07-26T15:00:00Z,17,49,low
2026-07-26T14:30:00Z,2026-07-26T15:00:00Z,18,56,low
2026-07-26T15:00:00Z,2026-07-26T15:30:00Z,1,0,very low
2026-07-26T15:00:00Z,2026-07-26T15:30:00Z,2,2,very low
2026-07-26T15:00:00Z,2026-07-26T15:30:00Z,3,14,very low
2026-07-26T15:00:00Z,2026-07-26T15:30:00Z,4,21,very low
2026-07-26T15:00:00Z,2026-07-26T15:30:00Z,5,13,very low
2026-07-26T15:00:00Z,2026-07-26T15:30:00Z,6,13,very low
2026-07-26T15:00:00Z,2026-07-26T15:30:00Z,7,48,low
2026-07-26T15:00:00Z,2026-07-26T15:30:00Z,8,18,very low
2026-07-26T15:00:00Z,2026-07-26T15:30:00Z,9,57,low
2026-07-26T15:00:00Z,2026-07-26T15:30:00Z,10,133,moderate
2026-07-26T15:00:00Z,2026-07-26T15:30:00Z,11,131,moderate
2026-07-26T15:00:00Z,2026-07-26T15:30:00Z,12,74,low
2026-07-26T15:00:00Z,2026-07-26T15:30:00Z,13,106,moderate
2026-07-26T15:00:00Z,2026-07-26T15:30:00Z,14,102,moderate
2026-07-26T15:00:00Z,2026-07-26T15:30:00Z,15,62,low
2026-07-26T15:00:00Z,2026-07-26T15:30:00Z,16,1,very low
2026-07-26T15:00:00Z,2026-07-26T15:30:00Z,17,54,low
2026-07-26T15:00:00Z,2026-07-26T15:30:00Z,18,58,low
2026-07-26T15:30:00Z,2026-07-26T16:00:00Z,1,0,very low
2026-07-26T15:30:00Z,2026-07-26T16:00:00Z,2,2,very low
2026-07-26T15:30:00Z,2026-07-26T16:00:00Z,3,15,very low
2026-07-26T15:30:00Z,2026-07-26T16:00:00Z,4,26,low
2026-07-26T15:30:00Z,2026-07-26T16:00:00Z,5,18,very low
2026-07-26T15:30:00Z,2026-07-26T16:00:00Z,6,20,very low
2026-07-26T15:30:00Z,2026-07-26T16:00:00Z,7,79,low
2026-07-26T15:30:00Z,2026-07-26T16:00:00Z,8,21,very low
2026-07-26T15:30:00Z,2026-07-26T16:00:00Z,9,57,low
2026-07-26T15:30:00Z,2026-07-26T16:00:00Z,10,138,moderate
2026-07-26T15:30:00Z,2026-07-26T16:00:00Z,11,131,moderate
2026-07-26T15:30:00Z,2026-07-26T16:00:00Z,12,75,low
2026-07-26T15:30:00Z,2026-07-26T16:00:00Z,13,108,moderate
2026-07-26T15:30:00Z,2026-07-26T16:00:00Z,14,101,moderate
2026-07-26T15:30:00Z,2026-07-26T16:00:00Z,15,66,low
2026-07-26T15:30:00Z,2026-07-26T16:00:00Z,16,1,very low
2026-07-26T15:30:00Z,2026-07-26T16:00:00Z,17,63,low
2026-07-26T15:30:00Z,2026-07-26T16:00:00Z,18,62,low
2026-07-26T16:00:00Z,2026-07-26T16:30:00Z,1,0,very low
2026-07-26T16:00:00Z,2026-07-26T16:30:00Z,2,3,very low
2026-07-26T16:00:00Z,2026-07-26T16:30:00Z,3,19,very low
2026-07-26T16:00:00Z,2026-07-26T16:30:00Z,4,37,low
2026-07-26T16:00:00Z,2026-07-26T16:30:00Z,5,31,low
2026-07-26T16:00:00Z,2026-07-26T16:30:00Z,6,25,low
2026-07-26T16:00:00Z,2026-07-26T16:30:00Z,7,78,low
2026-07-26T16:00:00Z,2026-07-26T16:30:00Z,8,25,low
2026-07-26T16:00:00Z,2026-07-26T16:30:00Z,9,69,low
2026-07-26T16:00:00Z,2026-07-26T16:30:00Z,10,144,moderate
2026-07-26T16:00:00Z,2026-07-26T16:30:00Z,11,128,moderate
2026-07-26T16:00:00Z,2026-07-26T16:30:00Z,12,78,low
2026-07-26T16:00:00Z,2026-07-26T16:30:00Z,13,109,moderate
2026-07-26T16:00:00Z,2026-07-26T16:30:00Z,14,101,moderate
2026-07-26T16:00:00Z,2026-07-26T16:30:00Z,15,71,low
2026-07-26T16:00:00Z,2026-07-26T16:30:00Z,16,2,very low
2026-07-26T16:00:00Z,2026-07-26T16:30:00Z,17,73,low
2026-07-26T16:00:00Z,2026-07-26T16:30:00Z,18,67,low
2026-07-26T16:30:00Z,2026-07-26T17:00:00Z,1,0,very low
2026-07-26T16:30:00Z,2026-07-26T17:00:00Z,2,2,very low
2026-07-26T16:30:00Z,2026-07-26T17:00:00Z,3,18,very low
2026-07-26T16:30:00Z,2026-07-26T17:00:00Z,4,36,low
2026-07-26T16:30:00Z,2026-07-26T17:00:00Z,5,37,low
2026-07-26T16:30:00Z,2026-07-26T17:00:00Z,6,30,low
2026-07-26T16:30:00Z,2026-07-26T17:00:00Z,7,131,moderate
2026-07-26T16:30:00Z,2026-07-26T17:00:00Z,8,24,very low
2026-07-26T16:30:00Z,2026-07-26T17:00:00Z,9,65,low
2026-07-26T16:30:00Z,2026-07-26T17:00:00Z,10,148,moderate
2026-07-26T16:30:00Z,2026-07-26T17:00:00Z,11,129,moderate
2026-07-26T16:30:00Z,2026-07-26T17:00:00Z,12,76,low
2026-07-26T16:30:00Z,2026-07-26T17:00:00Z,13,108,moderate
2026-07-26T16:30:00Z,2026-07-26T17:00:00Z,14,101,moderate
2026-07-26T16:30:00Z,2026-07-26T17:00:00Z,15,73,low
2026-07-26T16:30:00Z,2026-07-26T17:00:00Z,16,2,very low
2026-07-26T16:30:00Z,2026-07-26T17:00:00Z,17,75,low
2026-07-26T16:30:00Z,2026-07-26T17:00:00Z,18,69,low
2026-07-26T17:00:00Z,2026-07-26T17:30:00Z,1,0,very low
2026-07-26T17:00:00Z,2026-07-26T17:30:00Z,2,2,very low
2026-07-26T17:00:00Z,2026-07-26T17:30:00Z,3,15,very low
2026-07-26T17:00:00Z,2026-07-26T17:30:00Z,4,29,low
2026-07-26T17:00:00Z,2026-07-26T17:30:00Z,5,46,low
2026-07-26T17:00:00Z,2026-07-26T17:30:00Z,6,28,low
2026-07-26T17:00:00Z,2026-07-26T17:30:00Z,7,143,moderate
2026-07-26T17:00:00Z,2026-07-26T17:30:00Z,8,22,very low
2026-07-26T17:00:00Z,2026-07-26T17:30:00Z,9,71,low
2026-07-26T17:00:00Z,2026-07-26T17:30:00Z,10,149,moderate
2026-07-26T17:00:00Z,2026-07-26T17:30:00Z,11,131,moderate
2026-07-26T17:00:00Z,2026-07-26T17:30:00Z,12,76,low
2026-07-26T17:00:00Z,2026-07-26T17:30:00Z,13,108,moderate
2026-07-26T17:00:00Z,2026-07-26T17:30:00Z,14,98,moderate
2026-07-26T17:00:00Z,2026-07-26T17:30:00Z,15,75,low
2026-07-26T17:00:00Z,2026-07-26T17:30:00Z,16,2,very low
2026-07-26T17:00:00Z,2026-07-26T17:30:00Z,17,76,low
2026-07-26T17:00:00Z,2026-07-26T17:30:00Z,18,70,low
2026-07-26T17:30:00Z,2026-07-26T18:00:00Z,1,0,very low
2026-07-26T17:30:00Z,2026-07-26T18:00:00Z,2,2,very low
2026-07-26T17:30:00Z,2026-07-26T18:00:00Z,3,13,very low
2026-07-26T17:30:00Z,2026-07-26T18:00:00Z,4,24,very low
2026-07-26T17:30:00Z,2026-07-26T18:00:00Z,5,53,low
2026-07-26T17:30:00Z,2026-07-26T18:00:00Z,6,22,very low
2026-07-26T17:30:00Z,2026-07-26T18:00:00Z,7,139,moderate
2026-07-26T17:30:00Z,2026-07-26T18:00:00Z,8,20,very low
2026-07-26T17:30:00Z,2026-07-26T18:00:00Z,9,69,low
2026-07-26T17:30:00Z,2026-07-26T18:00:00Z,10,122,moderate
2026-07-26T17:30:00Z,2026-07-26T18:00:00Z,11,119,moderate
2026-07-26T17:30:00Z,2026-07-26T18:00:00Z,12,70,low
2026-07-26T17:30:00Z,2026-07-26T18:00:00Z,13,97,moderate
2026-07-26T17:30:00Z,2026-07-26T18:00:00Z,14,92,moderate
2026-07-26T17:30:00Z,2026-07-26T18:00:00Z,15,67,low
2026-07-26T17:30:00Z,2026-07-26T18:00:00Z,16,2,very low
2026-07-26T17:30:00Z,2026-07-26T18:00:00Z,17,69,low
2026-07-26T17:30:00Z,2026-07-26T18:00:00Z,18,63,low
2026-07-26T18:00:00Z,2026-07-26T18:30:00Z,1,0,very low
2026-07-26T18:00:00Z,2026-07-26T18:30:00Z,2,2,very low
2026-07-26T18:00:00Z,2026-07-26T18:30:00Z,3,12,very low
2026-07-26T18:00:00Z,2026-07-26T18:30:00Z,4,22,very low
2026-07-26T18:00:00Z,2026-07-26T18:30:00Z,5,58,low
2026-07-26T18:00:00Z,2026-07-26T18:30:00Z,6,21,very low
2026-07-26T18:00:00Z,2026-07-26T18:30:00Z,7,173,high
2026-07-26T18:00:00Z,2026-07-26T18:30:00Z,8,21,very low
2026-07-26T18:00:00Z,2026-07-26T18:30:00Z,9,77,low
2026-07-26T18:00:00Z,2026-07-26T18:30:00Z,10,125,moderate
2026-07-26T18:00:00Z,2026-07-26T18:30:00Z,11,122,moderate
2026-07-26T18:00:00Z,2026-07-26T18:30:00Z,12,72,low
2026-07-26T18:00:00Z,2026-07-26T18:30:00Z,13,97,moderate
2026-07-26T18:00:00Z,2026-07-26T18:30:00Z,14,89,low
2026-07-26T18:00:00Z,2026-07-26T18:30:00Z,15,69,low
2026-07-26T18:00:00Z,2026-07-26T18:30:00Z,16,2,very low
2026-07-26T18:00:00Z,2026-07-26T18:30:00Z,17,73,low
2026-07-26T18:00:00Z,2026-07-26T18:30:00Z,18,65,low
2026-07-26T18:30:00Z,2026-07-26T19:00:00Z,1,0,very low
2026-07-26T18:30:00Z,2026-07-26T19:00:00Z,2,2,very low
2026-07-26T18:30:00Z,2026-07-26T19:00:00Z,3,12,very low
2026-07-26T18:30:00Z,2026-07-26T19:00:00Z,4,20,very low
2026-07-26T18:30:00Z,2026-07-26T19:00:00Z,5,57,low
2026-07-26T18:30:00Z,2026-07-26T19:00:00Z,6,21,very low
2026-07-26T18:30:00Z,2026-07-26T19:00:00Z,7,177,high
2026-07-26T18:30:00Z,2026-07-26T19:00:00Z,8,22,very low
2026-07-26T18:30:00Z,2026-07-26T19:00:00Z,9,77,low
2026-07-26T18:30:00Z,2026-07-26T19:00:00Z,10,145,moderate
2026-07-26T18:30:00Z,2026-07-26T19:00:00Z,11,141,moderate
2026-07-26T18:30:00Z,2026-07-26T19:00:00Z,12,82,low
2026-07-26T18:30:00Z,2026-07-26T19:00:00Z,13,106,moderate
2026-07-26T18:30:00Z,2026-07-26T19:00:00Z,14,92,moderate
2026-07-26T18:30:00Z,2026-07-26T19:00:00Z,15,75,low
2026-07-26T18:30:00Z,2026-07-26T19:00:00Z,16,2,very low
2026-07-26T18:30:00Z,2026-07-26T19:00:00Z,17,81,low
2026-07-26T18:30:00Z,2026-07-26T19:00:00Z,18,71,low
2026-07-26T19:00:00Z,2026-07-26T19:30:00Z,1,0,very low
2026-07-26T19:00:00Z,2026-07-26T19:30:00Z,2,1,very low
2026-07-26T19:00:00Z,2026-07-26T19:30:00Z,3,12,very low
2026-07-26T19:00:00Z,2026-07-26T19:30:00Z,4,20,very low
2026-07-26T19:00:00Z,2026-07-26T19:30:00Z,5,58,low
2026-07-26T19:00:00Z,2026-07-26T19:30:00Z,6,21,very low
2026-07-26T19:00:00Z,2026-07-26T19:30:00Z,7,208,high
2026-07-26T19:00:00Z,2026-07-26T19:30:00Z,8,23,very low
2026-07-26T19:00:00Z,2026-07-26T19:30:00Z,9,76,low
2026-07-26T19:00:00Z,2026-07-26T19:30:00Z,10,151,moderate
2026-07-26T19:00:00Z,2026-07-26T19:30:00Z,11,162,moderate
2026-07-26T19:00:00Z,2026-07-26T19:30:00Z,12,87,low
2026-07-26T19:00:00Z,2026-07-26T19:30:00Z,13,110,moderate
2026-07-26T19:00:00Z,2026-07-26T19:30:00Z,14,93,moderate
2026-07-26T19:00:00Z,2026-07-26T19:30:00Z,15,77,low
2026-07-26T19:00:00Z,2026-07-26T19:30:00Z,16,2,very low
2026-07-26T19:00:00Z,2026-07-26T19:30:00Z,17,94,moderate
2026-07-26T19:00:00Z,2026-07-26T19:30:00Z,18,73,low
2026-07-26T19:30:00Z,2026-07-26T20:00:00Z,1,0,very low
2026-07-26T19:30:00Z,2026-07-26T20:00:00Z,2,1,very low
2026-07-26T19:30:00Z,2026-07-26T20:00:00Z,3,12,very low
2026-07-26T19:30:00Z,2026-07-26T20:00:00Z,4,20,very low
2026-07-26T19:30:00Z,2026-07-26T20:00:00Z,5,60,low
2026-07-26T19:30:00Z,2026-07-26T20:00:00Z,6,21,very low
2026-07-26T19:30:00Z,2026-07-26T20:00:00Z,7,212,high
2026-07-26T19:30:00Z,2026-07-26T20:00:00Z,8,22,very low
2026-07-26T19:30:00Z,2026-07-26T20:00:00Z,9,75,low
2026-07-26T19:30:00Z,2026-07-26T20:00:00Z,10,163,moderate
2026-07-26T19:30:00Z,2026-07-26T20:00:00Z,11,192,high
2026-07-26T19:30:00Z,2026-07-26T20:00:00Z,12,89,low
2026-07-26T19:30:00Z,2026-07-26T20:00:00Z,13,113,moderate
2026-07-26T19:30:00Z,2026-07-26T20:00:00Z,14,96,moderate
2026-07-26T19:30:00Z,2026-07-26T20:00:00Z,15,80,low
2026-07-26T19:30:00Z,2026-07-26T20:00:00Z,16,2,very low
2026-07-26T19:30:00Z,2026-07-26T20:00:00Z,17,89,low
2026-07-26T19:30:00Z,2026-07-26T20:00:00Z,18,76,low
2026-07-26T20:00:00Z,2026-07-26T20:30:00Z,1,0,very low
2026-07-26T20:00:00Z,2026-07-26T20:30:00Z,2,2,very low
2026-07-26T20:00:00Z,2026-07-26T20:30:00Z,3,11,very low
2026-07-26T20:00:00Z,2026-07-26T20:30:00Z,4,20,very low
2026-07-26T20:00:00Z,2026-07-26T20:30:00Z,5,61,low
2026-07-26T20:00:00Z,2026-07-26T20:30:00Z,6,21,very low
2026-07-26T20:00:00Z,2026-07-26T20:30:00Z,7,226,high
2026-07-26T20:00:00Z,2026-07-26T20:30:00Z,8,23,very low
2026-07-26T20:00:00Z,2026-07-26T20:30:00Z,9,80,low
2026-07-26T20:00:00Z,2026-07-26T20:30:00Z,10,164,moderate
2026-07-26T20:00:00Z,2026-07-26T20:30:00Z,11,208,high
2026-07-26T20:00:00Z,2026-07-26T20:30:00Z,12,94,moderate
2026-07-26T20:00:00Z,2026-07-26T20:30:00Z,13,115,moderate
2026-07-26T20:00:00Z,2026-07-26T20:30:00Z,14,97,moderate
2026-07-26T20:00:00Z,2026-07-26T20:30:00Z,15,83,low
2026-07-26T20:00:00Z,2026-07-26T20:30:00Z,16,2,very low
2026-07-26T20:00:00Z,2026-07-26T20:30:00Z,17,83,low
2026-07-26T20:00:00Z,2026-07-26T20:30:00Z,18,78,low
2026-07-26T20:30:00Z,2026-07-26T21:00:00Z,1,0,very low
2026-07-26T20:30:00Z,2026-07-26T21:00:00Z,2,2,very low
2026-07-26T20:30:00Z,2026-07-26T21:00:00Z,3,12,very low
2026-07-26T20:30:00Z,2026-07-26T21:00:00Z,4,21,very low
2026-07-26T20:30:00Z,2026-07-26T21:00:00Z,5,61,low
2026-07-26T20:30:00Z,2026-07-26T21:00:00Z,6,22,very low
2026-07-26T20:30:00Z,2026-07-26T21:00:00Z,7,222,high
2026-07-26T20:30:00Z,2026-07-26T21:00:00Z,8,26,low
2026-07-26T20:30:00Z,2026-07-26T21:00:00Z,9,82,low
2026-07-26T20:30:00Z,2026-07-26T21:00:00Z,10,152,moderate
2026-07-26T20:30:00Z,2026-07-26T21:00:00Z,11,214,high
2026-07-26T20:30:00Z,2026-07-26T21:00:00Z,12,97,moderate
2026-07-26T20:30:00Z,2026-07-26T21:00:00Z,13,112,moderate
2026-07-26T20:30:00Z,2026-07-26T21:00:00Z,14,94,moderate
2026-07-26T20:30:00Z,2026-07-26T21:00:00Z,15,82,low
2026-07-26T20:30:00Z,2026-07-26T21:00:00Z,16,2,very low
2026-07-26T20:30:00Z,2026-07-26T21:00:00Z,17,85,low
2026-07-26T20:30:00Z,2026-07-26T21:00:00Z,18,78,low
2026-07-26T21:00:00Z,2026-07-26T21:30:00Z,1,0,very low
2026-07-26T21:00:00Z,2026-07-26T21:30:00Z,2,1,very low
2026-07-26T21:00:00Z,2026-07-26T21:30:00Z,3,11,very low
2026-07-26T21:00:00Z,2026-07-26T21:30:00Z,4,21,very low
2026-07-26T21:00:00Z,2026-07-26T21:30:00Z,5,62,low
2026-07-26T21:00:00Z,2026-07-26T21:30:00Z,6,22,very low
2026-07-26T21:00:00Z,2026-07-26T21:30:00Z,7,233,very high
2026-07-26T21:00:00Z,2026-07-26T21:30:00Z,8,27,low
2026-07-26T21:00:00Z,2026-07-26T21:30:00Z,9,85,low
2026-07-26T21:00:00Z,2026-07-26T21:30:00Z,10,146,moderate
2026-07-26T21:00:00Z,2026-07-26T21:30:00Z,11,220,high
2026-07-26T21:00:00Z,2026-07-26T21:30:00Z,12,99,moderate
2026-07-26T21:00:00Z,2026-07-26T21:30:00Z,13,111,moderate
2026-07-26T21:00:00Z,2026-07-26T21:30:00Z,14,92,moderate
2026-07-26T21:00:00Z,2026-07-26T21:30:00Z,15,81,low
2026-07-26T21:00:00Z,2026-07-26T21:30:00Z,16,2,very low
2026-07-26T21:00:00Z,2026-07-26T21:30:00Z,17,89,low
2026-07-26T21:00:00Z,2026-07-26T21:30:00Z,18,77,low
2026-07-26T21:30:00Z,2026-07-26T22:00:00Z,1,0,very low
2026-07-26T21:30:00Z,2026-07-26T22:00:00Z,2,1,very low
2026-07-26T21:30:00Z,2026-07-26T22:00:00Z,3,13,very low
2026-07-26T21:30:00Z,2026-07-26T22:00:00Z,4,23,very low
2026-07-26T21:30:00Z,2026-07-26T22:00:00Z,5,61,low
2026-07-26T21:30:00Z,2026-07-26T22:00:00Z,6,23,very low
2026-07-26T21:30:00Z,2026-07-26T22:00:00Z,7,229,high
2026-07-26T21:30:00Z,2026-07-26T22:00:00Z,8,30,low
2026-07-26T21:30:00Z,2026-07-26T22:00:00Z,9,83,low
2026-07-26T21:30:00Z,2026-07-26T22:00:00Z,10,121,moderate
2026-07-26T21:30:00Z,2026-07-26T22:00:00Z,11,236,very high
2026-07-26T21:30:00Z,2026-07-26T22:00:00Z,12,105,moderate
2026-07-26T21:30:00Z,2026-07-26T22:00:00Z,13,103,moderate
2026-07-26T21:30:00Z,2026-07-26T22:00:00Z,14,93,moderate
2026-07-26T21:30:00Z,2026-07-26T22:00:00Z,15,77,low
2026-07-26T21:30:00Z,2026-07-26T22:00:00Z,16,2,very low
2026-07-26T21:30:00Z,2026-07-26T22:00:00Z,17,103,moderate
2026-07-26T21:30:00Z,2026-07-26T22:00:00Z,18,74,low
2026-07-26T22:00:00Z,2026-07-26T22:30:00Z,1,0,very low
2026-07-26T22:00:00Z,2026-07-26T22:30:00Z,2,2,very low
2026-07-26T22:00:00Z,2026-07-26T22:30:00Z,3,14,very low
2026-07-26T22:00:00Z,2026-07-26T22:30:00Z,4,23,very low
2026-07-26T22:00:00Z,2026-07-26T22:30:00Z,5,60,low
2026-07-26T22:00:00Z,2026-07-26T22:30:00Z,6,24,very low
2026-07-26T22:00:00Z,2026-07-26T22:30:00Z,7,229,high
2026-07-26T22:00:00Z,2026-07-26T22:30:00Z,8,32,low
2026-07-26T22:00:00Z,2026-07-26T22:30:00Z,9,82,low
2026-07-26T22:00:00Z,2026-07-26T22:30:00Z,10,117,moderate
2026-07-26T22:00:00Z,2026-07-26T22:30:00Z,11,239,very high
2026-07-26T22:00:00Z,2026-07-26T22:30:00Z,12,105,moderate
2026-07-26T22:00:00Z,2026-07-26T22:30:00Z,13,102,moderate
2026-07-26T22:00:00Z,2026-07-26T22:30:00Z,14,94,moderate
2026-07-26T22:00:00Z,2026-07-26T22:30:00Z,15,76,low
2026-07-26T22:00:00Z,2026-07-26T22:30:00Z,16,2,very low
2026-07-26T22:00:00Z,2026-07-26T22:30:00Z,17,108,moderate
2026-07-26T22:00:00Z,2026-07-26T22:30:00Z,18,74,low
2026-07-26T22:30:00Z,2026-07-26T23:00:00Z,1,0,very low
2026-07-26T22:30:00Z,2026-07-26T23:00:00Z,2,1,very low
2026-07-26T22:30:00Z,2026-07-26T23:00:00Z,3,11,very low
2026-07-26T22:30:00Z,2026-07-26T23:00:00Z,4,21,very low
2026-07-26T22:30:00Z,2026-07-26T23:00:00Z,5,54,low
2026-07-26T22:30:00Z,2026-07-26T23:00:00Z,6,21,very low
2026-07-26T22:30:00Z,2026-07-26T23:00:00Z,7,227,high
2026-07-26T22:30:00Z,2026-07-26T23:00:00Z,8,27,low
2026-07-26T22:30:00Z,2026-07-26T23:00:00Z,9,80,low
2026-07-26T22:30:00Z,2026-07-26T23:00:00Z,10,116,moderate
2026-07-26T22:30:00Z,2026-07-26T23:00:00Z,11,243,very high
2026-07-26T22:30:00Z,2026-07-26T23:00:00Z,12,103,moderate
2026-07-26T22:30:00Z,2026-07-26T23:00:00Z,13,104,moderate
2026-07-26T22:30:00Z,2026-07-26T23:00:00Z,14,96,moderate
2026-07-26T22:30:00Z,2026-07-26T23:00:00Z,15,74,low
2026-07-26T22:30:00Z,2026-07-26T23:00:00Z,16,2,very low
2026-07-26T22:30:00Z,2026-07-26T23:00:00Z,17,107,moderate
2026-07-26T22:30:00Z,2026-07-26T23:00:00Z,18,72,low
2026-07-26T23:00:00Z,2026-07-26T23:30:00Z,1,0,very low
2026-07-26T23:00:00Z,2026-07-26T23:30:00Z,2,1,very low
2026-07-26T23:00:00Z,2026-07-26T23:30:00Z,3,14,very low
2026-07-26T23:00:00Z,2026-07-26T23:30:00Z,4,20,very low
2026-07-26T23:00:00Z,2026-07-26T23:30:00Z,5,53,low
2026-07-26T23:00:00Z,2026-07-26T23:30:00Z,6,21,very low
2026-07-26T23:00:00Z,2026-07-26T23:30:00Z,7,233,very high
2026-07-26T23:00:00Z,2026-07-26T23:30:00Z,8,28,low
2026-07-26T23:00:00Z,2026-07-26T23:30:00Z,9,81,low
2026-07-26T23:00:00Z,2026-07-26T23:30:00Z,10,110,moderate
2026-07-26T23:00:00Z,2026-07-26T23:30:00Z,11,251,very high
2026-07-26T23:00:00Z,2026-07-26T23:30:00Z,12,102,moderate
2026-07-26T23:00:00Z,2026-07-26T23:30:00Z,13,101,moderate
2026-07-26T23:00:00Z,2026-07-26T23:30:00Z,14,94,moderate
2026-07-26T23:00:00Z,2026-07-26T23:30:00Z,15,73,low
2026-07-26T23:00:00Z,2026-07-26T23:30:00Z,16,2,very low
2026-07-26T23:00:00Z,2026-07-26T23:30:00Z,17,105,moderate
2026-07-26T23:00:00Z,2026-07-26T23:30:00Z,18,71,low
2026-07-26T23:30:00Z,2026-07-27T00:00:00Z,1,0,very low
2026-07-26T23:30:00Z,2026-07-27T00:00:00Z,2,1,very low
2026-07-26T23:30:00Z,2026-07-27T00:00:00Z,3,15,very low
2026-07-26T23:30:00Z,2026-07-27T00:00:00Z,4,16,very low
2026-07-26T23:30:00Z,2026-07-27T00:00:00Z,5,58,low
2026-07-26T23:30:00Z,2026-07-27T00:00:00Z,6,30,low
2026-07-26T23:30:00Z,2026-07-27T00:00:00Z,7,175,high
2026-07-26T23:30:00Z,2026-07-27T00:00:00Z,8,36,low
2026-07-26T23:30:00Z,2026-07-27T00:00:00Z,9,93,moderate
2026-07-26T23:30:00Z,2026-07-27T00:00:00Z,10,113,moderate
2026-07-26T23:30:00Z,2026-07-27T00:00:00Z,11,304,very high
2026-07-26T23:30:00Z,2026-07-27T00:00:00Z,12,115,moderate
2026-07-26T23:30:00Z,2026-07-27T00:00:00Z,13,104,moderate
2026-07-26T23:30:00Z,2026-07-27T00:00:00Z,14,97,moderate
2026-07-26T23:30:00Z,2026-07-27T00:00:00Z,15,78,low
2026-07-26T23:30:00Z,2026-07-27T00:00:00Z,16,1,very low
2026-07-26T23:30:00Z,2026-07-27T00:00:00Z,17,91,moderate
2026-07-26T23:30:00Z,2026-07-27T00:00:00Z,18,74,low
2026-07-27T00:00:00Z,2026-07-27T00:30:00Z,1,0,very low
2026-07-27T00:00:00Z,2026-07-27T00:30:00Z,2,1,very low
2026-07-27T00:00:00Z,2026-07-27T00:30:00Z,3,15,very low
2026-07-27T00:00:00Z,2026-07-27T00:30:00Z,4,16,very low
2026-07-27T00:00:00Z,2026-07-27T00:30:00Z,5,57,low
2026-07-27T00:00:00Z,2026-07-27T00:30:00Z,6,29,low
2026-07-27T00:00:00Z,2026-07-27T00:30:00Z,7,191,high
2026-07-27T00:00:00Z,2026-07-27T00:30:00Z,8,37,low
2026-07-27T00:00:00Z,2026-07-27T00:30:00Z,9,100,moderate
2026-07-27T00:00:00Z,2026-07-27T00:30:00Z,10,115,moderate
2026-07-27T00:00:00Z,2026-07-27T00:30:00Z,11,305,very high
2026-07-27T00:00:00Z,2026-07-27T00:30:00Z,12,117,moderate
2026-07-27T00:00:00Z,2026-07-27T00:30:00Z,13,105,moderate
2026-07-27T00:00:00Z,2026-07-27T00:30:00Z,14,97,moderate
2026-07-27T00:00:00Z,2026-07-27T00:30:00Z,15,80,low
2026-07-27T00:00:00Z,2026-07-27T00:30:00Z,16,1,very low
2026-07-27T00:00:00Z,2026-07-27T00:30:00Z,17,99,moderate
2026-07-27T00:00:00Z,2026-07-27T00:30:00Z,18,76,low
2026-07-27T00:30:00Z,2026-07-27T01:00:00Z,1,0,very low
2026-07-27T00:30:00Z,2026-07-27T01:00:00Z,2,1,very low
2026-07-27T00:30:00Z,2026-07-27T01:00:00Z,3,15,very low
2026-07-27T00:30:00Z,2026-07-27T01:00:00Z,4,17,very low
2026-07-27T00:30:00Z,2026-07-27T01:00:00Z,5,61,low
2026-07-27T00:30:00Z,2026-07-27T01:00:00Z,6,28,low
2026-07-27T00:30:00Z,2026-07-27T01:00:00Z,7,203,high
2026-07-27T00:30:00Z,2026-07-27T01:00:00Z,8,35,low
2026-07-27T00:30:00Z,2026-07-27T01:00:00Z,9,99,moderate
2026-07-27T00:30:00Z,2026-07-27T01:00:00Z,10,120,moderate
2026-07-27T00:30:00Z,2026-07-27T01:00:00Z,11,316,very high
2026-07-27T00:30:00Z,2026-07-27T01:00:00Z,12,123,moderate
2026-07-27T00:30:00Z,2026-07-27T01:00:00Z,13,106,moderate
2026-07-27T00:30:00Z,2026-07-27T01:00:00Z,14,98,moderate
2026-07-27T00:30:00Z,2026-07-27T01:00:00Z,15,85,low
2026-07-27T00:30:00Z,2026-07-27T01:00:00Z,16,1,very low
2026-07-27T00:30:00Z,2026-07-27T01:00:00Z,17,76,low
2026-07-27T00:30:00Z,2026-07-27T01:00:00Z,18,78,low
2026-07-27T01:00:00Z,2026-07-27T01:30:00Z,1,0,very low
2026-07-27T01:00:00Z,2026-07-27T01:30:00Z,2,1,very low
2026-07-27T01:00:00Z,2026-07-27T01:30:00Z,3,16,very low
2026-07-27T01:00:00Z,2026-07-27T01:30:00Z,4,17,very low
2026-07-27T01:00:00Z,2026-07-27T01:30:00Z,5,63,low
2026-07-27T01:00:00Z,2026-07-27T01:30:00Z,6,26,low
2026-07-27T01:00:00Z,2026-07-27T01:30:00Z,7,185,high
2026-07-27T01:00:00Z,2026-07-27T01:30:00Z,8,36,low
2026-07-27T01:00:00Z,2026-07-27T01:30:00Z,9,103,moderate
2026-07-27T01:00:00Z,2026-07-27T01:30:00Z,10,123,moderate
2026-07-27T01:00:00Z,2026-07-27T01:30:00Z,11,317,very high
2026-07-27T01:00:00Z,2026-07-27T01:30:00Z,12,125,moderate
2026-07-27T01:00:00Z,2026-07-27T01:30:00Z,13,109,moderate
2026-07-27T01:00:00Z,2026-07-27T01:30:00Z,14,99,moderate
2026-07-27T01:00:00Z,2026-07-27T01:30:00Z,15,86,low
2026-07-27T01:00:00Z,2026-07-27T01:30:00Z,16,1,very low
2026-07-27T01:00:00Z,2026-07-27T01:30:00Z,17,80,low
2026-07-27T01:00:00Z,2026-07-27T01:30:00Z,18,80,low
2026-07-27T01:30:00Z,2026-07-27T02:00:00Z,1,0,very low
2026-07-27T01:30:00Z,2026-07-27T02:00:00Z,2,1,very low
2026-07-27T01:30:00Z,2026-07-27T02:00:00Z,3,17,very low
2026-07-27T01:30:00Z,2026-07-27T02:00:00Z,4,17,very low
2026-07-27T01:30:00Z,2026-07-27T02:00:00Z,5,63,low
2026-07-27T01:30:00Z,2026-07-27T02:00:00Z,6,28,low
2026-07-27T01:30:00Z,2026-07-27T02:00:00Z,7,196,high
2026-07-27T01:30:00Z,2026-07-27T02:00:00Z,8,39,low
2026-07-27T01:30:00Z,2026-07-27T02:00:00Z,9,100,moderate
2026-07-27T01:30:00Z,2026-07-27T02:00:00Z,10,123,moderate
2026-07-27T01:30:00Z,2026-07-27T02:00:00Z,11,320,very high
2026-07-27T01:30:00Z,2026-07-27T02:00:00Z,12,125,moderate
2026-07-27T01:30:00Z,2026-07-27T02:00:00Z,13,107,moderate
2026-07-27T01:30:00Z,2026-07-27T02:00:00Z,14,97,moderate
2026-07-27T01:30:00Z,2026-07-27T02:00:00Z,15,85,low
2026-07-27T01:30:00Z,2026-07-27T02:00:00Z,16,1,very low
2026-07-27T01:30:00Z,2026-07-27T02:00:00Z,17,80,low
2026-07-27T01:30:00Z,2026-07-27T02:00:00Z,18,79,low
2026-07-27T02:00:00Z,2026-07-27T02:30:00Z,1,0,very low
2026-07-27T02:00:00Z,2026-07-27T02:30:00Z,2,1,very low
2026-07-27T02:00:00Z,2026-07-27T02:30:00Z,3,17,very low
2026-07-27T02:00:00Z,2026-07-27T02:30:00Z,4,15,very low
2026-07-27T02:00:00Z,2026-07-27T02:30:00Z,5,61,low
2026-07-27T02:00:00Z,2026-07-27T02:30:00Z,6,28,low
2026-07-27T02:00:00Z,2026-07-27T02:30:00Z,7,223,high
2026-07-27T02:00:00Z,2026-07-27T02:30:00Z,8,37,low
2026-07-27T02:00:00Z,2026-07-27T02:30:00Z,9,91,moderate
2026-07-27T02:00:00Z,2026-07-27T02:30:00Z,10,125,moderate
2026-07-27T02:00:00Z,2026-07-27T02:30:00Z,11,327,very high
2026-07-27T02:00:00Z,2026-07-27T02:30:00Z,12,127,moderate
2026-07-27T02:00:00Z,2026-07-27T02:30:00Z,13,109,moderate
2026-07-27T02:00:00Z,2026-07-27T02:30:00Z,14,99,moderate
2026-07-27T02:00:00Z,2026-07-27T02:30:00Z,15,85,low
2026-07-27T02:00:00Z,2026-07-27T02:30:00Z,16,1,very low
2026-07-27T02:00:00Z,2026-07-27T02:30:00Z,17,95,moderate
2026-07-27T02:00:00Z,2026-07-27T02:30:00Z,18,80,low
2026-07-27T02:30:00Z,2026-07-27T03:00:00Z,1,0,very low
2026-07-27T02:30:00Z,2026-07-27T03:00:00Z,2,1,very low
2026-07-27T02:30:00Z,2026-07-27T03:00:00Z,3,17,very low
2026-07-27T02:30:00Z,2026-07-27T03:00:00Z,4,14,very low
2026-07-27T02:30:00Z,2026-07-27T03:00:00Z,5,58,low
2026-07-27T02:30:00Z,2026-07-27T03:00:00Z,6,28,low
2026-07-27T02:30:00Z,2026-07-27T03:00:00Z,7,193,high
2026-07-27T02:30:00Z,2026-07-27T03:00:00Z,8,38,low
2026-07-27T02:30:00Z,2026-07-27T03:00:00Z,9,97,moderate
2026-07-27T02:30:00Z,2026-07-27T03:00:00Z,10,94,moderate
2026-07-27T02:30:00Z,2026-07-27T03:00:00Z,11,329,very high
2026-07-27T02:30:00Z,2026-07-27T03:00:00Z,12,128,moderate
2026-07-27T02:30:00Z,2026-07-27T03:00:00Z,13,96,moderate
2026-07-27T02:30:00Z,2026-07-27T03:00:00Z,14,97,moderate
2026-07-27T02:30:00Z,2026-07-27T03:00:00Z,15,79,low
2026-07-27T02:30:00Z,2026-07-27T03:00:00Z,16,1,very low
2026-07-27T02:30:00Z,2026-07-27T03:00:00Z,17,91,moderate
2026-07-27T02:30:00Z,2026-07-27T03:00:00Z,18,75,low
2026-07-27T03:00:00Z,2026-07-27T03:30:00Z,1,0,very low
2026-07-27T03:00:00Z,2026-07-27T03:30:00Z,2,1,very low
2026-07-27T03:00:00Z,2026-07-27T03:30:00Z,3,17,very low
2026-07-27T03:00:00Z,2026-07-27T03:30:00Z,4,12,very low
2026-07-27T03:00:00Z,2026-07-27T03:30:00Z,5,53,low
2026-07-27T03:00:00Z,2026-07-27T03:30:00Z,6,29,low
2026-07-27T03:00:00Z,2026-07-27T03:30:00Z,7,208,high
2026-07-27T03:00:00Z,2026-07-27T03:30:00Z,8,38,low
2026-07-27T03:00:00Z,2026-07-27T03:30:00Z,9,103,moderate
2026-07-27T03:00:00Z,2026-07-27T03:30:00Z,10,96,moderate
2026-07-27T03:00:00Z,2026-07-27T03:30:00Z,11,334,very high
2026-07-27T03:00:00Z,2026-07-27T03:30:00Z,12,130,moderate
2026-07-27T03:00:00Z,2026-07-27T03:30:00Z,13,93,moderate
2026-07-27T03:00:00Z,2026-07-27T03:30:00Z,14,89,low
2026-07-27T03:00:00Z,2026-07-27T03:30:00Z,15,81,low
2026-07-27T03:00:00Z,2026-07-27T03:30:00Z,16,1,very low
2026-07-27T03:00:00Z,2026-07-27T03:30:00Z,17,92,moderate
2026-07-27T03:00:00Z,2026-07-27T03:30:00Z,18,76,low
2026-07-27T03:30:00Z,2026-07-27T04:00:00Z,1,0,very low
2026-07-27T03:30:00Z,2026-07-27T04:00:00Z,2,1,very low
2026-07-27T03:30:00Z,2026-07-27T04:00:00Z,3,17,very low
2026-07-27T03:30:00Z,2026-07-27T04:00:00Z,4,12,very low
2026-07-27T03:30:00Z,2026-07-27T04:00:00Z,5,50,low
2026-07-27T03:30:00Z,2026-07-27T04:00:00Z,6,30,low
2026-07-27T03:30:00Z,2026-07-27T04:00:00Z,7,208,high
2026-07-27T03:30:00Z,2026-07-27T04:00:00Z,8,36,low
2026-07-27T03:30:00Z,2026-07-27T04:00:00Z,9,100,moderate
2026-07-27T03:30:00Z,2026-07-27T04:00:00Z,10,68,low
2026-07-27T03:30:00Z,2026-07-27T04:00:00Z,11,340,very high
2026-07-27T03:30:00Z,2026-07-27T04:00:00Z,12,131,moderate
2026-07-27T03:30:00Z,2026-07-27T04:00:00Z,13,89,low
2026-07-27T03:30:00Z,2026-07-27T04:00:00Z,14,96,moderate
2026-07-27T03:30:00Z,2026-07-27T04:00:00Z,15,76,low
2026-07-27T03:30:00Z,2026-07-27T04:00:00Z,16,0,very low
2026-07-27T03:30:00Z,2026-07-27T04:00:00Z,17,93,moderate
2026-07-27T03:30:00Z,2026-07-27T04:00:00Z,18,73,low
2026-07-27T04:00:00Z,2026-07-27T04:30:00Z,1,0,very low
2026-07-27T04:00:00Z,2026-07-27T04:30:00Z,2,1,very low
2026-07-27T04:00:00Z,2026-07-27T04:30:00Z,3,26,low
2026-07-27T04:00:00Z,2026-07-27T04:30:00Z,4,13,very low
2026-07-27T04:00:00Z,2026-07-27T04:30:00Z,5,53,low
2026-07-27T04:00:00Z,2026-07-27T04:30:00Z,6,32,low
2026-07-27T04:00:00Z,2026-07-27T04:30:00Z,7,211,high
2026-07-27T04:00:00Z,2026-07-27T04:30:00Z,8,40,low
2026-07-27T04:00:00Z,2026-07-27T04:30:00Z,9,96,moderate
2026-07-27T04:00:00Z,2026-07-27T04:30:00Z,10,71,low
2026-07-27T04:00:00Z,2026-07-27T04:30:00Z,11,341,very high
2026-07-27T04:00:00Z,2026-07-27T04:30:00Z,12,130,moderate
2026-07-27T04:00:00Z,2026-07-27T04:30:00Z,13,92,moderate
2026-07-27T04:00:00Z,2026-07-27T04:30:00Z,14,99,moderate
2026-07-27T04:00:00Z,2026-07-27T04:30:00Z,15,79,low
2026-07-27T04:00:00Z,2026-07-27T04:30:00Z,16,1,very low
2026-07-27T04:00:00Z,2026-07-27T04:30:00Z,17,87,low
2026-07-27T04:00:00Z,2026-07-27T04:30:00Z,18,75,low
2026-07-27T04:30:00Z,2026-07-27T05:00:00Z,1,0,very low
2026-07-27T04:30:00Z,2026-07-27T05:00:00Z,2,1,very low
2026-07-27T04:30:00Z,2026-07-27T05:00:00Z,3,27,low
2026-07-27T04:30:00Z,2026-07-27T05:00:00Z,4,17,very low
2026-07-27T04:30:00Z,2026-07-27T05:00:00Z,5,60,low
2026-07-27T04:30:00Z,2026-07-27T05:00:00Z,6,30,low
2026-07-27T04:30:00Z,2026-07-27T05:00:00Z,7,210,high
2026-07-27T04:30:00Z,2026-07-27T05:00:00Z,8,42,low
2026-07-27T04:30:00Z,2026-07-27T05:00:00Z,9,102,moderate
2026-07-27T04:30:00Z,2026-07-27T05:00:00Z,10,144,moderate
2026-07-27T04:30:00Z,2026-07-27T05:00:00Z,11,343,very high
2026-07-27T04:30:00Z,2026-07-27T05:00:00Z,12,137,moderate
2026-07-27T04:30:00Z,2026-07-27T05:00:00Z,13,119,moderate
2026-07-27T04:30:00Z,2026-07-27T05:00:00Z,14,104,moderate
2026-07-27T04:30:00Z,2026-07-27T05:00:00Z,15,84,low
2026-07-27T04:30:00Z,2026-07-27T05:00:00Z,16,1,very low
2026-07-27T04:30:00Z,2026-07-27T05:00:00Z,17,88,low
2026-07-27T04:30:00Z,2026-07-27T05:00:00Z,18,84,low
2026-07-27T05:00:00Z,2026-07-27T05:30:00Z,1,0,very low
2026-07-27T05:00:00Z,2026-07-27T05:30:00Z,2,1,very low
2026-07-27T05:00:00Z,2026-07-27T05:30:00Z,3,24,very low
2026-07-27T05:00:00Z,2026-07-27T05:30:00Z,4,18,very low
2026-07-27T05:00:00Z,2026-07-27T05:30:00Z,5,64,low
2026-07-27T05:00:00Z,2026-07-27T05:30:00Z,6,25,low
2026-07-27T05:00:00Z,2026-07-27T05:30:00Z,7,227,high
2026-07-27T05:00:00Z,2026-07-27T05:30:00Z,8,40,low
2026-07-27T05:00:00Z,2026-07-27T05:30:00Z,9,111,moderate
2026-07-27T05:00:00Z,2026-07-27T05:30:00Z,10,153,moderate
2026-07-27T05:00:00Z,2026-07-27T05:30:00Z,11,336,very high
2026-07-27T05:00:00Z,2026-07-27T05:30:00Z,12,133,moderate
2026-07-27T05:00:00Z,2026-07-27T05:30:00Z,13,122,moderate
2026-07-27T05:00:00Z,2026-07-27T05:30:00Z,14,104,moderate
2026-07-27T05:00:00Z,2026-07-27T05:30:00Z,15,96,moderate
2026-07-27T05:00:00Z,2026-07-27T05:30:00Z,16,1,very low
2026-07-27T05:00:00Z,2026-07-27T05:30:00Z,17,106,moderate
2026-07-27T05:00:00Z,2026-07-27T05:30:00Z,18,91,moderate
2026-07-27T05:30:00Z,2026-07-27T06:00:00Z,1,0,very low
2026-07-27T05:30:00Z,2026-07-27T06:00:00Z,2,1,very low
2026-07-27T05:30:00Z,2026-07-27T06:00:00Z,3,25,low
2026-07-27T05:30:00Z,2026-07-27T06:00:00Z,4,18,very low
2026-07-27T05:30:00Z,2026-07-27T06:00:00Z,5,66,low
2026-07-27T05:30:00Z,2026-07-27T06:00:00Z,6,29,low
2026-07-27T05:30:00Z,2026-07-27T06:00:00Z,7,206,high
2026-07-27T05:30:00Z,2026-07-27T06:00:00Z,8,45,low
2026-07-27T05:30:00Z,2026-07-27T06:00:00Z,9,110,moderate
2026-07-27T05:30:00Z,2026-07-27T06:00:00Z,10,176,high
2026-07-27T05:30:00Z,2026-07-27T06:00:00Z,11,312,very high
2026-07-27T05:30:00Z,2026-07-27T06:00:00Z,12,123,moderate
2026-07-27T05:30:00Z,2026-07-27T06:00:00Z,13,121,moderate
2026-07-27T05:30:00Z,2026-07-27T06:00:00Z,14,106,moderate
2026-07-27T05:30:00Z,2026-07-27T06:00:00Z,15,99,moderate
2026-07-27T05:30:00Z,2026-07-27T06:00:00Z,16,1,very low
2026-07-27T05:30:00Z,2026-07-27T06:00:00Z,17,120,moderate
2026-07-27T05:30:00Z,2026-07-27T06:00:00Z,18,96,moderate
2026-07-27T06:00:00Z,2026-07-27T06:30:00Z,1,0,very low
2026-07-27T06:00:00Z,2026-07-27T06:30:00Z,2,1,very low
2026-07-27T06:00:00Z,2026-07-27T06:30:00Z,3,27,low
2026-07-27T06:00:00Z,2026-07-27T06:30:00Z,4,18,very low
2026-07-27T06:00:00Z,2026-07-27T06:30:00Z,5,68,low
2026-07-27T06:00:00Z,2026-07-27T06:30:00Z,6,23,very low
2026-07-27T06:00:00Z,2026-07-27T06:30:00Z,7,199,high
2026-07-27T06:00:00Z,2026-07-27T06:30:00Z,8,41,low
2026-07-27T06:00:00Z,2026-07-27T06:30:00Z,9,112,moderate
2026-07-27T06:00:00Z,2026-07-27T06:30:00Z,10,174,high
2026-07-27T06:00:00Z,2026-07-27T06:30:00Z,11,265,very high
2026-07-27T06:00:00Z,2026-07-27T06:30:00Z,12,104,moderate
2026-07-27T06:00:00Z,2026-07-27T06:30:00Z,13,122,moderate
2026-07-27T06:00:00Z,2026-07-27T06:30:00Z,14,107,moderate
2026-07-27T06:00:00Z,2026-07-27T06:30:00Z,15,97,moderate
2026-07-27T06:00:00Z,2026-07-27T06:30:00Z,16,1,very low
2026-07-27T06:00:00Z,2026-07-27T06:30:00Z,17,109,moderate
2026-07-27T06:00:00Z,2026-07-27T06:30:00Z,18,94,moderate
2026-07-27T06:30:00Z,2026-07-27T07:00:00Z,1,0,very low
2026-07-27T06:30:00Z,2026-07-27T07:00:00Z,2,1,very low
2026-07-27T06:30:00Z,2026-07-27T07:00:00Z,3,19,very low
2026-07-27T06:30:00Z,2026-07-27T07:00:00Z,4,18,very low
2026-07-27T06:30:00Z,2026-07-27T07:00:00Z,5,71,low
2026-07-27T06:30:00Z,2026-07-27T07:00:00Z,6,19,very low
2026-07-27T06:30:00Z,2026-07-27T07:00:00Z,7,185,high
2026-07-27T06:30:00Z,2026-07-27T07:00:00Z,8,35,low
2026-07-27T06:30:00Z,2026-07-27T07:00:00Z,9,117,moderate
2026-07-27T06:30:00Z,2026-07-27T07:00:00Z,10,178,high
2026-07-27T06:30:00Z,2026-07-27T07:00:00Z,11,230,very high
2026-07-27T06:30:00Z,2026-07-27T07:00:00Z,12,94,moderate
2026-07-27T06:30:00Z,2026-07-27T07:00:00Z,13,118,moderate
2026-07-27T06:30:00Z,2026-07-27T07:00:00Z,14,104,moderate
2026-07-27T06:30:00Z,2026-07-27T07:00:00Z,15,96,moderate
2026-07-27T06:30:00Z,2026-07-27T07:00:00Z,16,1,very low
2026-07-27T06:30:00Z,2026-07-27T07:00:00Z,17,94,moderate
2026-07-27T06:30:00Z,2026-07-27T07:00:00Z,18,92,moderate
2026-07-27T07:00:00Z,2026-07-27T07:30:00Z,1,0,very low
2026-07-27T07:00:00Z,2026-07-27T07:30:00Z,2,2,very low
2026-07-27T07:00:00Z,2026-07-27T07:30:00Z,3,21,very low
2026-07-27T07:00:00Z,2026-07-27T07:30:00Z,4,17,very low
2026-07-27T07:00:00Z,2026-07-27T07:30:00Z,5,71,low
2026-07-27T07:00:00Z,2026-07-27T07:30:00Z,6,15,very low
2026-07-27T07:00:00Z,2026-07-27T07:30:00Z,7,173,high
2026-07-27T07:00:00Z,2026-07-27T07:30:00Z,8,29,low
2026-07-27T07:00:00Z,2026-07-27T07:30:00Z,9,111,moderate
2026-07-27T07:00:00Z,2026-07-27T07:30:00Z,10,171,high
2026-07-27T07:00:00Z,2026-07-27T07:30:00Z,11,174,high
2026-07-27T07:00:00Z,2026-07-27T07:30:00Z,12,84,low
2026-07-27T07:00:00Z,2026-07-27T07:30:00Z,13,112,moderate
2026-07-27T07:00:00Z,2026-07-27T07:30:00Z,14,99,moderate
2026-07-27T07:00:00Z,2026-07-27T07:30:00Z,15,89,low
2026-07-27T07:00:00Z,2026-07-27T07:30:00Z,16,2,very low
2026-07-27T07:00:00Z,2026-07-27T07:30:00Z,17,101,moderate
2026-07-27T07:00:00Z,2026-07-27T07:30:00Z,18,86,low
2026-07-27T07:30:00Z,2026-07-27T08:00:00Z,1,0,very low
2026-07-27T07:30:00Z,2026-07-27T08:00:00Z,2,2,very low
2026-07-27T07:30:00Z,2026-07-27T08:00:00Z,3,18,very low
2026-07-27T07:30:00Z,2026-07-27T08:00:00Z,4,16,very low
2026-07-27T07:30:00Z,2026-07-27T08:00:00Z,5,69,low
2026-07-27T07:30:00Z,2026-07-27T08:00:00Z,6,14,very low
2026-07-27T07:30:00Z,2026-07-27T08:00:00Z,7,138,moderate
2026-07-27T07:30:00Z,2026-07-27T08:00:00Z,8,25,low
2026-07-27T07:30:00Z,2026-07-27T08:00:00Z,9,103,moderate
2026-07-27T07:30:00Z,2026-07-27T08:00:00Z,10,164,moderate
2026-07-27T07:30:00Z,2026-07-27T08:00:00Z,11,150,moderate
2026-07-27T07:30:00Z,2026-07-27T08:00:00Z,12,75,low
2026-07-27T07:30:00Z,2026-07-27T08:00:00Z,13,105,moderate
2026-07-27T07:30:00Z,2026-07-27T08:00:00Z,14,93,moderate
2026-07-27T07:30:00Z,2026-07-27T08:00:00Z,15,83,low
2026-07-27T07:30:00Z,2026-07-27T08:00:00Z,16,2,very low
2026-07-27T07:30:00Z,2026-07-27T08:00:00Z,17,91,moderate
2026-07-27T07:30:00Z,2026-07-27T08:00:00Z,18,80,low
2026-07-27T08:00:00Z,2026-07-27T08:30:00Z,1,0,very low
2026-07-27T08:00:00Z,2026-07-27T08:30:00Z,2,2,very low
2026-07-27T08:00:00Z,2026-07-27T08:30:00Z,3,16,very low
2026-07-27T08:00:00Z,2026-07-27T08:30:00Z,4,15,very low
2026-07-27T08:00:00Z,2026-07-27T08:30:00Z,5,67,low
2026-07-27T08:00:00Z,2026-07-27T08:30:00Z,6,13,very low
2026-07-27T08:00:00Z,2026-07-27T08:30:00Z,7,160,moderate
2026-07-27T08:00:00Z,2026-07-27T08:30:00Z,8,21,very low
2026-07-27T08:00:00Z,2026-07-27T08:30:00Z,9,94,moderate
2026-07-27T08:00:00Z,2026-07-27T08:30:00Z,10,156,moderate
2026-07-27T08:00:00Z,2026-07-27T08:30:00Z,11,137,moderate
2026-07-27T08:00:00Z,2026-07-27T08:30:00Z,12,73,low
2026-07-27T08:00:00Z,2026-07-27T08:30:00Z,13,105,moderate
2026-07-27T08:00:00Z,2026-07-27T08:30:00Z,14,95,moderate
2026-07-27T08:00:00Z,2026-07-27T08:30:00Z,15,79,low
2026-07-27T08:00:00Z,2026-07-27T08:30:00Z,16,2,very low
2026-07-27T08:00:00Z,2026-07-27T08:30:00Z,17,102,moderate
2026-07-27T08:00:00Z,2026-07-27T08:30:00Z,18,77,low
2026-07-27T08:30:00Z,2026-07-27T09:00:00Z,1,0,very low
2026-07-27T08:30:00Z,2026-07-27T09:00:00Z,2,2,very low
2026-07-27T08:30:00Z,2026-07-27T09:00:00Z,3,16,very low
2026-07-27T08:30:00Z,2026-07-27T09:00:00Z,4,14,very low
2026-07-27T08:30:00Z,2026-07-27T09:00:00Z,5,67,low
2026-07-27T08:30:00Z,2026-07-27T09:00:00Z,6,14,very low
2026-07-27T08:30:00Z,2026-07-27T09:00:00Z,7,159,moderate
2026-07-27T08:30:00Z,2026-07-27T09:00:00Z,8,18,very low
2026-07-27T08:30:00Z,2026-07-27T09:00:00Z,9,92,moderate
2026-07-27T08:30:00Z,2026-07-27T09:00:00Z,10,155,moderate
2026-07-27T08:30:00Z,2026-07-27T09:00:00Z,11,118,moderate
2026-07-27T08:30:00Z,2026-07-27T09:00:00Z,12,72,low
2026-07-27T08:30:00Z,2026-07-27T09:00:00Z,13,100,moderate
2026-07-27T08:30:00Z,2026-07-27T09:00:00Z,14,93,moderate
2026-07-27T08:30:00Z,2026-07-27T09:00:00Z,15,77,low
2026-07-27T08:30:00Z,2026-07-27T09:00:00Z,16,1,very low
2026-07-27T08:30:00Z,2026-07-27T09:00:00Z,17,91,moderate
2026-07-27T08:30:00Z,2026-07-27T09:00:00Z,18,74,low
2026-07-27T09:00:00Z,2026-07-27T09:30:00Z,1,0,very low
2026-07-27T09:00:00Z,2026-07-27T09:30:00Z,2,2,very low
2026-07-27T09:00:00Z,2026-07-27T09:30:00Z,3,17,very low
2026-07-27T09:00:00Z,2026-07-27T09:30:00Z,4,14,very low
2026-07-27T09:00:00Z,2026-07-27T09:30:00Z,5,70,low
2026-07-27T09:00:00Z,2026-07-27T09:30:00Z,6,16,very low
2026-07-27T09:00:00Z,2026-07-27T09:30:00Z,7,177,high
2026-07-27T09:00:00Z,2026-07-27T09:30:00Z,8,19,very low
2026-07-27T09:00:00Z,2026-07-27T09:30:00Z,9,92,moderate
2026-07-27T09:00:00Z,2026-07-27T09:30:00Z,10,154,moderate
2026-07-27T09:00:00Z,2026-07-27T09:30:00Z,11,119,moderate
2026-07-27T09:00:00Z,2026-07-27T09:30:00Z,12,72,low
2026-07-27T09:00:00Z,2026-07-27T09:30:00Z,13,100,moderate
2026-07-27T09:00:00Z,2026-07-27T09:30:00Z,14,94,moderate
2026-07-27T09:00:00Z,2026-07-27T09:30:00Z,15,78,low
2026-07-27T09:00:00Z,2026-07-27T09:30:00Z,16,2,very low
2026-07-27T09:00:00Z,2026-07-27T09:30:00Z,17,101,moderate
2026-07-27T09:00:00Z,2026-07-27T09:30:00Z,18,76,low
2026-07-27T09:30:00Z,2026-07-27T10:00:00Z,1,0,very low
2026-07-27T09:30:00Z,2026-07-27T10:00:00Z,2,2,very low
2026-07-27T09:30:00Z,2026-07-27T10:00:00Z,3,17,very low
2026-07-27T09:30:00Z,2026-07-27T10:00:00Z,4,15,very low
2026-07-27T09:30:00Z,2026-07-27T10:00:00Z,5,68,low
2026-07-27T09:30:00Z,2026-07-27T10:00:00Z,6,19,very low
2026-07-27T09:30:00Z,2026-07-27T10:00:00Z,7,172,high
2026-07-27T09:30:00Z,2026-07-27T10:00:00Z,8,20,very low
2026-07-27T09:30:00Z,2026-07-27T10:00:00Z,9,97,moderate
2026-07-27T09:30:00Z,2026-07-27T10:00:00Z,10,160,moderate
2026-07-27T09:30:00Z,2026-07-27T10:00:00Z,11,129,moderate
2026-07-27T09:30:00Z,2026-07-27T10:00:00Z,12,79,low
2026-07-27T09:30:00Z,2026-07-27T10:00:00Z,13,106,moderate
2026-07-27T09:30:00Z,2026-07-27T10:00:00Z,14,102,moderate
2026-07-27T09:30:00Z,2026-07-27T10:00:00Z,15,82,low
2026-07-27T09:30:00Z,2026-07-27T10:00:00Z,16,1,very low
2026-07-27T09:30:00Z,2026-07-27T10:00:00Z,17,104,moderate
2026-07-27T09:30:00Z,2026-07-27T10:00:00Z,18,80,low
2026-07-27T10:00:00Z,2026-07-27T10:30:00Z,1,0,very low
2026-07-27T10:00:00Z,2026-07-27T10:30:00Z,2,2,very low
2026-07-27T10:00:00Z,2026-07-27T10:30:00Z,3,21,very low
2026-07-27T10:00:00Z,2026-07-27T10:30:00Z,4,15,very low
2026-07-27T10:00:00Z,2026-07-27T10:30:00Z,5,63,low
2026-07-27T10:00:00Z,2026-07-27T10:30:00Z,6,21,very low
2026-07-27T10:00:00Z,2026-07-27T10:30:00Z,7,127,moderate
2026-07-27T10:00:00Z,2026-07-27T10:30:00Z,8,21,very low
2026-07-27T10:00:00Z,2026-07-27T10:30:00Z,9,80,low
2026-07-27T10:00:00Z,2026-07-27T10:30:00Z,10,156,moderate
2026-07-27T10:00:00Z,2026-07-27T10:30:00Z,11,143,moderate
2026-07-27T10:00:00Z,2026-07-27T10:30:00Z,12,75,low
2026-07-27T10:00:00Z,2026-07-27T10:30:00Z,13,94,moderate
2026-07-27T10:00:00Z,2026-07-27T10:30:00Z,14,87,low
2026-07-27T10:00:00Z,2026-07-27T10:30:00Z,15,78,low
2026-07-27T10:00:00Z,2026-07-27T10:30:00Z,16,1,very low
2026-07-27T10:00:00Z,2026-07-27T10:30:00Z,17,94,moderate
2026-07-27T10:00:00Z,2026-07-27T10:30:00Z,18,75,low
2026-07-27T10:30:00Z,2026-07-27T11:00:00Z,1,0,very low
2026-07-27T10:30:00Z,2026-07-27T11:00:00Z,2,2,very low
2026-07-27T10:30:00Z,2026-07-27T11:00:00Z,3,21,very low
2026-07-27T10:30:00Z,2026-07-27T11:00:00Z,4,16,very low
2026-07-27T10:30:00Z,2026-07-27T11:00:00Z,5,58,low
2026-07-27T10:30:00Z,2026-07-27T11:00:00Z,6,20,very low
2026-07-27T10:30:00Z,2026-07-27T11:00:00Z,7,99,moderate
2026-07-27T10:30:00Z,2026-07-27T11:00:00Z,8,20,very low
2026-07-27T10:30:00Z,2026-07-27T11:00:00Z,9,67,low
2026-07-27T10:30:00Z,2026-07-27T11:00:00Z,10,151,moderate
2026-07-27T10:30:00Z,2026-07-27T11:00:00Z,11,124,moderate
2026-07-27T10:30:00Z,2026-07-27T11:00:00Z,12,69,low
2026-07-27T10:30:00Z,2026-07-27T11:00:00Z,13,89,low
2026-07-27T10:30:00Z,2026-07-27T11:00:00Z,14,85,low
2026-07-27T10:30:00Z,2026-07-27T11:00:00Z,15,73,low
2026-07-27T10:30:00Z,2026-07-27T11:00:00Z,16,1,very low
2026-07-27T10:30:00Z,2026-07-27T11:00:00Z,17,61,low
2026-07-27T10:30:00Z,2026-07-27T11:00:00Z,18,68,low
2026-07-27T11:00:00Z,2026-07-27T11:30:00Z,1,0,very low
2026-07-27T11:00:00Z,2026-07-27T11:30:00Z,2,2,very low
2026-07-27T11:00:00Z,2026-07-27T11:30:00Z,3,25,low
2026-07-27T11:00:00Z,2026-07-27T11:30:00Z,4,16,very low
2026-07-27T11:00:00Z,2026-07-27T11:30:00Z,5,57,low
2026-07-27T11:00:00Z,2026-07-27T11:30:00Z,6,19,very low
2026-07-27T11:00:00Z,2026-07-27T11:30:00Z,7,47,low
2026-07-27T11:00:00Z,2026-07-27T11:30:00Z,8,21,very low
2026-07-27T11:00:00Z,2026-07-27T11:30:00Z,9,67,low
2026-07-27T11:00:00Z,2026-07-27T11:30:00Z,10,153,moderate
2026-07-27T11:00:00Z,2026-07-27T11:30:00Z,11,137,moderate
2026-07-27T11:00:00Z,2026-07-27T11:30:00Z,12,72,low
2026-07-27T11:00:00Z,2026-07-27T11:30:00Z,13,83,low
2026-07-27T11:00:00Z,2026-07-27T11:30:00Z,14,78,low
2026-07-27T11:00:00Z,2026-07-27T11:30:00Z,15,71,low
2026-07-27T11:00:00Z,2026-07-27T11:30:00Z,16,1,very low
2026-07-27T11:00:00Z,2026-07-27T11:30:00Z,17,60,low
2026-07-27T11:00:00Z,2026-07-27T11:30:00Z,18,66,low
2026-07-27T11:30:00Z,2026-07-27T12:00:00Z,1,0,very low
2026-07-27T11:30:00Z,2026-07-27T12:00:00Z,2,1,very low
2026-07-27T11:30:00Z,2026-07-27T12:00:00Z,3,26,low
2026-07-27T11:30:00Z,2026-07-27T12:00:00Z,4,14,very low
2026-07-27T11:30:00Z,2026-07-27T12:00:00Z,5,52,low
2026-07-27T11:30:00Z,2026-07-27T12:00:00Z,6,12,very low
2026-07-27T11:30:00Z,2026-07-27T12:00:00Z,7,50,low
2026-07-27T11:30:00Z,2026-07-27T12:00:00Z,8,18,very low
2026-07-27T11:30:00Z,2026-07-27T12:00:00Z,9,66,low
2026-07-27T11:30:00Z,2026-07-27T12:00:00Z,10,149,moderate
2026-07-27T11:30:00Z,2026-07-27T12:00:00Z,11,139,moderate
2026-07-27T11:30:00Z,2026-07-27T12:00:00Z,12,72,low
2026-07-27T11:30:00Z,2026-07-27T12:00:00Z,13,75,low
2026-07-27T11:30:00Z,2026-07-27T12:00:00Z,14,66,low
2026-07-27T11:30:00Z,2026-07-27T12:00:00Z,15,69,low
2026-07-27T11:30:00Z,2026-07-27T12:00:00Z,16,1,very low
2026-07-27T11:30:00Z,2026-07-27T12:00:00Z,17,48,low
2026-07-27T11:30:00Z,2026-07-27T12:00:00Z,18,63,low
2026-07-27T12:00:00Z,2026-07-27T12:30:00Z,1,0,very low
2026-07-27T12:00:00Z,2026-07-27T12:30:00Z,2,1,very low
2026-07-27T12:00:00Z,2026-07-27T12:30:00Z,3,25,low
2026-07-27T12:00:00Z,2026-07-27T12:30:00Z,4,13,very low
2026-07-27T12:00:00Z,2026-07-27T12:30:00Z,5,45,low
2026-07-27T12:00:00Z,2026-07-27T12:30:00Z,6,9,very low
2026-07-27T12:00:00Z,2026-07-27T12:30:00Z,7,43,low
2026-07-27T12:00:00Z,2026-07-27T12:30:00Z,8,16,very low
2026-07-27T12:00:00Z,2026-07-27T12:30:00Z,9,60,low
2026-07-27T12:00:00Z,2026-07-27T12:30:00Z,10,144,moderate
2026-07-27T12:00:00Z,2026-07-27T12:30:00Z,11,133,moderate
2026-07-27T12:00:00Z,2026-07-27T12:30:00Z,12,70,low
2026-07-27T12:00:00Z,2026-07-27T12:30:00Z,13,73,low
2026-07-27T12:00:00Z,2026-07-27T12:30:00Z,14,65,low
2026-07-27T12:00:00Z,2026-07-27T12:30:00Z,15,66,low
2026-07-27T12:00:00Z,2026-07-27T12:30:00Z,16,1,very low
2026-07-27T12:00:00Z,2026-07-27T12:30:00Z,17,44,low
2026-07-27T12:00:00Z,2026-07-27T12:30:00Z,18,60,low
2026-07-27T12:30:00Z,2026-07-27T13:00:00Z,1,0,very low
2026-07-27T12:30:00Z,2026-07-27T13:00:00Z,2,1,very low
2026-07-27T12:30:00Z,2026-07-27T13:00:00Z,3,28,low
2026-07-27T12:30:00Z,2026-07-27T13:00:00Z,4,15,very low
2026-07-27T12:30:00Z,2026-07-27T13:00:00Z,5,44,low
2026-07-27T12:30:00Z,2026-07-27T13:00:00Z,6,9,very low
2026-07-27T12:30:00Z,2026-07-27T13:00:00Z,7,49,low
2026-07-27T12:30:00Z,2026-07-27T13:00:00Z,8,18,very low
2026-07-27T12:30:00Z,2026-07-27T13:00:00Z,9,57,low
2026-07-27T12:30:00Z,2026-07-27T13:00:00Z,10,146,moderate
2026-07-27T12:30:00Z,2026-07-27T13:00:00Z,11,142,moderate
2026-07-27T12:30:00Z,2026-07-27T13:00:00Z,12,74,low
2026-07-27T12:30:00Z,2026-07-27T13:00:00Z,13,72,low
2026-07-27T12:30:00Z,2026-07-27T13:00:00Z,14,64,low
2026-07-27T12:30:00Z,2026-07-27T13:00:00Z,15,68,low
2026-07-27T12:30:00Z,2026-07-27T13:00:00Z,16,1,very low
2026-07-27T12:30:00Z,2026-07-27T13:00:00Z,17,39,low
2026-07-27T12:30:00Z,2026-07-27T13:00:00Z,18,61,low
2026-07-27T13:00:00Z,2026-07-27T13:30:00Z,1,0,very low
2026-07-27T13:00:00Z,2026-07-27T13:30:00Z,2,1,very low
2026-07-27T13:00:00Z,2026-07-27T13:30:00Z,3,32,low
2026-07-27T13:00:00Z,2026-07-27T13:30:00Z,4,17,very low
2026-07-27T13:00:00Z,2026-07-27T13:30:00Z,5,45,low
2026-07-27T13:00:00Z,2026-07-27T13:30:00Z,6,9,very low
2026-07-27T13:00:00Z,2026-07-27T13:30:00Z,7,47,low
2026-07-27T13:00:00Z,2026-07-27T13:30:00Z,8,19,very low
2026-07-27T13:00:00Z,2026-07-27T13:30:00Z,9,55,low
2026-07-27T13:00:00Z,2026-07-27T13:30:00Z,10,146,moderate
2026-07-27T13:00:00Z,2026-07-27T13:30:00Z,11,145,moderate
2026-07-27T13:00:00Z,2026-07-27T13:30:00Z,12,74,low
2026-07-27T13:00:00Z,2026-07-27T13:30:00Z,13,65,low
2026-07-27T13:00:00Z,2026-07-27T13:30:00Z,14,58,low
2026-07-27T13:00:00Z,2026-07-27T13:30:00Z,15,68,low
2026-07-27T13:00:00Z,2026-07-27T13:30:00Z,16,1,very low
2026-07-27T13:00:00Z,2026-07-27T13:30:00Z,17,40,low
2026-07-27T13:00:00Z,2026-07-27T13:30:00Z,18,61,low
2026-07-27T13:30:00Z,2026-07-27T14:00:00Z,1,0,very low
2026-07-27T13:30:00Z,2026-07-27T14:00:00Z,2,1,very low
2026-07-27T13:30:00Z,2026-07-27T14:00:00Z,3,31,low
2026-07-27T13:30:00Z,2026-07-27T14:00:00Z,4,16,very low
2026-07-27T13:30:00Z,2026-07-27T14:00:00Z,5,45,low
2026-07-27T13:30:00Z,2026-07-27T14:00:00Z,6,9,very low
2026-07-27T13:30:00Z,2026-07-27T14:00:00Z,7,53,low
2026-07-27T13:30:00Z,2026-07-27T14:00:00Z,8,20,very low
2026-07-27T13:30:00Z,2026-07-27T14:00:00Z,9,60,low
2026-07-27T13:30:00Z,2026-07-27T14:00:00Z,10,152,moderate
2026-07-27T13:30:00Z,2026-07-27T14:00:00Z,11,163,moderate
2026-07-27T13:30:00Z,2026-07-27T14:00:00Z,12,80,low
2026-07-27T13:30:00Z,2026-07-27T14:00:00Z,13,63,low
2026-07-27T13:30:00Z,2026-07-27T14:00:00Z,14,57,low
2026-07-27T13:30:00Z,2026-07-27T14:00:00Z,15,72,low
2026-07-27T13:30:00Z,2026-07-27T14:00:00Z,16,1,very low
2026-07-27T13:30:00Z,2026-07-27T14:00:00Z,17,37,low
2026-07-27T13:30:00Z,2026-07-27T14:00:00Z,18,64,low
2026-07-27T14:00:00Z,2026-07-27T14:30:00Z,1,0,very low
2026-07-27T14:00:00Z,2026-07-27T14:30:00Z,2,1,very low
2026-07-27T14:00:00Z,2026-07-27T14:30:00Z,3,27,low
2026-07-27T14:00:00Z,2026-07-27T14:30:00Z,4,14,very low
2026-07-27T14:00:00Z,2026-07-27T14:30:00Z,5,53,low
2026-07-27T14:00:00Z,2026-07-27T14:30:00Z,6,36,low
2026-07-27T14:00:00Z,2026-07-27T14:30:00Z,7,135,moderate
2026-07-27T14:00:00Z,2026-07-27T14:30:00Z,8,25,low
2026-07-27T14:00:00Z,2026-07-27T14:30:00Z,9,51,low
2026-07-27T14:00:00Z,2026-07-27T14:30:00Z,10,149,moderate
2026-07-27T14:00:00Z,2026-07-27T14:30:00Z,11,127,moderate
2026-07-27T14:00:00Z,2026-07-27T14:30:00Z,12,65,low
2026-07-27T14:00:00Z,2026-07-27T14:30:00Z,13,98,moderate
2026-07-27T14:00:00Z,2026-07-27T14:30:00Z,14,104,moderate
2026-07-27T14:00:00Z,2026-07-27T14:30:00Z,15,70,low
2026-07-27T14:00:00Z,2026-07-27T14:30:00Z,16,2,very low
2026-07-27T14:00:00Z,2026-07-27T14:30:00Z,17,124,moderate
2026-07-27T14:00:00Z,2026-07-27T14:30:00Z,18,70,low
2026-07-27T14:30:00Z,2026-07-27T15:00:00Z,1,0,very low
2026-07-27T14:30:00Z,2026-07-27T15:00:00Z,2,1,very low
2026-07-27T14:30:00Z,2026-07-27T15:00:00Z,3,39,low
2026-07-27T14:30:00Z,2026-07-27T15:00:00Z,4,16,very low
2026-07-27T14:30:00Z,2026-07-27T15:00:00Z,5,56,low
2026-07-27T14:30:00Z,2026-07-27T15:00:00Z,6,14,very low
2026-07-27T14:30:00Z,2026-07-27T15:00:00Z,7,106,moderate
2026-07-27T14:30:00Z,2026-07-27T15:00:00Z,8,27,low
2026-07-27T14:30:00Z,2026-07-27T15:00:00Z,9,76,low
2026-07-27T14:30:00Z,2026-07-27T15:00:00Z,10,163,moderate
2026-07-27T14:30:00Z,2026-07-27T15:00:00Z,11,203,high
2026-07-27T14:30:00Z,2026-07-27T15:00:00Z,12,105,moderate
2026-07-27T14:30:00Z,2026-07-27T15:00:00Z,13,72,low
2026-07-27T14:30:00Z,2026-07-27T15:00:00Z,14,63,low
2026-07-27T14:30:00Z,2026-07-27T15:00:00Z,15,88,low
2026-07-27T14:30:00Z,2026-07-27T15:00:00Z,16,1,very low
2026-07-27T14:30:00Z,2026-07-27T15:00:00Z,17,46,low
2026-07-27T14:30:00Z,2026-07-27T15:00:00Z,18,79,low
2026-07-27T15:00:00Z,2026-07-27T15:30:00Z,1,0,very low
2026-07-27T15:00:00Z,2026-07-27T15:30:00Z,2,2,very low
2026-07-27T15:00:00Z,2026-07-27T15:30:00Z,3,33,low
2026-07-27T15:00:00Z,2026-07-27T15:30:00Z,4,18,very low
2026-07-27T15:00:00Z,2026-07-27T15:30:00Z,5,70,low
2026-07-27T15:00:00Z,2026-07-27T15:30:00Z,6,40,low
2026-07-27T15:00:00Z,2026-07-27T15:30:00Z,7,156,moderate
2026-07-27T15:00:00Z,2026-07-27T15:30:00Z,8,35,low
2026-07-27T15:00:00Z,2026-07-27T15:30:00Z,9,120,moderate
2026-07-27T15:00:00Z,2026-07-27T15:30:00Z,10,164,moderate
2026-07-27T15:00:00Z,2026-07-27T15:30:00Z,11,135,moderate
2026-07-27T15:00:00Z,2026-07-27T15:30:00Z,12,80,low
2026-07-27T15:00:00Z,2026-07-27T15:30:00Z,13,115,moderate
2026-07-27T15:00:00Z,2026-07-27T15:30:00Z,14,116,moderate
2026-07-27T15:00:00Z,2026-07-27T15:30:00Z,15,90,moderate
2026-07-27T15:00:00Z,2026-07-27T15:30:00Z,16,2,very low
2026-07-27T15:00:00Z,2026-07-27T15:30:00Z,17,132,moderate
2026-07-27T15:00:00Z,2026-07-27T15:30:00Z,18,88,low
2026-07-27T15:30:00Z,2026-07-27T16:00:00Z,1,0,very low
2026-07-27T15:30:00Z,2026-07-27T16:00:00Z,2,2,very low
2026-07-27T15:30:00Z,2026-07-27T16:00:00Z,3,37,low
2026-07-27T15:30:00Z,2026-07-27T16:00:00Z,4,19,very low
2026-07-27T15:30:00Z,2026-07-27T16:00:00Z,5,73,low
2026-07-27T15:30:00Z,2026-07-27T16:00:00Z,6,47,low
2026-07-27T15:30:00Z,2026-07-27T16:00:00Z,7,208,high
2026-07-27T15:30:00Z,2026-07-27T16:00:00Z,8,44,low
2026-07-27T15:30:00Z,2026-07-27T16:00:00Z,9,142,moderate
2026-07-27T15:30:00Z,2026-07-27T16:00:00Z,10,175,high
2026-07-27T15:30:00Z,2026-07-27T16:00:00Z,11,153,moderate
2026-07-27T15:30:00Z,2026-07-27T16:00:00Z,12,104,moderate
2026-07-27T15:30:00Z,2026-07-27T16:00:00Z,13,138,moderate
2026-07-27T15:30:00Z,2026-07-27T16:00:00Z,14,139,moderate
2026-07-27T15:30:00Z,2026-07-27T16:00:00Z,15,107,moderate
2026-07-27T15:30:00Z,2026-07-27T16:00:00Z,16,2,very low
2026-07-27T15:30:00Z,2026-07-27T16:00:00Z,17,117,moderate
2026-07-27T15:30:00Z,2026-07-27T16:00:00Z,18,103,moderate
2026-07-27T16:00:00Z,2026-07-27T16:30:00Z,1,0,very low
2026-07-27T16:00:00Z,2026-07-27T16:30:00Z,2,2,very low
2026-07-27T16:00:00Z,2026-07-27T16:30:00Z,3,40,low
2026-07-27T16:00:00Z,2026-07-27T16:30:00Z,4,20,very low
2026-07-27T16:00:00Z,2026-07-27T16:30:00Z,5,81,low
2026-07-27T16:00:00Z,2026-07-27T16:30:00Z,6,59,low
2026-07-27T16:00:00Z,2026-07-27T16:30:00Z,7,266,very high
2026-07-27T16:00:00Z,2026-07-27T16:30:00Z,8,62,low
2026-07-27T16:00:00Z,2026-07-27T16:30:00Z,9,185,high
2026-07-27T16:00:00Z,2026-07-27T16:30:00Z,10,194,high
2026-07-27T16:00:00Z,2026-07-27T16:30:00Z,11,173,high
2026-07-27T16:00:00Z,2026-07-27T16:30:00Z,12,117,moderate
2026-07-27T16:00:00Z,2026-07-27T16:30:00Z,13,149,moderate
2026-07-27T16:00:00Z,2026-07-27T16:30:00Z,14,144,moderate
2026-07-27T16:00:00Z,2026-07-27T16:30:00Z,15,126,moderate
2026-07-27T16:00:00Z,2026-07-27T16:30:00Z,16,2,very low
2026-07-27T16:00:00Z,2026-07-27T16:30:00Z,17,143,moderate
2026-07-27T16:00:00Z,2026-07-27T16:30:00Z,18,121,moderate
2026-07-27T16:30:00Z,2026-07-27T17:00:00Z,1,0,very low
2026-07-27T16:30:00Z,2026-07-27T17:00:00Z,2,1,very low
2026-07-27T16:30:00Z,2026-07-27T17:00:00Z,3,36,low
2026-07-27T16:30:00Z,2026-07-27T17:00:00Z,4,18,very low
2026-07-27T16:30:00Z,2026-07-27T17:00:00Z,5,86,low
2026-07-27T16:30:00Z,2026-07-27T17:00:00Z,6,29,low
2026-07-27T16:30:00Z,2026-07-27T17:00:00Z,7,307,very high
2026-07-27T16:30:00Z,2026-07-27T17:00:00Z,8,81,low
2026-07-27T16:30:00Z,2026-07-27T17:00:00Z,9,193,high
2026-07-27T16:30:00Z,2026-07-27T17:00:00Z,10,191,high
2026-07-27T16:30:00Z,2026-07-27T17:00:00Z,11,249,very high
2026-07-27T16:30:00Z,2026-07-27T17:00:00Z,12,141,moderate
2026-07-27T16:30:00Z,2026-07-27T17:00:00Z,13,141,moderate
2026-07-27T16:30:00Z,2026-07-27T17:00:00Z,14,133,moderate
2026-07-27T16:30:00Z,2026-07-27T17:00:00Z,15,132,moderate
2026-07-27T16:30:00Z,2026-07-27T17:00:00Z,16,1,very low
2026-07-27T16:30:00Z,2026-07-27T17:00:00Z,17,196,high
2026-07-27T16:30:00Z,2026-07-27T17:00:00Z,18,129,moderate
2026-07-27T17:00:00Z,2026-07-27T17:30:00Z,1,0,very low
2026-07-27T17:00:00Z,2026-07-27T17:30:00Z,2,2,very low
2026-07-27T17:00:00Z,2026-07-27T17:30:00Z,3,34,low
2026-07-27T17:00:00Z,2026-07-27T17:30:00Z,4,20,very low
2026-07-27T17:00:00Z,2026-07-27T17:30:00Z,5,96,moderate
2026-07-27T17:00:00Z,2026-07-27T17:30:00Z,6,75,low
2026-07-27T17:00:00Z,2026-07-27T17:30:00Z,7,306,very high
2026-07-27T17:00:00Z,2026-07-27T17:30:00Z,8,83,low
2026-07-27T17:00:00Z,2026-07-27T17:30:00Z,9,198,high
2026-07-27T17:00:00Z,2026-07-27T17:30:00Z,10,207,high
2026-07-27T17:00:00Z,2026-07-27T17:30:00Z,11,216,high
2026-07-27T17:00:00Z,2026-07-27T17:30:00Z,12,131,moderate
2026-07-27T17:00:00Z,2026-07-27T17:30:00Z,13,156,moderate
2026-07-27T17:00:00Z,2026-07-27T17:30:00Z,14,145,moderate
2026-07-27T17:00:00Z,2026-07-27T17:30:00Z,15,137,moderate
2026-07-27T17:00:00Z,2026-07-27T17:30:00Z,16,2,very low
2026-07-27T17:00:00Z,2026-07-27T17:30:00Z,17,188,high
2026-07-27T17:00:00Z,2026-07-27T17:30:00Z,18,134,moderate
2026-07-27T17:30:00Z,2026-07-27T18:00:00Z,1,0,very low
2026-07-27T17:30:00Z,2026-07-27T18:00:00Z,2,2,very low
2026-07-27T17:30:00Z,2026-07-27T18:00:00Z,3,45,low
2026-07-27T17:30:00Z,2026-07-27T18:00:00Z,4,18,very low
2026-07-27T17:30:00Z,2026-07-27T18:00:00Z,5,98,moderate
2026-07-27T17:30:00Z,2026-07-27T18:00:00Z,6,39,low
2026-07-27T17:30:00Z,2026-07-27T18:00:00Z,7,336,very high
2026-07-27T17:30:00Z,2026-07-27T18:00:00Z,8,106,moderate
2026-07-27T17:30:00Z,2026-07-27T18:00:00Z,9,209,high
2026-07-27T17:30:00Z,2026-07-27T18:00:00Z,10,199,high
2026-07-27T17:30:00Z,2026-07-27T18:00:00Z,11,285,very high
2026-07-27T17:30:00Z,2026-07-27T18:00:00Z,12,159,moderate
2026-07-27T17:30:00Z,2026-07-27T18:00:00Z,13,151,moderate
2026-07-27T17:30:00Z,2026-07-27T18:00:00Z,14,140,moderate
2026-07-27T17:30:00Z,2026-07-27T18:00:00Z,15,145,moderate
2026-07-27T17:30:00Z,2026-07-27T18:00:00Z,16,1,very low
2026-07-27T17:30:00Z,2026-07-27T18:00:00Z,17,221,high
2026-07-27T17:30:00Z,2026-07-27T18:00:00Z,18,143,moderate
2026-07-27T18:00:00Z,2026-07-27T18:30:00Z,1,0,very low
2026-07-27T18:00:00Z,2026-07-27T18:30:00Z,2,2,very low
2026-07-27T18:00:00Z,2026-07-27T18:30:00Z,3,34,low
2026-07-27T18:00:00Z,2026-07-27T18:30:00Z,4,21,very low
2026-07-27T18:00:00Z,2026-07-27T18:30:00Z,5,109,moderate
2026-07-27T18:00:00Z,2026-07-27T18:30:00Z,6,99,moderate
2026-07-27T18:00:00Z,2026-07-27T18:30:00Z,7,337,very high
2026-07-27T18:00:00Z,2026-07-27T18:30:00Z,8,110,moderate
2026-07-27T18:00:00Z,2026-07-27T18:30:00Z,9,215,high
2026-07-27T18:00:00Z,2026-07-27T18:30:00Z,10,224,high
2026-07-27T18:00:00Z,2026-07-27T18:30:00Z,11,268,very high
2026-07-27T18:00:00Z,2026-07-27T18:30:00Z,12,147,moderate
2026-07-27T18:00:00Z,2026-07-27T18:30:00Z,13,160,moderate
2026-07-27T18:00:00Z,2026-07-27T18:30:00Z,14,143,moderate
2026-07-27T18:00:00Z,2026-07-27T18:30:00Z,15,152,moderate
2026-07-27T18:00:00Z,2026-07-27T18:30:00Z,16,2,very low
2026-07-27T18:00:00Z,2026-07-27T18:30:00Z,17,211,high
2026-07-27T18:00:00Z,2026-07-27T18:30:00Z,18,149,moderate
2026-07-27T18:30:00Z,2026-07-27T19:00:00Z,1,0,very low
2026-07-27T18:30:00Z,2026-07-27T19:00:00Z,2,3,very low
2026-07-27T18:30:00Z,2026-07-27T19:00:00Z,3,37,low
2026-07-27T18:30:00Z,2026-07-27T19:00:00Z,4,22,very low
2026-07-27T18:30:00Z,2026-07-27T19:00:00Z,5,106,moderate
2026-07-27T18:30:00Z,2026-07-27T19:00:00Z,6,104,moderate
2026-07-27T18:30:00Z,2026-07-27T19:00:00Z,7,342,very high
2026-07-27T18:30:00Z,2026-07-27T19:00:00Z,8,118,moderate
2026-07-27T18:30:00Z,2026-07-27T19:00:00Z,9,216,high
2026-07-27T18:30:00Z,2026-07-27T19:00:00Z,10,230,very high
2026-07-27T18:30:00Z,2026-07-27T19:00:00Z,11,296,very high
2026-07-27T18:30:00Z,2026-07-27T19:00:00Z,12,158,moderate
2026-07-27T18:30:00Z,2026-07-27T19:00:00Z,13,167,moderate
2026-07-27T18:30:00Z,2026-07-27T19:00:00Z,14,146,moderate
2026-07-27T18:30:00Z,2026-07-27T19:00:00Z,15,156,moderate
2026-07-27T18:30:00Z,2026-07-27T19:00:00Z,16,2,very low
2026-07-27T18:30:00Z,2026-07-27T19:00:00Z,17,220,high
2026-07-27T18:30:00Z,2026-07-27T19:00:00Z,18,154,moderate
2026-07-27T19:00:00Z,2026-07-27T19:30:00Z,1,0,very low
2026-07-27T19:00:00Z,2026-07-27T19:30:00Z,2,3,very low
2026-07-27T19:00:00Z,2026-07-27T19:30:00Z,3,41,low
2026-07-27T19:00:00Z,2026-07-27T19:30:00Z,4,22,very low
2026-07-27T19:00:00Z,2026-07-27T19:30:00Z,5,111,moderate
2026-07-27T19:00:00Z,2026-07-27T19:30:00Z,6,108,moderate
2026-07-27T19:00:00Z,2026-07-27T19:30:00Z,7,351,very high
2026-07-27T19:00:00Z,2026-07-27T19:30:00Z,8,127,moderate
2026-07-27T19:00:00Z,2026-07-27T19:30:00Z,9,219,high
2026-07-27T19:00:00Z,2026-07-27T19:30:00Z,10,236,very high
2026-07-27T19:00:00Z,2026-07-27T19:30:00Z,11,326,very high
2026-07-27T19:00:00Z,2026-07-27T19:30:00Z,12,173,high
2026-07-27T19:00:00Z,2026-07-27T19:30:00Z,13,173,high
2026-07-27T19:00:00Z,2026-07-27T19:30:00Z,14,148,moderate
2026-07-27T19:00:00Z,2026-07-27T19:30:00Z,15,161,moderate
2026-07-27T19:00:00Z,2026-07-27T19:30:00Z,16,3,very low
2026-07-27T19:00:00Z,2026-07-27T19:30:00Z,17,230,very high
2026-07-27T19:00:00Z,2026-07-27T19:30:00Z,18,160,moderate
2026-07-27T19:30:00Z,2026-07-27T20:00:00Z,1,0,very low
2026-07-27T19:30:00Z,2026-07-27T20:00:00Z,2,2,very low
2026-07-27T19:30:00Z,2026-07-27T20:00:00Z,3,52,low
2026-07-27T19:30:00Z,2026-07-27T20:00:00Z,4,19,very low
2026-07-27T19:30:00Z,2026-07-27T20:00:00Z,5,102,moderate
2026-07-27T19:30:00Z,2026-07-27T20:00:00Z,6,43,low
2026-07-27T19:30:00Z,2026-07-27T20:00:00Z,7,362,very high
2026-07-27T19:30:00Z,2026-07-27T20:00:00Z,8,135,moderate
2026-07-27T19:30:00Z,2026-07-27T20:00:00Z,9,227,high
2026-07-27T19:30:00Z,2026-07-27T20:00:00Z,10,239,very high
2026-07-27T19:30:00Z,2026-07-27T20:00:00Z,11,361,very high
2026-07-27T19:30:00Z,2026-07-27T20:00:00Z,12,200,high
2026-07-27T19:30:00Z,2026-07-27T20:00:00Z,13,184,high
2026-07-27T19:30:00Z,2026-07-27T20:00:00Z,14,170,high
2026-07-27T19:30:00Z,2026-07-27T20:00:00Z,15,167,moderate
2026-07-27T19:30:00Z,2026-07-27T20:00:00Z,16,2,very low
2026-07-27T19:30:00Z,2026-07-27T20:00:00Z,17,245,very high
2026-07-27T19:30:00Z,2026-07-27T20:00:00Z,18,165,moderate
2026-07-27T20:00:00Z,2026-07-27T20:30:00Z,1,0,very low
2026-07-27T20:00:00Z,2026-07-27T20:30:00Z,2,3,very low
2026-07-27T20:00:00Z,2026-07-27T20:30:00Z,3,45,low
2026-07-27T20:00:00Z,2026-07-27T20:30:00Z,4,23,very low
2026-07-27T20:00:00Z,2026-07-27T20:30:00Z,5,121,moderate
2026-07-27T20:00:00Z,2026-07-27T20:30:00Z,6,110,moderate
2026-07-27T20:00:00Z,2026-07-27T20:30:00Z,7,362,very high
2026-07-27T20:00:00Z,2026-07-27T20:30:00Z,8,139,moderate
2026-07-27T20:00:00Z,2026-07-27T20:30:00Z,9,226,high
2026-07-27T20:00:00Z,2026-07-27T20:30:00Z,10,261,very high
2026-07-27T20:00:00Z,2026-07-27T20:30:00Z,11,360,very high
2026-07-27T20:00:00Z,2026-07-27T20:30:00Z,12,188,high
2026-07-27T20:00:00Z,2026-07-27T20:30:00Z,13,188,high
2026-07-27T20:00:00Z,2026-07-27T20:30:00Z,14,158,moderate
2026-07-27T20:00:00Z,2026-07-27T20:30:00Z,15,172,high
2026-07-27T20:00:00Z,2026-07-27T20:30:00Z,16,3,very low
2026-07-27T20:00:00Z,2026-07-27T20:30:00Z,17,255,very high
2026-07-27T20:00:00Z,2026-07-27T20:30:00Z,18,171,high
2026-07-27T20:30:00Z,2026-07-27T21:00:00Z,1,0,very low
2026-07-27T20:30:00Z,2026-07-27T21:00:00Z,2,2,very low
2026-07-27T20:30:00Z,2026-07-27T21:00:00Z,3,54,low
2026-07-27T20:30:00Z,2026-07-27T21:00:00Z,4,20,very low
2026-07-27T20:30:00Z,2026-07-27T21:00:00Z,5,100,moderate
2026-07-27T20:30:00Z,2026-07-27T21:00:00Z,6,39,low
2026-07-27T20:30:00Z,2026-07-27T21:00:00Z,7,367,very high
2026-07-27T20:30:00Z,2026-07-27T21:00:00Z,8,143,moderate
2026-07-27T20:30:00Z,2026-07-27T21:00:00Z,9,235,very high
2026-07-27T20:30:00Z,2026-07-27T21:00:00Z,10,271,very high
2026-07-27T20:30:00Z,2026-07-27T21:00:00Z,11,369,very high
2026-07-27T20:30:00Z,2026-07-27T21:00:00Z,12,212,high
2026-07-27T20:30:00Z,2026-07-27T21:00:00Z,13,194,high
2026-07-27T20:30:00Z,2026-07-27T21:00:00Z,14,176,high
2026-07-27T20:30:00Z,2026-07-27T21:00:00Z,15,176,high
2026-07-27T20:30:00Z,2026-07-27T21:00:00Z,16,2,very low
2026-07-27T20:30:00Z,2026-07-27T21:00:00Z,17,262,very high
2026-07-27T20:30:00Z,2026-07-27T21:00:00Z,18,175,high
2026-07-27T21:00:00Z,2026-07-27T21:30:00Z,1,0,very low
2026-07-27T21:00:00Z,2026-07-27T21:30:00Z,2,3,very low
2026-07-27T21:00:00Z,2026-07-27T21:30:00Z,3,45,low
2026-07-27T21:00:00Z,2026-07-27T21:30:00Z,4,23,very low
2026-07-27T21:00:00Z,2026-07-27T21:30:00Z,5,125,moderate
2026-07-27T21:00:00Z,2026-07-27T21:30:00Z,6,115,moderate
2026-07-27T21:00:00Z,2026-07-27T21:30:00Z,7,363,very high
2026-07-27T21:00:00Z,2026-07-27T21:30:00Z,8,136,moderate
2026-07-27T21:00:00Z,2026-07-27T21:30:00Z,9,223,high
2026-07-27T21:00:00Z,2026-07-27T21:30:00Z,10,246,very high
2026-07-27T21:00:00Z,2026-07-27T21:30:00Z,11,363,very high
2026-07-27T21:00:00Z,2026-07-27T21:30:00Z,12,190,high
2026-07-27T21:00:00Z,2026-07-27T21:30:00Z,13,188,high
2026-07-27T21:00:00Z,2026-07-27T21:30:00Z,14,166,moderate
2026-07-27T21:00:00Z,2026-07-27T21:30:00Z,15,172,high
2026-07-27T21:00:00Z,2026-07-27T21:30:00Z,16,3,very low
2026-07-27T21:00:00Z,2026-07-27T21:30:00Z,17,259,very high
2026-07-27T21:00:00Z,2026-07-27T21:30:00Z,18,170,high
2026-07-27T21:30:00Z,2026-07-27T22:00:00Z,1,0,very low
2026-07-27T21:30:00Z,2026-07-27T22:00:00Z,2,2,very low
2026-07-27T21:30:00Z,2026-07-27T22:00:00Z,3,52,low
2026-07-27T21:30:00Z,2026-07-27T22:00:00Z,4,21,very low
2026-07-27T21:30:00Z,2026-07-27T22:00:00Z,5,90,moderate
2026-07-27T21:30:00Z,2026-07-27T22:00:00Z,6,39,low
2026-07-27T21:30:00Z,2026-07-27T22:00:00Z,7,363,very high
2026-07-27T21:30:00Z,2026-07-27T22:00:00Z,8,126,moderate
2026-07-27T21:30:00Z,2026-07-27T22:00:00Z,9,222,high
2026-07-27T21:30:00Z,2026-07-27T22:00:00Z,10,250,very high
2026-07-27T21:30:00Z,2026-07-27T22:00:00Z,11,372,very high
2026-07-27T21:30:00Z,2026-07-27T22:00:00Z,12,205,high
2026-07-27T21:30:00Z,2026-07-27T22:00:00Z,13,181,high
2026-07-27T21:30:00Z,2026-07-27T22:00:00Z,14,166,moderate
2026-07-27T21:30:00Z,2026-07-27T22:00:00Z,15,163,moderate
2026-07-27T21:30:00Z,2026-07-27T22:00:00Z,16,2,very low
2026-07-27T21:30:00Z,2026-07-27T22:00:00Z,17,244,very high
2026-07-27T21:30:00Z,2026-07-27T22:00:00Z,18,162,moderate
2026-07-27T22:00:00Z,2026-07-27T22:30:00Z,1,0,very low
2026-07-27T22:00:00Z,2026-07-27T22:30:00Z,2,3,very low
2026-07-27T22:00:00Z,2026-07-27T22:30:00Z,3,43,low
2026-07-27T22:00:00Z,2026-07-27T22:30:00Z,4,24,very low
2026-07-27T22:00:00Z,2026-07-27T22:30:00Z,5,113,moderate
2026-07-27T22:00:00Z,2026-07-27T22:30:00Z,6,74,low
2026-07-27T22:00:00Z,2026-07-27T22:30:00Z,7,362,very high
2026-07-27T22:00:00Z,2026-07-27T22:30:00Z,8,118,moderate
2026-07-27T22:00:00Z,2026-07-27T22:30:00Z,9,207,high
2026-07-27T22:00:00Z,2026-07-27T22:30:00Z,10,198,high
2026-07-27T22:00:00Z,2026-07-27T22:30:00Z,11,367,very high
2026-07-27T22:00:00Z,2026-07-27T22:30:00Z,12,179,high
2026-07-27T22:00:00Z,2026-07-27T22:30:00Z,13,164,moderate
2026-07-27T22:00:00Z,2026-07-27T22:30:00Z,14,153,moderate
2026-07-27T22:00:00Z,2026-07-27T22:30:00Z,15,148,moderate
2026-07-27T22:00:00Z,2026-07-27T22:30:00Z,16,3,very low
2026-07-27T22:00:00Z,2026-07-27T22:30:00Z,17,238,very high
2026-07-27T22:00:00Z,2026-07-27T22:30:00Z,18,148,moderate
2026-07-27T22:30:00Z,2026-07-27T23:00:00Z,1,0,very low
2026-07-27T22:30:00Z,2026-07-27T23:00:00Z,2,3,very low
2026-07-27T22:30:00Z,2026-07-27T23:00:00Z,3,47,low
2026-07-27T22:30:00Z,2026-07-27T23:00:00Z,4,21,very low
2026-07-27T22:30:00Z,2026-07-27T23:00:00Z,5,90,moderate
2026-07-27T22:30:00Z,2026-07-27T23:00:00Z,6,38,low
2026-07-27T22:30:00Z,2026-07-27T23:00:00Z,7,365,very high
2026-07-27T22:30:00Z,2026-07-27T23:00:00Z,8,112,moderate
2026-07-27T22:30:00Z,2026-07-27T23:00:00Z,9,209,high
2026-07-27T22:30:00Z,2026-07-27T23:00:00Z,10,233,very high
2026-07-27T22:30:00Z,2026-07-27T23:00:00Z,11,370,very high
2026-07-27T22:30:00Z,2026-07-27T23:00:00Z,12,190,high
2026-07-27T22:30:00Z,2026-07-27T23:00:00Z,13,166,moderate
2026-07-27T22:30:00Z,2026-07-27T23:00:00Z,14,154,moderate
2026-07-27T22:30:00Z,2026-07-27T23:00:00Z,15,150,moderate
2026-07-27T22:30:00Z,2026-07-27T23:00:00Z,16,2,very low
2026-07-27T22:30:00Z,2026-07-27T23:00:00Z,17,234,very high
2026-07-27T22:30:00Z,2026-07-27T23:00:00Z,18,150,moderate
2026-07-27T23:00:00Z,2026-07-27T23:30:00Z,1,0,very low
2026-07-27T23:00:00Z,2026-07-27T23:30:00Z,2,3,very low
2026-07-27T23:00:00Z,2026-07-27T23:30:00Z,3,37,low
2026-07-27T23:00:00Z,2026-07-27T23:30:00Z,4,24,very low
2026-07-27T23:00:00Z,2026-07-27T23:30:00Z,5,108,moderate
2026-07-27T23:00:00Z,2026-07-27T23:30:00Z,6,62,low
2026-07-27T23:00:00Z,2026-07-27T23:30:00Z,7,362,very high
2026-07-27T23:00:00Z,2026-07-27T23:30:00Z,8,96,moderate
2026-07-27T23:00:00Z,2026-07-27T23:30:00Z,9,194,high
2026-07-27T23:00:00Z,2026-07-27T23:30:00Z,10,161,moderate
2026-07-27T23:00:00Z,2026-07-27T23:30:00Z,11,368,very high
2026-07-27T23:00:00Z,2026-07-27T23:30:00Z,12,166,moderate
2026-07-27T23:00:00Z,2026-07-27T23:30:00Z,13,145,moderate
2026-07-27T23:00:00Z,2026-07-27T23:30:00Z,14,139,moderate
2026-07-27T23:00:00Z,2026-07-27T23:30:00Z,15,132,moderate
2026-07-27T23:00:00Z,2026-07-27T23:30:00Z,16,3,very low
2026-07-27T23:00:00Z,2026-07-27T23:30:00Z,17,216,high
2026-07-27T23:00:00Z,2026-07-27T23:30:00Z,18,133,moderate
2026-07-27T23:30:00Z,2026-07-28T00:00:00Z,1,0,very low
2026-07-27T23:30:00Z,2026-07-28T00:00:00Z,2,2,very low
2026-07-27T23:30:00Z,2026-07-28T00:00:00Z,3,37,low
2026-07-27T23:30:00Z,2026-07-28T00:00:00Z,4,22,very low
2026-07-27T23:30:00Z,2026-07-28T00:00:00Z,5,91,moderate
2026-07-27T23:30:00Z,2026-07-28T00:00:00Z,6,26,low
2026-07-27T23:30:00Z,2026-07-28T00:00:00Z,7,361,very high
2026-07-27T23:30:00Z,2026-07-28T00:00:00Z,8,89,low
2026-07-27T23:30:00Z,2026-07-28T00:00:00Z,9,200,high
2026-07-27T23:30:00Z,2026-07-28T00:00:00Z,10,216,high
2026-07-27T23:30:00Z,2026-07-28T00:00:00Z,11,370,very high
2026-07-27T23:30:00Z,2026-07-28T00:00:00Z,12,157,moderate
2026-07-27T23:30:00Z,2026-07-28T00:00:00Z,13,152,moderate
2026-07-27T23:30:00Z,2026-07-28T00:00:00Z,14,145,moderate
2026-07-27T23:30:00Z,2026-07-28T00:00:00Z,15,136,moderate
2026-07-27T23:30:00Z,2026-07-28T00:00:00Z,16,2,very low
2026-07-27T23:30:00Z,2026-07-28T00:00:00Z,17,194,high
2026-07-27T23:30:00Z,2026-07-28T00:00:00Z,18,135,moderate
2026-07-28T00:00:00Z,2026-07-28T00:30:00Z,1,0,very low
2026-07-28T00:00:00Z,2026-07-28T00:30:00Z,2,1,very low
2026-07-28T00:00:00Z,2026-07-28T00:30:00Z,3,35,low
2026-07-28T00:00:00Z,2026-07-28T00:30:00Z,4,21,very low
2026-07-28T00:00:00Z,2026-07-28T00:30:00Z,5,91,moderate
2026-07-28T00:00:00Z,2026-07-28T00:30:00Z,6,27,low
2026-07-28T00:00:00Z,2026-07-28T00:30:00Z,7,357,very high
2026-07-28T00:00:00Z,2026-07-28T00:30:00Z,8,88,low
2026-07-28T00:00:00Z,2026-07-28T00:30:00Z,9,196,high
2026-07-28T00:00:00Z,2026-07-28T00:30:00Z,10,211,high
2026-07-28T00:00:00Z,2026-07-28T00:30:00Z,11,371,very high
2026-07-28T00:00:00Z,2026-07-28T00:30:00Z,12,153,moderate
2026-07-28T00:00:00Z,2026-07-28T00:30:00Z,13,150,moderate
2026-07-28T00:00:00Z,2026-07-28T00:30:00Z,14,143,moderate
2026-07-28T00:00:00Z,2026-07-28T00:30:00Z,15,134,moderate
2026-07-28T00:00:00Z,2026-07-28T00:30:00Z,16,3,very low
2026-07-28T00:00:00Z,2026-07-28T00:30:00Z,17,188,high
2026-07-28T00:00:00Z,2026-07-28T00:30:00Z,18,132,moderate
2026-07-28T00:30:00Z,2026-07-28T01:00:00Z,1,0,very low
2026-07-28T00:30:00Z,2026-07-28T01:00:00Z,2,1,very low
2026-07-28T00:30:00Z,2026-07-28T01:00:00Z,3,33,low
2026-07-28T00:30:00Z,2026-07-28T01:00:00Z,4,20,very low
2026-07-28T00:30:00Z,2026-07-28T01:00:00Z,5,87,low
2026-07-28T00:30:00Z,2026-07-28T01:00:00Z,6,26,low
2026-07-28T00:30:00Z,2026-07-28T01:00:00Z,7,354,very high
2026-07-28T00:30:00Z,2026-07-28T01:00:00Z,8,77,low
2026-07-28T00:30:00Z,2026-07-28T01:00:00Z,9,189,high
2026-07-28T00:30:00Z,2026-07-28T01:00:00Z,10,206,high
2026-07-28T00:30:00Z,2026-07-28T01:00:00Z,11,371,very high
2026-07-28T00:30:00Z,2026-07-28T01:00:00Z,12,145,moderate
2026-07-28T00:30:00Z,2026-07-28T01:00:00Z,13,147,moderate
2026-07-28T00:30:00Z,2026-07-28T01:00:00Z,14,141,moderate
2026-07-28T00:30:00Z,2026-07-28T01:00:00Z,15,129,moderate
2026-07-28T00:30:00Z,2026-07-28T01:00:00Z,16,1,very low
2026-07-28T00:30:00Z,2026-07-28T01:00:00Z,17,171,high
2026-07-28T00:30:00Z,2026-07-28T01:00:00Z,18,127,moderate
2026-07-28T01:00:00Z,2026-07-28T01:30:00Z,1,0,very low
2026-07-28T01:00:00Z,2026-07-28T01:30:00Z,2,3,very low
2026-07-28T01:00:00Z,2026-07-28T01:30:00Z,3,31,low
2026-07-28T01:00:00Z,2026-07-28T01:30:00Z,4,21,very low
2026-07-28T01:00:00Z,2026-07-28T01:30:00Z,5,95,moderate
2026-07-28T01:00:00Z,2026-07-28T01:30:00Z,6,39,low
2026-07-28T01:00:00Z,2026-07-28T01:30:00Z,7,353,very high
2026-07-28T01:00:00Z,2026-07-28T01:30:00Z,8,71,low
2026-07-28T01:00:00Z,2026-07-28T01:30:00Z,9,173,high
2026-07-28T01:00:00Z,2026-07-28T01:30:00Z,10,138,moderate
2026-07-28T01:00:00Z,2026-07-28T01:30:00Z,11,371,very high
2026-07-28T01:00:00Z,2026-07-28T01:30:00Z,12,139,moderate
2026-07-28T01:00:00Z,2026-07-28T01:30:00Z,13,130,moderate
2026-07-28T01:00:00Z,2026-07-28T01:30:00Z,14,127,moderate
2026-07-28T01:00:00Z,2026-07-28T01:30:00Z,15,113,moderate
2026-07-28T01:00:00Z,2026-07-28T01:30:00Z,16,3,very low
2026-07-28T01:00:00Z,2026-07-28T01:30:00Z,17,194,high
2026-07-28T01:00:00Z,2026-07-28T01:30:00Z,18,114,moderate
2026-07-28T01:30:00Z,2026-07-28T02:00:00Z,1,0,very low
2026-07-28T01:30:00Z,2026-07-28T02:00:00Z,2,1,very low
2026-07-28T01:30:00Z,2026-07-28T02:00:00Z,3,35,low
2026-07-28T01:30:00Z,2026-07-28T02:00:00Z,4,20,very low
2026-07-28T01:30:00Z,2026-07-28T02:00:00Z,5,82,low
2026-07-28T01:30:00Z,2026-07-28T02:00:00Z,6,21,very low
2026-07-28T01:30:00Z,2026-07-28T02:00:00Z,7,315,very high
2026-07-28T01:30:00Z,2026-07-28T02:00:00Z,8,52,low
2026-07-28T01:30:00Z,2026-07-28T02:00:00Z,9,195,high
2026-07-28T01:30:00Z,2026-07-28T02:00:00Z,10,147,moderate
2026-07-28T01:30:00Z,2026-07-28T02:00:00Z,11,376,very high
2026-07-28T01:30:00Z,2026-07-28T02:00:00Z,12,157,moderate
2026-07-28T01:30:00Z,2026-07-28T02:00:00Z,13,150,moderate
2026-07-28T01:30:00Z,2026-07-28T02:00:00Z,14,150,moderate
2026-07-28T01:30:00Z,2026-07-28T02:00:00Z,15,122,moderate
2026-07-28T01:30:00Z,2026-07-28T02:00:00Z,16,1,very low
2026-07-28T01:30:00Z,2026-07-28T02:00:00Z,17,103,moderate
2026-07-28T01:30:00Z,2026-07-28T02:00:00Z,18,116,moderate
2026-07-28T02:00:00Z,2026-07-28T02:30:00Z,1,0,very low
2026-07-28T02:00:00Z,2026-07-28T02:30:00Z,2,3,very low
2026-07-28T02:00:00Z,2026-07-28T02:30:00Z,3,29,low
2026-07-28T02:00:00Z,2026-07-28T02:30:00Z,4,21,very low
2026-07-28T02:00:00Z,2026-07-28T02:30:00Z,5,87,low
2026-07-28T02:00:00Z,2026-07-28T02:30:00Z,6,29,low
2026-07-28T02:00:00Z,2026-07-28T02:30:00Z,7,355,very high
2026-07-28T02:00:00Z,2026-07-28T02:30:00Z,8,64,low
2026-07-28T02:00:00Z,2026-07-28T02:30:00Z,9,159,moderate
2026-07-28T02:00:00Z,2026-07-28T02:30:00Z,10,142,moderate
2026-07-28T02:00:00Z,2026-07-28T02:30:00Z,11,371,very high
2026-07-28T02:00:00Z,2026-07-28T02:30:00Z,12,130,moderate
2026-07-28T02:00:00Z,2026-07-28T02:30:00Z,13,128,moderate
2026-07-28T02:00:00Z,2026-07-28T02:30:00Z,14,124,moderate
2026-07-28T02:00:00Z,2026-07-28T02:30:00Z,15,109,moderate
2026-07-28T02:00:00Z,2026-07-28T02:30:00Z,16,3,very low
2026-07-28T02:00:00Z,2026-07-28T02:30:00Z,17,177,high
2026-07-28T02:00:00Z,2026-07-28T02:30:00Z,18,108,moderate
2026-07-28T02:30:00Z,2026-07-28T03:00:00Z,1,0,very low
2026-07-28T02:30:00Z,2026-07-28T03:00:00Z,2,1,very low
2026-07-28T02:30:00Z,2026-07-28T03:00:00Z,3,36,low
2026-07-28T02:30:00Z,2026-07-28T03:00:00Z,4,20,very low
2026-07-28T02:30:00Z,2026-07-28T03:00:00Z,5,73,low
2026-07-28T02:30:00Z,2026-07-28T03:00:00Z,6,18,very low
2026-07-28T02:30:00Z,2026-07-28T03:00:00Z,7,183,high
2026-07-28T02:30:00Z,2026-07-28T03:00:00Z,8,44,low
2026-07-28T02:30:00Z,2026-07-28T03:00:00Z,9,180,high
2026-07-28T02:30:00Z,2026-07-28T03:00:00Z,10,149,moderate
2026-07-28T02:30:00Z,2026-07-28T03:00:00Z,11,377,very high
2026-07-28T02:30:00Z,2026-07-28T03:00:00Z,12,154,moderate
2026-07-28T02:30:00Z,2026-07-28T03:00:00Z,13,141,moderate
2026-07-28T02:30:00Z,2026-07-28T03:00:00Z,14,135,moderate
2026-07-28T02:30:00Z,2026-07-28T03:00:00Z,15,112,moderate
2026-07-28T02:30:00Z,2026-07-28T03:00:00Z,16,1,very low
2026-07-28T02:30:00Z,2026-07-28T03:00:00Z,17,70,low
2026-07-28T02:30:00Z,2026-07-28T03:00:00Z,18,104,moderate
2026-07-28T03:00:00Z,2026-07-28T03:30:00Z,1,0,very low
2026-07-28T03:00:00Z,2026-07-28T03:30:00Z,2,2,very low
2026-07-28T03:00:00Z,2026-07-28T03:30:00Z,3,28,low
2026-07-28T03:00:00Z,2026-07-28T03:30:00Z,4,20,very low
2026-07-28T03:00:00Z,2026-07-28T03:30:00Z,5,77,low
2026-07-28T03:00:00Z,2026-07-28T03:30:00Z,6,30,low
2026-07-28T03:00:00Z,2026-07-28T03:30:00Z,7,334,very high
2026-07-28T03:00:00Z,2026-07-28T03:30:00Z,8,42,low
2026-07-28T03:00:00Z,2026-07-28T03:30:00Z,9,143,moderate
2026-07-28T03:00:00Z,2026-07-28T03:30:00Z,10,143,moderate
2026-07-28T03:00:00Z,2026-07-28T03:30:00Z,11,374,very high
2026-07-28T03:00:00Z,2026-07-28T03:30:00Z,12,124,moderate
2026-07-28T03:00:00Z,2026-07-28T03:30:00Z,13,126,moderate
2026-07-28T03:00:00Z,2026-07-28T03:30:00Z,14,120,moderate
2026-07-28T03:00:00Z,2026-07-28T03:30:00Z,15,102,moderate
2026-07-28T03:00:00Z,2026-07-28T03:30:00Z,16,2,very low
2026-07-28T03:00:00Z,2026-07-28T03:30:00Z,17,137,moderate
2026-07-28T03:00:00Z,2026-07-28T03:30:00Z,18,99,moderate
2026-07-28T03:30:00Z,2026-07-28T04:00:00Z,1,0,very low
2026-07-28T03:30:00Z,2026-07-28T04:00:00Z,2,1,very low
2026-07-28T03:30:00Z,2026-07-28T04:00:00Z,3,38,low
2026-07-28T03:30:00Z,2026-07-28T04:00:00Z,4,19,very low
2026-07-28T03:30:00Z,2026-07-28T04:00:00Z,5,60,low
2026-07-28T03:30:00Z,2026-07-28T04:00:00Z,6,21,very low
2026-07-28T03:30:00Z,2026-07-28T04:00:00Z,7,101,moderate
2026-07-28T03:30:00Z,2026-07-28T04:00:00Z,8,45,low
2026-07-28T03:30:00Z,2026-07-28T04:00:00Z,9,175,high
2026-07-28T03:30:00Z,2026-07-28T04:00:00Z,10,163,moderate
2026-07-28T03:30:00Z,2026-07-28T04:00:00Z,11,380,very high
2026-07-28T03:30:00Z,2026-07-28T04:00:00Z,12,166,moderate
2026-07-28T03:30:00Z,2026-07-28T04:00:00Z,13,153,moderate
2026-07-28T03:30:00Z,2026-07-28T04:00:00Z,14,147,moderate
2026-07-28T03:30:00Z,2026-07-28T04:00:00Z,15,115,moderate
2026-07-28T03:30:00Z,2026-07-28T04:00:00Z,16,1,very low
2026-07-28T03:30:00Z,2026-07-28T04:00:00Z,17,50,low
2026-07-28T03:30:00Z,2026-07-28T04:00:00Z,18,105,moderate
2026-07-28T04:00:00Z,2026-07-28T04:30:00Z,1,0,very low
2026-07-28T04:00:00Z,2026-07-28T04:30:00Z,2,3,very low
2026-07-28T04:00:00Z,2026-07-28T04:30:00Z,3,27,low
2026-07-28T04:00:00Z,2026-07-28T04:30:00Z,4,21,very low
2026-07-28T04:00:00Z,2026-07-28T04:30:00Z,5,73,low
2026-07-28T04:00:00Z,2026-07-28T04:30:00Z,6,31,low
2026-07-28T04:00:00Z,2026-07-28T04:30:00Z,7,283,very high
2026-07-28T04:00:00Z,2026-07-28T04:30:00Z,8,35,low
2026-07-28T04:00:00Z,2026-07-28T04:30:00Z,9,138,moderate
2026-07-28T04:00:00Z,2026-07-28T04:30:00Z,10,145,moderate
2026-07-28T04:00:00Z,2026-07-28T04:30:00Z,11,375,very high
2026-07-28T04:00:00Z,2026-07-28T04:30:00Z,12,124,moderate
2026-07-28T04:00:00Z,2026-07-28T04:30:00Z,13,128,moderate
2026-07-28T04:00:00Z,2026-07-28T04:30:00Z,14,125,moderate
2026-07-28T04:00:00Z,2026-07-28T04:30:00Z,15,98,moderate
2026-07-28T04:00:00Z,2026-07-28T04:30:00Z,16,3,very low
2026-07-28T04:00:00Z,2026-07-28T04:30:00Z,17,128,moderate
2026-07-28T04:00:00Z,2026-07-28T04:30:00Z,18,95,moderate
2026-07-28T04:30:00Z,2026-07-28T05:00:00Z,1,0,very low
2026-07-28T04:30:00Z,2026-07-28T05:00:00Z,2,1,very low
2026-07-28T04:30:00Z,2026-07-28T05:00:00Z,3,27,low
2026-07-28T04:30:00Z,2026-07-28T05:00:00Z,4,18,very low
2026-07-28T04:30:00Z,2026-07-28T05:00:00Z,5,54,low
2026-07-28T04:30:00Z,2026-07-28T05:00:00Z,6,17,very low
2026-07-28T04:30:00Z,2026-07-28T05:00:00Z,7,111,moderate
2026-07-28T04:30:00Z,2026-07-28T05:00:00Z,8,31,low
2026-07-28T04:30:00Z,2026-07-28T05:00:00Z,9,147,moderate
2026-07-28T04:30:00Z,2026-07-28T05:00:00Z,10,140,moderate
2026-07-28T04:30:00Z,2026-07-28T05:00:00Z,11,369,very high
2026-07-28T04:30:00Z,2026-07-28T05:00:00Z,12,139,moderate
2026-07-28T04:30:00Z,2026-07-28T05:00:00Z,13,134,moderate
2026-07-28T04:30:00Z,2026-07-28T05:00:00Z,14,130,moderate
2026-07-28T04:30:00Z,2026-07-28T05:00:00Z,15,99,moderate
2026-07-28T04:30:00Z,2026-07-28T05:00:00Z,16,1,very low
2026-07-28T04:30:00Z,2026-07-28T05:00:00Z,17,38,low
2026-07-28T04:30:00Z,2026-07-28T05:00:00Z,18,90,moderate
2026-07-28T05:00:00Z,2026-07-28T05:30:00Z,1,0,very low
2026-07-28T05:00:00Z,2026-07-28T05:30:00Z,2,3,very low
2026-07-28T05:00:00Z,2026-07-28T05:30:00Z,3,21,very low
2026-07-28T05:00:00Z,2026-07-28T05:30:00Z,4,21,very low
2026-07-28T05:00:00Z,2026-07-28T05:30:00Z,5,68,low
2026-07-28T05:00:00Z,2026-07-28T05:30:00Z,6,28,low
2026-07-28T05:00:00Z,2026-07-28T05:30:00Z,7,295,very high
2026-07-28T05:00:00Z,2026-07-28T05:30:00Z,8,26,low
2026-07-28T05:00:00Z,2026-07-28T05:30:00Z,9,105,moderate
2026-07-28T05:00:00Z,2026-07-28T05:30:00Z,10,119,moderate
2026-07-28T05:00:00Z,2026-07-28T05:30:00Z,11,353,very high
2026-07-28T05:00:00Z,2026-07-28T05:30:00Z,12,113,moderate
2026-07-28T05:00:00Z,2026-07-28T05:30:00Z,13,127,moderate
2026-07-28T05:00:00Z,2026-07-28T05:30:00Z,14,136,moderate
2026-07-28T05:00:00Z,2026-07-28T05:30:00Z,15,91,moderate
2026-07-28T05:00:00Z,2026-07-28T05:30:00Z,16,3,very low
2026-07-28T05:00:00Z,2026-07-28T05:30:00Z,17,103,moderate
2026-07-28T05:00:00Z,2026-07-28T05:30:00Z,18,86,low
2026-07-28T05:30:00Z,2026-07-28T06:00:00Z,1,0,very low
2026-07-28T05:30:00Z,2026-07-28T06:00:00Z,2,2,very low
2026-07-28T05:30:00Z,2026-07-28T06:00:00Z,3,16,very low
2026-07-28T05:30:00Z,2026-07-28T06:00:00Z,4,20,very low
2026-07-28T05:30:00Z,2026-07-28T06:00:00Z,5,62,low
2026-07-28T05:30:00Z,2026-07-28T06:00:00Z,6,23,very low
2026-07-28T05:30:00Z,2026-07-28T06:00:00Z,7,218,high
2026-07-28T05:30:00Z,2026-07-28T06:00:00Z,8,21,very low
2026-07-28T05:30:00Z,2026-07-28T06:00:00Z,9,93,moderate
2026-07-28T05:30:00Z,2026-07-28T06:00:00Z,10,147,moderate
2026-07-28T05:30:00Z,2026-07-28T06:00:00Z,11,302,very high
2026-07-28T05:30:00Z,2026-07-28T06:00:00Z,12,87,low
2026-07-28T05:30:00Z,2026-07-28T06:00:00Z,13,118,moderate
2026-07-28T05:30:00Z,2026-07-28T06:00:00Z,14,118,moderate
2026-07-28T05:30:00Z,2026-07-28T06:00:00Z,15,83,low
2026-07-28T05:30:00Z,2026-07-28T06:00:00Z,16,2,very low
2026-07-28T05:30:00Z,2026-07-28T06:00:00Z,17,81,low
2026-07-28T05:30:00Z,2026-07-28T06:00:00Z,18,78,low
2026-07-28T06:00:00Z,2026-07-28T06:30:00Z,1,0,very low
2026-07-28T06:00:00Z,2026-07-28T06:30:00Z,2,2,very low
2026-07-28T06:00:00Z,2026-07-28T06:30:00Z,3,16,very low
2026-07-28T06:00:00Z,2026-07-28T06:30:00Z,4,17,very low
2026-07-28T06:00:00Z,2026-07-28T06:30:00Z,5,56,low
2026-07-28T06:00:00Z,2026-07-28T06:30:00Z,6,19,very low
2026-07-28T06:00:00Z,2026-07-28T06:30:00Z,7,190,high
2026-07-28T06:00:00Z,2026-07-28T06:30:00Z,8,18,very low
2026-07-28T06:00:00Z,2026-07-28T06:30:00Z,9,74,low
2026-07-28T06:00:00Z,2026-07-28T06:30:00Z,10,135,moderate
2026-07-28T06:00:00Z,2026-07-28T06:30:00Z,11,202,high
2026-07-28T06:00:00Z,2026-07-28T06:30:00Z,12,71,low
2026-07-28T06:00:00Z,2026-07-28T06:30:00Z,13,105,moderate
2026-07-28T06:00:00Z,2026-07-28T06:30:00Z,14,107,moderate
2026-07-28T06:00:00Z,2026-07-28T06:30:00Z,15,74,low
2026-07-28T06:00:00Z,2026-07-28T06:30:00Z,16,2,very low
2026-07-28T06:00:00Z,2026-07-28T06:30:00Z,17,61,low
2026-07-28T06:00:00Z,2026-07-28T06:30:00Z,18,68,low
2026-07-28T06:30:00Z,2026-07-28T07:00:00Z,1,0,very low
2026-07-28T06:30:00Z,2026-07-28T07:00:00Z,2,1,very low
2026-07-28T06:30:00Z,2026-07-28T07:00:00Z,3,18,very low
2026-07-28T06:30:00Z,2026-07-28T07:00:00Z,4,14,very low
2026-07-28T06:30:00Z,2026-07-28T07:00:00Z,5,44,low
2026-07-28T06:30:00Z,2026-07-28T07:00:00Z,6,6,very low
2026-07-28T06:30:00Z,2026-07-28T07:00:00Z,7,57,low
2026-07-28T06:30:00Z,2026-07-28T07:00:00Z,8,15,very low
2026-07-28T06:30:00Z,2026-07-28T07:00:00Z,9,87,low
2026-07-28T06:30:00Z,2026-07-28T07:00:00Z,10,175,high
2026-07-28T06:30:00Z,2026-07-28T07:00:00Z,11,191,high
2026-07-28T06:30:00Z,2026-07-28T07:00:00Z,12,76,low
2026-07-28T06:30:00Z,2026-07-28T07:00:00Z,13,110,moderate
2026-07-28T06:30:00Z,2026-07-28T07:00:00Z,14,97,moderate
2026-07-28T06:30:00Z,2026-07-28T07:00:00Z,15,78,low
2026-07-28T06:30:00Z,2026-07-28T07:00:00Z,16,1,very low
2026-07-28T06:30:00Z,2026-07-28T07:00:00Z,17,25,low
2026-07-28T06:30:00Z,2026-07-28T07:00:00Z,18,69,low
2026-07-28T07:00:00Z,2026-07-28T07:30:00Z,1,0,very low
2026-07-28T07:00:00Z,2026-07-28T07:30:00Z,2,1,very low
2026-07-28T07:00:00Z,2026-07-28T07:30:00Z,3,12,very low
2026-07-28T07:00:00Z,2026-07-28T07:30:00Z,4,14,very low
2026-07-28T07:00:00Z,2026-07-28T07:30:00Z,5,48,low
2026-07-28T07:00:00Z,2026-07-28T07:30:00Z,6,13,very low
2026-07-28T07:00:00Z,2026-07-28T07:30:00Z,7,145,moderate
2026-07-28T07:00:00Z,2026-07-28T07:30:00Z,8,12,very low
2026-07-28T07:00:00Z,2026-07-28T07:30:00Z,9,58,low
2026-07-28T07:00:00Z,2026-07-28T07:30:00Z,10,150,moderate
2026-07-28T07:00:00Z,2026-07-28T07:30:00Z,11,105,moderate
2026-07-28T07:00:00Z,2026-07-28T07:30:00Z,12,56,low
2026-07-28T07:00:00Z,2026-07-28T07:30:00Z,13,96,moderate
2026-07-28T07:00:00Z,2026-07-28T07:30:00Z,14,90,moderate
2026-07-28T07:00:00Z,2026-07-28T07:30:00Z,15,66,low
2026-07-28T07:00:00Z,2026-07-28T07:30:00Z,16,1,very low
2026-07-28T07:00:00Z,2026-07-28T07:30:00Z,17,40,low
2026-07-28T07:00:00Z,2026-07-28T07:30:00Z,18,60,low
2026-07-28T07:30:00Z,2026-07-28T08:00:00Z,1,0,very low
2026-07-28T07:30:00Z,2026-07-28T08:00:00Z,2,1,very low
2026-07-28T07:30:00Z,2026-07-28T08:00:00Z,3,21,very low
2026-07-28T07:30:00Z,2026-07-28T08:00:00Z,4,11,very low
2026-07-28T07:30:00Z,2026-07-28T08:00:00Z,5,38,low
2026-07-28T07:30:00Z,2026-07-28T08:00:00Z,6,7,very low
2026-07-28T07:30:00Z,2026-07-28T08:00:00Z,7,63,low
2026-07-28T07:30:00Z,2026-07-28T08:00:00Z,8,15,very low
2026-07-28T07:30:00Z,2026-07-28T08:00:00Z,9,63,low
2026-07-28T07:30:00Z,2026-07-28T08:00:00Z,10,149,moderate
2026-07-28T07:30:00Z,2026-07-28T08:00:00Z,11,171,high
2026-07-28T07:30:00Z,2026-07-28T08:00:00Z,12,69,low
2026-07-28T07:30:00Z,2026-07-28T08:00:00Z,13,86,low
2026-07-28T07:30:00Z,2026-07-28T08:00:00Z,14,76,low
2026-07-28T07:30:00Z,2026-07-28T08:00:00Z,15,69,low
2026-07-28T07:30:00Z,2026-07-28T08:00:00Z,16,1,very low
2026-07-28T07:30:00Z,2026-07-28T08:00:00Z,17,11,very low
2026-07-28T07:30:00Z,2026-07-28T08:00:00Z,18,60,low
2026-07-28T08:00:00Z,2026-07-28T08:30:00Z,1,0,very low
2026-07-28T08:00:00Z,2026-07-28T08:30:00Z,2,1,very low
2026-07-28T08:00:00Z,2026-07-28T08:30:00Z,3,11,very low
2026-07-28T08:00:00Z,2026-07-28T08:30:00Z,4,8,very low
2026-07-28T08:00:00Z,2026-07-28T08:30:00Z,5,35,low
2026-07-28T08:00:00Z,2026-07-28T08:30:00Z,6,13,very low
2026-07-28T08:00:00Z,2026-07-28T08:30:00Z,7,137,moderate
2026-07-28T08:00:00Z,2026-07-28T08:30:00Z,8,11,very low
2026-07-28T08:00:00Z,2026-07-28T08:30:00Z,9,53,low
2026-07-28T08:00:00Z,2026-07-28T08:30:00Z,10,132,moderate
2026-07-28T08:00:00Z,2026-07-28T08:30:00Z,11,87,low
2026-07-28T08:00:00Z,2026-07-28T08:30:00Z,12,50,low
2026-07-28T08:00:00Z,2026-07-28T08:30:00Z,13,85,low
2026-07-28T08:00:00Z,2026-07-28T08:30:00Z,14,79,low
2026-07-28T08:00:00Z,2026-07-28T08:30:00Z,15,62,low
2026-07-28T08:00:00Z,2026-07-28T08:30:00Z,16,1,very low
2026-07-28T08:00:00Z,2026-07-28T08:30:00Z,17,46,low
2026-07-28T08:00:00Z,2026-07-28T08:30:00Z,18,55,low
2026-07-28T08:30:00Z,2026-07-28T09:00:00Z,1,0,very low
2026-07-28T08:30:00Z,2026-07-28T09:00:00Z,2,1,very low
2026-07-28T08:30:00Z,2026-07-28T09:00:00Z,3,18,very low
2026-07-28T08:30:00Z,2026-07-28T09:00:00Z,4,8,very low
2026-07-28T08:30:00Z,2026-07-28T09:00:00Z,5,25,low
2026-07-28T08:30:00Z,2026-07-28T09:00:00Z,6,7,very low
2026-07-28T08:30:00Z,2026-07-28T09:00:00Z,7,32,low
2026-07-28T08:30:00Z,2026-07-28T09:00:00Z,8,12,very low
2026-07-28T08:30:00Z,2026-07-28T09:00:00Z,9,44,low
2026-07-28T08:30:00Z,2026-07-28T09:00:00Z,10,133,moderate
2026-07-28T08:30:00Z,2026-07-28T09:00:00Z,11,158,moderate
2026-07-28T08:30:00Z,2026-07-28T09:00:00Z,12,70,low
2026-07-28T08:30:00Z,2026-07-28T09:00:00Z,13,78,low
2026-07-28T08:30:00Z,2026-07-28T09:00:00Z,14,72,low
2026-07-28T08:30:00Z,2026-07-28T09:00:00Z,15,62,low
2026-07-28T08:30:00Z,2026-07-28T09:00:00Z,16,0,very low
2026-07-28T08:30:00Z,2026-07-28T09:00:00Z,17,15,very low
2026-07-28T08:30:00Z,2026-07-28T09:00:00Z,18,54,low
2026-07-28T09:00:00Z,2026-07-28T09:30:00Z,1,0,very low
2026-07-28T09:00:00Z,2026-07-28T09:30:00Z,2,1,very low
2026-07-28T09:00:00Z,2026-07-28T09:30:00Z,3,10,very low
2026-07-28T09:00:00Z,2026-07-28T09:30:00Z,4,9,very low
2026-07-28T09:00:00Z,2026-07-28T09:30:00Z,5,30,low
2026-07-28T09:00:00Z,2026-07-28T09:30:00Z,6,14,very low
2026-07-28T09:00:00Z,2026-07-28T09:30:00Z,7,111,moderate
2026-07-28T09:00:00Z,2026-07-28T09:30:00Z,8,11,very low
2026-07-28T09:00:00Z,2026-07-28T09:30:00Z,9,43,low
2026-07-28T09:00:00Z,2026-07-28T09:30:00Z,10,123,moderate
2026-07-28T09:00:00Z,2026-07-28T09:30:00Z,11,69,low
2026-07-28T09:00:00Z,2026-07-28T09:30:00Z,12,49,low
2026-07-28T09:00:00Z,2026-07-28T09:30:00Z,13,83,low
2026-07-28T09:00:00Z,2026-07-28T09:30:00Z,14,82,low
2026-07-28T09:00:00Z,2026-07-28T09:30:00Z,15,54,low
2026-07-28T09:00:00Z,2026-07-28T09:30:00Z,16,1,very low
2026-07-28T09:00:00Z,2026-07-28T09:30:00Z,17,52,low
2026-07-28T09:00:00Z,2026-07-28T09:30:00Z,18,50,low
2026-07-28T09:30:00Z,2026-07-28T10:00:00Z,1,0,very low
2026-07-28T09:30:00Z,2026-07-28T10:00:00Z,2,1,very low
2026-07-28T09:30:00Z,2026-07-28T10:00:00Z,3,17,very low
2026-07-28T09:30:00Z,2026-07-28T10:00:00Z,4,9,very low
2026-07-28T09:30:00Z,2026-07-28T10:00:00Z,5,23,very low
2026-07-28T09:30:00Z,2026-07-28T10:00:00Z,6,6,very low
2026-07-28T09:30:00Z,2026-07-28T10:00:00Z,7,35,low
2026-07-28T09:30:00Z,2026-07-28T10:00:00Z,8,11,very low
2026-07-28T09:30:00Z,2026-07-28T10:00:00Z,9,38,low
2026-07-28T09:30:00Z,2026-07-28T10:00:00Z,10,122,moderate
2026-07-28T09:30:00Z,2026-07-28T10:00:00Z,11,128,moderate
2026-07-28T09:30:00Z,2026-07-28T10:00:00Z,12,60,low
2026-07-28T09:30:00Z,2026-07-28T10:00:00Z,13,79,low
2026-07-28T09:30:00Z,2026-07-28T10:00:00Z,14,72,low
2026-07-28T09:30:00Z,2026-07-28T10:00:00Z,15,56,low
2026-07-28T09:30:00Z,2026-07-28T10:00:00Z,16,0,very low
2026-07-28T09:30:00Z,2026-07-28T10:00:00Z,17,24,very low
2026-07-28T09:30:00Z,2026-07-28T10:00:00Z,18,49,low
2026-07-28T10:00:00Z,2026-07-28T10:30:00Z,1,0,very low
2026-07-28T10:00:00Z,2026-07-28T10:30:00Z,2,1,very low
2026-07-28T10:00:00Z,2026-07-28T10:30:00Z,3,8,very low
2026-07-28T10:00:00Z,2026-07-28T10:30:00Z,4,9,very low
2026-07-28T10:00:00Z,2026-07-28T10:30:00Z,5,32,low
2026-07-28T10:00:00Z,2026-07-28T10:30:00Z,6,17,very low
2026-07-28T10:00:00Z,2026-07-28T10:30:00Z,7,124,moderate
2026-07-28T10:00:00Z,2026-07-28T10:30:00Z,8,10,very low
2026-07-28T10:00:00Z,2026-07-28T10:30:00Z,9,43,low
2026-07-28T10:00:00Z,2026-07-28T10:30:00Z,10,118,moderate
2026-07-28T10:00:00Z,2026-07-28T10:30:00Z,11,71,low
2026-07-28T10:00:00Z,2026-07-28T10:30:00Z,12,40,low
2026-07-28T10:00:00Z,2026-07-28T10:30:00Z,13,84,low
2026-07-28T10:00:00Z,2026-07-28T10:30:00Z,14,85,low
2026-07-28T10:00:00Z,2026-07-28T10:30:00Z,15,53,low
2026-07-28T10:00:00Z,2026-07-28T10:30:00Z,16,1,very low
2026-07-28T10:00:00Z,2026-07-28T10:30:00Z,17,58,low
2026-07-28T10:00:00Z,2026-07-28T10:30:00Z,18,49,low
2026-07-28T10:30:00Z,2026-07-28T11:00:00Z,1,0,very low
2026-07-28T10:30:00Z,2026-07-28T11:00:00Z,2,1,very low
2026-07-28T10:30:00Z,2026-07-28T11:00:00Z,3,16,very low
2026-07-28T10:30:00Z,2026-07-28T11:00:00Z,4,9,very low
2026-07-28T10:30:00Z,2026-07-28T11:00:00Z,5,23,very low
2026-07-28T10:30:00Z,2026-07-28T11:00:00Z,6,5,very low
2026-07-28T10:30:00Z,2026-07-28T11:00:00Z,7,37,low
2026-07-28T10:30:00Z,2026-07-28T11:00:00Z,8,10,very low
2026-07-28T10:30:00Z,2026-07-28T11:00:00Z,9,39,low
2026-07-28T10:30:00Z,2026-07-28T11:00:00Z,10,114,moderate
2026-07-28T10:30:00Z,2026-07-28T11:00:00Z,11,113,moderate
2026-07-28T10:30:00Z,2026-07-28T11:00:00Z,12,53,low
2026-07-28T10:30:00Z,2026-07-28T11:00:00Z,13,72,low
2026-07-28T10:30:00Z,2026-07-28T11:00:00Z,14,66,low
2026-07-28T10:30:00Z,2026-07-28T11:00:00Z,15,53,low
2026-07-28T10:30:00Z,2026-07-28T11:00:00Z,16,1,very low
2026-07-28T10:30:00Z,2026-07-28T11:00:00Z,17,21,very low
2026-07-28T10:30:00Z,2026-07-28T11:00:00Z,18,47,low
2026-07-28T11:00:00Z,2026-07-28T11:30:00Z,1,0,very low
2026-07-28T11:00:00Z,2026-07-28T11:30:00Z,2,1,very low
2026-07-28T11:00:00Z,2026-07-28T11:30:00Z,3,8,very low
2026-07-28T11:00:00Z,2026-07-28T11:30:00Z,4,10,very low
2026-07-28T11:00:00Z,2026-07-28T11:30:00Z,5,33,low
2026-07-28T11:00:00Z,2026-07-28T11:30:00Z,6,13,very low
2026-07-28T11:00:00Z,2026-07-28T11:30:00Z,7,106,moderate
2026-07-28T11:00:00Z,2026-07-28T11:30:00Z,8,9,very low
2026-07-28T11:00:00Z,2026-07-28T11:30:00Z,9,37,low
2026-07-28T11:00:00Z,2026-07-28T11:30:00Z,10,110,moderate
2026-07-28T11:00:00Z,2026-07-28T11:30:00Z,11,58,low
2026-07-28T11:00:00Z,2026-07-28T11:30:00Z,12,33,low
2026-07-28T11:00:00Z,2026-07-28T11:30:00Z,13,75,low
2026-07-28T11:00:00Z,2026-07-28T11:30:00Z,14,76,low
2026-07-28T11:00:00Z,2026-07-28T11:30:00Z,15,48,low
2026-07-28T11:00:00Z,2026-07-28T11:30:00Z,16,1,very low
2026-07-28T11:00:00Z,2026-07-28T11:30:00Z,17,41,low
2026-07-28T11:00:00Z,2026-07-28T11:30:00Z,18,44,low
2026-07-28T11:30:00Z,2026-07-28T12:00:00Z,1,0,very low
2026-07-28T11:30:00Z,2026-07-28T12:00:00Z,2,1,very low
2026-07-28T11:30:00Z,2026-07-28T12:00:00Z,3,13,very low
2026-07-28T11:30:00Z,2026-07-28T12:00:00Z,4,9,very low
2026-07-28T11:30:00Z,2026-07-28T12:00:00Z,5,21,very low
2026-07-28T11:30:00Z,2026-07-28T12:00:00Z,6,7,very low
2026-07-28T11:30:00Z,2026-07-28T12:00:00Z,7,61,low
2026-07-28T11:30:00Z,2026-07-28T12:00:00Z,8,9,very low
2026-07-28T11:30:00Z,2026-07-28T12:00:00Z,9,34,low
2026-07-28T11:30:00Z,2026-07-28T12:00:00Z,10,111,moderate
2026-07-28T11:30:00Z,2026-07-28T12:00:00Z,11,89,low
2026-07-28T11:30:00Z,2026-07-28T12:00:00Z,12,48,low
2026-07-28T11:30:00Z,2026-07-28T12:00:00Z,13,71,low
2026-07-28T11:30:00Z,2026-07-28T12:00:00Z,14,67,low
2026-07-28T11:30:00Z,2026-07-28T12:00:00Z,15,50,low
2026-07-28T11:30:00Z,2026-07-28T12:00:00Z,16,1,very low
2026-07-28T11:30:00Z,2026-07-28T12:00:00Z,17,23,very low
2026-07-28T11:30:00Z,2026-07-28T12:00:00Z,18,44,low
2026-07-28T12:00:00Z,2026-07-28T12:30:00Z,1,0,very low
2026-07-28T12:00:00Z,2026-07-28T12:30:00Z,2,1,very low
2026-07-28T12:00:00Z,2026-07-28T12:30:00Z,3,8,very low
2026-07-28T12:00:00Z,2026-07-28T12:30:00Z,4,9,very low
2026-07-28T12:00:00Z,2026-07-28T12:30:00Z,5,34,low
2026-07-28T12:00:00Z,2026-07-28T12:30:00Z,6,12,very low
2026-07-28T12:00:00Z,2026-07-28T12:30:00Z,7,103,moderate
2026-07-28T12:00:00Z,2026-07-28T12:30:00Z,8,8,very low
2026-07-28T12:00:00Z,2026-07-28T12:30:00Z,9,38,low
2026-07-28T12:00:00Z,2026-07-28T12:30:00Z,10,109,moderate
2026-07-28T12:00:00Z,2026-07-28T12:30:00Z,11,52,low
2026-07-28T12:00:00Z,2026-07-28T12:30:00Z,12,32,low
2026-07-28T12:00:00Z,2026-07-28T12:30:00Z,13,73,low
2026-07-28T12:00:00Z,2026-07-28T12:30:00Z,14,74,low
2026-07-28T12:00:00Z,2026-07-28T12:30:00Z,15,48,low
2026-07-28T12:00:00Z,2026-07-28T12:30:00Z,16,1,very low
2026-07-28T12:00:00Z,2026-07-28T12:30:00Z,17,35,low
2026-07-28T12:00:00Z,2026-07-28T12:30:00Z,18,44,low
2026-07-28T12:30:00Z,2026-07-28T13:00:00Z,1,0,very low
2026-07-28T12:30:00Z,2026-07-28T13:00:00Z,2,1,very low
2026-07-28T12:30:00Z,2026-07-28T13:00:00Z,3,16,very low
2026-07-28T12:30:00Z,2026-07-28T13:00:00Z,4,9,very low
2026-07-28T12:30:00Z,2026-07-28T13:00:00Z,5,23,very low
2026-07-28T12:30:00Z,2026-07-28T13:00:00Z,6,6,very low
2026-07-28T12:30:00Z,2026-07-28T13:00:00Z,7,61,low
2026-07-28T12:30:00Z,2026-07-28T13:00:00Z,8,9,very low
2026-07-28T12:30:00Z,2026-07-28T13:00:00Z,9,39,low
2026-07-28T12:30:00Z,2026-07-28T13:00:00Z,10,111,moderate
2026-07-28T12:30:00Z,2026-07-28T13:00:00Z,11,79,low
2026-07-28T12:30:00Z,2026-07-28T13:00:00Z,12,47,low
2026-07-28T12:30:00Z,2026-07-28T13:00:00Z,13,68,low
2026-07-28T12:30:00Z,2026-07-28T13:00:00Z,14,66,low
2026-07-28T12:30:00Z,2026-07-28T13:00:00Z,15,49,low
2026-07-28T12:30:00Z,2026-07-28T13:00:00Z,16,1,very low
2026-07-28T12:30:00Z,2026-07-28T13:00:00Z,17,37,low
2026-07-28T12:30:00Z,2026-07-28T13:00:00Z,18,44,low
2026-07-28T13:00:00Z,2026-07-28T13:30:00Z,1,0,very low
2026-07-28T13:00:00Z,2026-07-28T13:30:00Z,2,1,very low
2026-07-28T13:00:00Z,2026-07-28T13:30:00Z,3,19,very low
2026-07-28T13:00:00Z,2026-07-28T13:30:00Z,4,10,very low
2026-07-28T13:00:00Z,2026-07-28T13:30:00Z,5,26,low
2026-07-28T13:00:00Z,2026-07-28T13:30:00Z,6,7,very low
2026-07-28T13:00:00Z,2026-07-28T13:30:00Z,7,82,low
2026-07-28T13:00:00Z,2026-07-28T13:30:00Z,8,11,very low
2026-07-28T13:00:00Z,2026-07-28T13:30:00Z,9,45,low
2026-07-28T13:00:00Z,2026-07-28T13:30:00Z,10,113,moderate
2026-07-28T13:00:00Z,2026-07-28T13:30:00Z,11,87,low
2026-07-28T13:00:00Z,2026-07-28T13:30:00Z,12,50,low
2026-07-28T13:00:00Z,2026-07-28T13:30:00Z,13,69,low
2026-07-28T13:00:00Z,2026-07-28T13:30:00Z,14,66,low
2026-07-28T13:00:00Z,2026-07-28T13:30:00Z,15,52,low
2026-07-28T13:00:00Z,2026-07-28T13:30:00Z,16,1,very low
2026-07-28T13:00:00Z,2026-07-28T13:30:00Z,17,45,low
2026-07-28T13:00:00Z,2026-07-28T13:30:00Z,18,48,low
2026-07-28T13:30:00Z,2026-07-28T14:00:00Z,1,0,very low
2026-07-28T13:30:00Z,2026-07-28T14:00:00Z,2,1,very low
2026-07-28T13:30:00Z,2026-07-28T14:00:00Z,3,22,very low
2026-07-28T13:30:00Z,2026-07-28T14:00:00Z,4,10,very low
2026-07-28T13:30:00Z,2026-07-28T14:00:00Z,5,32,low
2026-07-28T13:30:00Z,2026-07-28T14:00:00Z,6,7,very low
2026-07-28T13:30:00Z,2026-07-28T14:00:00Z,7,106,moderate
2026-07-28T13:30:00Z,2026-07-28T14:00:00Z,8,12,very low
2026-07-28T13:30:00Z,2026-07-28T14:00:00Z,9,53,low
2026-07-28T13:30:00Z,2026-07-28T14:00:00Z,10,116,moderate
2026-07-28T13:30:00Z,2026-07-28T14:00:00Z,11,95,moderate
2026-07-28T13:30:00Z,2026-07-28T14:00:00Z,12,53,low
2026-07-28T13:30:00Z,2026-07-28T14:00:00Z,13,73,low
2026-07-28T13:30:00Z,2026-07-28T14:00:00Z,14,68,low
2026-07-28T13:30:00Z,2026-07-28T14:00:00Z,15,56,low
2026-07-28T13:30:00Z,2026-07-28T14:00:00Z,16,1,very low
2026-07-28T13:30:00Z,2026-07-28T14:00:00Z,17,56,low
2026-07-28T13:30:00Z,2026-07-28T14:00:00Z,18,52,low
2026-07-28T14:00:00Z,2026-07-28T14:30:00Z,1,0,very low
2026-07-28T14:00:00Z,2026-07-28T14:30:00Z,2,1,very low
2026-07-28T14:00:00Z,2026-07-28T14:30:00Z,3,24,very low
2026-07-28T14:00:00Z,2026-07-28T14:30:00Z,4,13,very low
2026-07-28T14:00:00Z,2026-07-28T14:30:00Z,5,39,low
2026-07-28T14:00:00Z,2026-07-28T14:30:00Z,6,11,very low
2026-07-28T14:00:00Z,2026-07-28T14:30:00Z,7,130,moderate
2026-07-28T14:00:00Z,2026-07-28T14:30:00Z,8,14,very low
2026-07-28T14:00:00Z,2026-07-28T14:30:00Z,9,67,low
2026-07-28T14:00:00Z,2026-07-28T14:30:00Z,10,121,moderate
2026-07-28T14:00:00Z,2026-07-28T14:30:00Z,11,106,moderate
2026-07-28T14:00:00Z,2026-07-28T14:30:00Z,12,56,low
2026-07-28T14:00:00Z,2026-07-28T14:30:00Z,13,74,low
2026-07-28T14:00:00Z,2026-07-28T14:30:00Z,14,69,low
2026-07-28T14:00:00Z,2026-07-28T14:30:00Z,15,63,low
2026-07-28T14:00:00Z,2026-07-28T14:30:00Z,16,1,very low
2026-07-28T14:00:00Z,2026-07-28T14:30:00Z,17,55,low
2026-07-28T14:00:00Z,2026-07-28T14:30:00Z,18,58,low
2026-07-28T14:30:00Z,2026-07-28T15:00:00Z,1,0,very low
2026-07-28T14:30:00Z,2026-07-28T15:00:00Z,2,2,very low
2026-07-28T14:30:00Z,2026-07-28T15:00:00Z,3,26,low
2026-07-28T14:30:00Z,2026-07-28T15:00:00Z,4,14,very low
2026-07-28T14:30:00Z,2026-07-28T15:00:00Z,5,47,low
2026-07-28T14:30:00Z,2026-07-28T15:00:00Z,6,13,very low
2026-07-28T14:30:00Z,2026-07-28T15:00:00Z,7,137,moderate
2026-07-28T14:30:00Z,2026-07-28T15:00:00Z,8,16,very low
2026-07-28T14:30:00Z,2026-07-28T15:00:00Z,9,83,low
2026-07-28T14:30:00Z,2026-07-28T15:00:00Z,10,126,moderate
2026-07-28T14:30:00Z,2026-07-28T15:00:00Z,11,110,moderate
2026-07-28T14:30:00Z,2026-07-28T15:00:00Z,12,59,low
2026-07-28T14:30:00Z,2026-07-28T15:00:00Z,13,79,low
2026-07-28T14:30:00Z,2026-07-28T15:00:00Z,14,74,low
2026-07-28T14:30:00Z,2026-07-28T15:00:00Z,15,69,low
2026-07-28T14:30:00Z,2026-07-28T15:00:00Z,16,1,very low
2026-07-28T14:30:00Z,2026-07-28T15:00:00Z,17,65,low
2026-07-28T14:30:00Z,2026-07-28T15:00:00Z,18,64,low
2026-07-28T15:00:00Z,2026-07-28T15:30:00Z,1,0,very low
2026-07-28T15:00:00Z,2026-07-28T15:30:00Z,2,2,very low
2026-07-28T15:00:00Z,2026-07-28T15:30:00Z,3,26,low
2026-07-28T15:00:00Z,2026-07-28T15:30:00Z,4,17,very low
2026-07-28T15:00:00Z,2026-07-28T15:30:00Z,5,75,low
2026-07-28T15:00:00Z,2026-07-28T15:30:00Z,6,37,low
2026-07-28T15:00:00Z,2026-07-28T15:30:00Z,7,216,high
2026-07-28T15:00:00Z,2026-07-28T15:30:00Z,8,26,low
2026-07-28T15:00:00Z,2026-07-28T15:30:00Z,9,91,moderate
2026-07-28T15:00:00Z,2026-07-28T15:30:00Z,10,129,moderate
2026-07-28T15:00:00Z,2026-07-28T15:30:00Z,11,118,moderate
2026-07-28T15:00:00Z,2026-07-28T15:30:00Z,12,55,low
2026-07-28T15:00:00Z,2026-07-28T15:30:00Z,13,95,moderate
2026-07-28T15:00:00Z,2026-07-28T15:30:00Z,14,100,moderate
2026-07-28T15:00:00Z,2026-07-28T15:30:00Z,15,79,low
2026-07-28T15:00:00Z,2026-07-28T15:30:00Z,16,1,very low
2026-07-28T15:00:00Z,2026-07-28T15:30:00Z,17,102,moderate
2026-07-28T15:00:00Z,2026-07-28T15:30:00Z,18,75,low
2026-07-28T15:30:00Z,2026-07-28T16:00:00Z,1,0,very low
2026-07-28T15:30:00Z,2026-07-28T16:00:00Z,2,2,very low
2026-07-28T15:30:00Z,2026-07-28T16:00:00Z,3,38,low
2026-07-28T15:30:00Z,2026-07-28T16:00:00Z,4,15,very low
2026-07-28T15:30:00Z,2026-07-28T16:00:00Z,5,57,low
2026-07-28T15:30:00Z,2026-07-28T16:00:00Z,6,23,very low
2026-07-28T15:30:00Z,2026-07-28T16:00:00Z,7,225,high
2026-07-28T15:30:00Z,2026-07-28T16:00:00Z,8,26,low
2026-07-28T15:30:00Z,2026-07-28T16:00:00Z,9,128,moderate
2026-07-28T15:30:00Z,2026-07-28T16:00:00Z,10,92,moderate
2026-07-28T15:30:00Z,2026-07-28T16:00:00Z,11,182,high
2026-07-28T15:30:00Z,2026-07-28T16:00:00Z,12,85,low
2026-07-28T15:30:00Z,2026-07-28T16:00:00Z,13,86,low
2026-07-28T15:30:00Z,2026-07-28T16:00:00Z,14,85,low
2026-07-28T15:30:00Z,2026-07-28T16:00:00Z,15,84,low
2026-07-28T15:30:00Z,2026-07-28T16:00:00Z,16,1,very low
2026-07-28T15:30:00Z,2026-07-28T16:00:00Z,17,105,moderate
2026-07-28T15:30:00Z,2026-07-28T16:00:00Z,18,80,low
2026-07-28T16:00:00Z,2026-07-28T16:30:00Z,1,0,very low
2026-07-28T16:00:00Z,2026-07-28T16:30:00Z,2,2,very low
2026-07-28T16:00:00Z,2026-07-28T16:30:00Z,3,41,low
2026-07-28T16:00:00Z,2026-07-28T16:30:00Z,4,17,very low
2026-07-28T16:00:00Z,2026-07-28T16:30:00Z,5,91,moderate
2026-07-28T16:00:00Z,2026-07-28T16:30:00Z,6,51,low
2026-07-28T16:00:00Z,2026-07-28T16:30:00Z,7,291,very high
2026-07-28T16:00:00Z,2026-07-28T16:30:00Z,8,60,low
2026-07-28T16:00:00Z,2026-07-28T16:30:00Z,9,129,moderate
2026-07-28T16:00:00Z,2026-07-28T16:30:00Z,10,119,moderate
2026-07-28T16:00:00Z,2026-07-28T16:30:00Z,11,183,high
2026-07-28T16:00:00Z,2026-07-28T16:30:00Z,12,89,low
2026-07-28T16:00:00Z,2026-07-28T16:30:00Z,13,117,moderate
2026-07-28T16:00:00Z,2026-07-28T16:30:00Z,14,133,moderate
2026-07-28T16:00:00Z,2026-07-28T16:30:00Z,15,99,moderate
2026-07-28T16:00:00Z,2026-07-28T16:30:00Z,16,1,very low
2026-07-28T16:00:00Z,2026-07-28T16:30:00Z,17,187,high
2026-07-28T16:00:00Z,2026-07-28T16:30:00Z,18,98,moderate
2026-07-28T16:30:00Z,2026-07-28T17:00:00Z,1,0,very low
2026-07-28T16:30:00Z,2026-07-28T17:00:00Z,2,2,very low
2026-07-28T16:30:00Z,2026-07-28T17:00:00Z,3,52,low
2026-07-28T16:30:00Z,2026-07-28T17:00:00Z,4,16,very low
2026-07-28T16:30:00Z,2026-07-28T17:00:00Z,5,71,low
2026-07-28T16:30:00Z,2026-07-28T17:00:00Z,6,37,low
2026-07-28T16:30:00Z,2026-07-28T17:00:00Z,7,304,very high
2026-07-28T16:30:00Z,2026-07-28T17:00:00Z,8,69,low
2026-07-28T16:30:00Z,2026-07-28T17:00:00Z,9,173,high
2026-07-28T16:30:00Z,2026-07-28T17:00:00Z,10,152,moderate
2026-07-28T16:30:00Z,2026-07-28T17:00:00Z,11,251,very high
2026-07-28T16:30:00Z,2026-07-28T17:00:00Z,12,138,moderate
2026-07-28T16:30:00Z,2026-07-28T17:00:00Z,13,150,moderate
2026-07-28T16:30:00Z,2026-07-28T17:00:00Z,14,156,moderate
2026-07-28T16:30:00Z,2026-07-28T17:00:00Z,15,127,moderate
2026-07-28T16:30:00Z,2026-07-28T17:00:00Z,16,1,very low
2026-07-28T16:30:00Z,2026-07-28T17:00:00Z,17,163,moderate
2026-07-28T16:30:00Z,2026-07-28T17:00:00Z,18,121,moderate
2026-07-28T17:00:00Z,2026-07-28T17:30:00Z,1,0,very low
2026-07-28T17:00:00Z,2026-07-28T17:30:00Z,2,2,very low
2026-07-28T17:00:00Z,2026-07-28T17:30:00Z,3,56,low
2026-07-28T17:00:00Z,2026-07-28T17:30:00Z,4,17,very low
2026-07-28T17:00:00Z,2026-07-28T17:30:00Z,5,116,moderate
2026-07-28T17:00:00Z,2026-07-28T17:30:00Z,6,68,low
2026-07-28T17:00:00Z,2026-07-28T17:30:00Z,7,338,very high
2026-07-28T17:00:00Z,2026-07-28T17:30:00Z,8,114,moderate
2026-07-28T17:00:00Z,2026-07-28T17:30:00Z,9,178,high
2026-07-28T17:00:00Z,2026-07-28T17:30:00Z,10,184,high
2026-07-28T17:00:00Z,2026-07-28T17:30:00Z,11,244,very high
2026-07-28T17:00:00Z,2026-07-28T17:30:00Z,12,141,moderate
2026-07-28T17:00:00Z,2026-07-28T17:30:00Z,13,164,moderate
2026-07-28T17:00:00Z,2026-07-28T17:30:00Z,14,169,moderate
2026-07-28T17:00:00Z,2026-07-28T17:30:00Z,15,144,moderate
2026-07-28T17:00:00Z,2026-07-28T17:30:00Z,16,2,very low
2026-07-28T17:00:00Z,2026-07-28T17:30:00Z,17,192,high
2026-07-28T17:00:00Z,2026-07-28T17:30:00Z,18,138,moderate
2026-07-28T17:30:00Z,2026-07-28T18:00:00Z,1,0,very low
2026-07-28T17:30:00Z,2026-07-28T18:00:00Z,2,2,very low
2026-07-28T17:30:00Z,2026-07-28T18:00:00Z,3,61,low
2026-07-28T17:30:00Z,2026-07-28T18:00:00Z,4,16,very low
2026-07-28T17:30:00Z,2026-07-28T18:00:00Z,5,78,low
2026-07-28T17:30:00Z,2026-07-28T18:00:00Z,6,70,low
2026-07-28T17:30:00Z,2026-07-28T18:00:00Z,7,345,very high
2026-07-28T17:30:00Z,2026-07-28T18:00:00Z,8,120,moderate
2026-07-28T17:30:00Z,2026-07-28T18:00:00Z,9,191,high
2026-07-28T17:30:00Z,2026-07-28T18:00:00Z,10,188,high
2026-07-28T17:30:00Z,2026-07-28T18:00:00Z,11,277,very high
2026-07-28T17:30:00Z,2026-07-28T18:00:00Z,12,163,moderate
2026-07-28T17:30:00Z,2026-07-28T18:00:00Z,13,205,high
2026-07-28T17:30:00Z,2026-07-28T18:00:00Z,14,246,very high
2026-07-28T17:30:00Z,2026-07-28T18:00:00Z,15,158,moderate
2026-07-28T17:30:00Z,2026-07-28T18:00:00Z,16,1,very low
2026-07-28T17:30:00Z,2026-07-28T18:00:00Z,17,242,very high
2026-07-28T17:30:00Z,2026-07-28T18:00:00Z,18,152,moderate
2026-07-28T18:00:00Z,2026-07-28T18:30:00Z,1,0,very low
2026-07-28T18:00:00Z,2026-07-28T18:30:00Z,2,2,very low
2026-07-28T18:00:00Z,2026-07-28T18:30:00Z,3,59,low
2026-07-28T18:00:00Z,2026-07-28T18:30:00Z,4,18,very low
2026-07-28T18:00:00Z,2026-07-28T18:30:00Z,5,117,moderate
2026-07-28T18:00:00Z,2026-07-28T18:30:00Z,6,77,low
2026-07-28T18:00:00Z,2026-07-28T18:30:00Z,7,358,very high
2026-07-28T18:00:00Z,2026-07-28T18:30:00Z,8,136,moderate
2026-07-28T18:00:00Z,2026-07-28T18:30:00Z,9,206,high
2026-07-28T18:00:00Z,2026-07-28T18:30:00Z,10,208,high
2026-07-28T18:00:00Z,2026-07-28T18:30:00Z,11,309,very high
2026-07-28T18:00:00Z,2026-07-28T18:30:00Z,12,187,high
2026-07-28T18:00:00Z,2026-07-28T18:30:00Z,13,208,high
2026-07-28T18:00:00Z,2026-07-28T18:30:00Z,14,226,high
2026-07-28T18:00:00Z,2026-07-28T18:30:00Z,15,170,high
2026-07-28T18:00:00Z,2026-07-28T18:30:00Z,16,2,very low
2026-07-28T18:00:00Z,2026-07-28T18:30:00Z,17,256,very high
2026-07-28T18:00:00Z,2026-07-28T18:30:00Z,18,164,moderate
2026-07-28T18:30:00Z,2026-07-28T19:00:00Z,1,0,very low
2026-07-28T18:30:00Z,2026-07-28T19:00:00Z,2,2,very low
2026-07-28T18:30:00Z,2026-07-28T19:00:00Z,3,61,low
2026-07-28T18:30:00Z,2026-07-28T19:00:00Z,4,19,very low
2026-07-28T18:30:00Z,2026-07-28T19:00:00Z,5,117,moderate
2026-07-28T18:30:00Z,2026-07-28T19:00:00Z,6,74,low
2026-07-28T18:30:00Z,2026-07-28T19:00:00Z,7,373,very high
2026-07-28T18:30:00Z,2026-07-28T19:00:00Z,8,155,moderate
2026-07-28T18:30:00Z,2026-07-28T19:00:00Z,9,209,high
2026-07-28T18:30:00Z,2026-07-28T19:00:00Z,10,221,high
2026-07-28T18:30:00Z,2026-07-28T19:00:00Z,11,338,very high
2026-07-28T18:30:00Z,2026-07-28T19:00:00Z,12,205,high
2026-07-28T18:30:00Z,2026-07-28T19:00:00Z,13,217,high
2026-07-28T18:30:00Z,2026-07-28T19:00:00Z,14,223,high
2026-07-28T18:30:00Z,2026-07-28T19:00:00Z,15,179,high
2026-07-28T18:30:00Z,2026-07-28T19:00:00Z,16,2,very low
2026-07-28T18:30:00Z,2026-07-28T19:00:00Z,17,263,very high
2026-07-28T18:30:00Z,2026-07-28T19:00:00Z,18,173,high
2026-07-28T19:00:00Z,2026-07-28T19:30:00Z,1,0,very low
2026-07-28T19:00:00Z,2026-07-28T19:30:00Z,2,2,very low
2026-07-28T19:00:00Z,2026-07-28T19:30:00Z,3,60,low
2026-07-28T19:00:00Z,2026-07-28T19:30:00Z,4,18,very low
2026-07-28T19:00:00Z,2026-07-28T19:30:00Z,5,111,moderate
2026-07-28T19:00:00Z,2026-07-28T19:30:00Z,6,71,low
2026-07-28T19:00:00Z,2026-07-28T19:30:00Z,7,384,very high
2026-07-28T19:00:00Z,2026-07-28T19:30:00Z,8,171,high
2026-07-28T19:00:00Z,2026-07-28T19:30:00Z,9,203,high
2026-07-28T19:00:00Z,2026-07-28T19:30:00Z,10,222,high
2026-07-28T19:00:00Z,2026-07-28T19:30:00Z,11,358,very high
2026-07-28T19:00:00Z,2026-07-28T19:30:00Z,12,216,high
2026-07-28T19:00:00Z,2026-07-28T19:30:00Z,13,222,high
2026-07-28T19:00:00Z,2026-07-28T19:30:00Z,14,228,high
2026-07-28T19:00:00Z,2026-07-28T19:30:00Z,15,181,high
2026-07-28T19:00:00Z,2026-07-28T19:30:00Z,16,2,very low
2026-07-28T19:00:00Z,2026-07-28T19:30:00Z,17,292,very high
2026-07-28T19:00:00Z,2026-07-28T19:30:00Z,18,175,high
2026-07-28T19:30:00Z,2026-07-28T20:00:00Z,1,0,very low
2026-07-28T19:30:00Z,2026-07-28T20:00:00Z,2,2,very low
2026-07-28T19:30:00Z,2026-07-28T20:00:00Z,3,62,low
2026-07-28T19:30:00Z,2026-07-28T20:00:00Z,4,19,very low
2026-07-28T19:30:00Z,2026-07-28T20:00:00Z,5,77,low
2026-07-28T19:30:00Z,2026-07-28T20:00:00Z,6,78,low
2026-07-28T19:30:00Z,2026-07-28T20:00:00Z,7,387,very high
2026-07-28T19:30:00Z,2026-07-28T20:00:00Z,8,163,moderate
2026-07-28T19:30:00Z,2026-07-28T20:00:00Z,9,208,high
2026-07-28T19:30:00Z,2026-07-28T20:00:00Z,10,240,very high
2026-07-28T19:30:00Z,2026-07-28T20:00:00Z,11,375,very high
2026-07-28T19:30:00Z,2026-07-28T20:00:00Z,12,230,very high
2026-07-28T19:30:00Z,2026-07-28T20:00:00Z,13,245,very high
2026-07-28T19:30:00Z,2026-07-28T20:00:00Z,14,255,very high
2026-07-28T19:30:00Z,2026-07-28T20:00:00Z,15,189,high
2026-07-28T19:30:00Z,2026-07-28T20:00:00Z,16,2,very low
2026-07-28T19:30:00Z,2026-07-28T20:00:00Z,17,281,very high
2026-07-28T19:30:00Z,2026-07-28T20:00:00Z,18,181,high
2026-07-28T20:00:00Z,2026-07-28T20:30:00Z,1,0,very low
2026-07-28T20:00:00Z,2026-07-28T20:30:00Z,2,2,very low
2026-07-28T20:00:00Z,2026-07-28T20:30:00Z,3,61,low
2026-07-28T20:00:00Z,2026-07-28T20:30:00Z,4,18,very low
2026-07-28T20:00:00Z,2026-07-28T20:30:00Z,5,105,moderate
2026-07-28T20:00:00Z,2026-07-28T20:30:00Z,6,65,low
2026-07-28T20:00:00Z,2026-07-28T20:30:00Z,7,390,very high
2026-07-28T20:00:00Z,2026-07-28T20:30:00Z,8,179,high
2026-07-28T20:00:00Z,2026-07-28T20:30:00Z,9,205,high
2026-07-28T20:00:00Z,2026-07-28T20:30:00Z,10,230,very high
2026-07-28T20:00:00Z,2026-07-28T20:30:00Z,11,388,very high
2026-07-28T20:00:00Z,2026-07-28T20:30:00Z,12,235,very high
2026-07-28T20:00:00Z,2026-07-28T20:30:00Z,13,231,very high
2026-07-28T20:00:00Z,2026-07-28T20:30:00Z,14,230,very high
2026-07-28T20:00:00Z,2026-07-28T20:30:00Z,15,186,high
2026-07-28T20:00:00Z,2026-07-28T20:30:00Z,16,2,very low
2026-07-28T20:00:00Z,2026-07-28T20:30:00Z,17,303,very high
2026-07-28T20:00:00Z,2026-07-28T20:30:00Z,18,181,high
2026-07-28T20:30:00Z,2026-07-28T21:00:00Z,1,0,very low
2026-07-28T20:30:00Z,2026-07-28T21:00:00Z,2,2,very low
2026-07-28T20:30:00Z,2026-07-28T21:00:00Z,3,55,low
2026-07-28T20:30:00Z,2026-07-28T21:00:00Z,4,20,very low
2026-07-28T20:30:00Z,2026-07-28T21:00:00Z,5,81,low
2026-07-28T20:30:00Z,2026-07-28T21:00:00Z,6,74,low
2026-07-28T20:30:00Z,2026-07-28T21:00:00Z,7,389,very high
2026-07-28T20:30:00Z,2026-07-28T21:00:00Z,8,129,moderate
2026-07-28T20:30:00Z,2026-07-28T21:00:00Z,9,219,high
2026-07-28T20:30:00Z,2026-07-28T21:00:00Z,10,236,very high
2026-07-28T20:30:00Z,2026-07-28T21:00:00Z,11,389,very high
2026-07-28T20:30:00Z,2026-07-28T21:00:00Z,12,219,high
2026-07-28T20:30:00Z,2026-07-28T21:00:00Z,13,235,very high
2026-07-28T20:30:00Z,2026-07-28T21:00:00Z,14,243,very high
2026-07-28T20:30:00Z,2026-07-28T21:00:00Z,15,181,high
2026-07-28T20:30:00Z,2026-07-28T21:00:00Z,16,2,very low
2026-07-28T20:30:00Z,2026-07-28T21:00:00Z,17,238,very high
2026-07-28T20:30:00Z,2026-07-28T21:00:00Z,18,173,high
2026-07-28T21:00:00Z,2026-07-28T21:30:00Z,1,0,very low
2026-07-28T21:00:00Z,2026-07-28T21:30:00Z,2,2,very low
2026-07-28T21:00:00Z,2026-07-28T21:30:00Z,3,60,low
2026-07-28T21:00:00Z,2026-07-28T21:30:00Z,4,18,very low
2026-07-28T21:00:00Z,2026-07-28T21:30:00Z,5,106,moderate
2026-07-28T21:00:00Z,2026-07-28T21:30:00Z,6,66,low
2026-07-28T21:00:00Z,2026-07-28T21:30:00Z,7,390,very high
2026-07-28T21:00:00Z,2026-07-28T21:30:00Z,8,148,moderate
2026-07-28T21:00:00Z,2026-07-28T21:30:00Z,9,197,high
2026-07-28T21:00:00Z,2026-07-28T21:30:00Z,10,219,high
2026-07-28T21:00:00Z,2026-07-28T21:30:00Z,11,389,very high
2026-07-28T21:00:00Z,2026-07-28T21:30:00Z,12,221,high
2026-07-28T21:00:00Z,2026-07-28T21:30:00Z,13,218,high
2026-07-28T21:00:00Z,2026-07-28T21:30:00Z,14,216,high
2026-07-28T21:00:00Z,2026-07-28T21:30:00Z,15,173,high
2026-07-28T21:00:00Z,2026-07-28T21:30:00Z,16,2,very low
2026-07-28T21:00:00Z,2026-07-28T21:30:00Z,17,281,very high
2026-07-28T21:00:00Z,2026-07-28T21:30:00Z,18,169,moderate
2026-07-28T21:30:00Z,2026-07-28T22:00:00Z,1,0,very low
2026-07-28T21:30:00Z,2026-07-28T22:00:00Z,2,2,very low
2026-07-28T21:30:00Z,2026-07-28T22:00:00Z,3,44,low
2026-07-28T21:30:00Z,2026-07-28T22:00:00Z,4,18,very low
2026-07-28T21:30:00Z,2026-07-28T22:00:00Z,5,74,low
2026-07-28T21:30:00Z,2026-07-28T22:00:00Z,6,54,low
2026-07-28T21:30:00Z,2026-07-28T22:00:00Z,7,388,very high
2026-07-28T21:30:00Z,2026-07-28T22:00:00Z,8,109,moderate
2026-07-28T21:30:00Z,2026-07-28T22:00:00Z,9,213,high
2026-07-28T21:30:00Z,2026-07-28T22:00:00Z,10,236,very high
2026-07-28T21:30:00Z,2026-07-28T22:00:00Z,11,389,very high
2026-07-28T21:30:00Z,2026-07-28T22:00:00Z,12,208,high
2026-07-28T21:30:00Z,2026-07-28T22:00:00Z,13,225,high
2026-07-28T21:30:00Z,2026-07-28T22:00:00Z,14,224,high
2026-07-28T21:30:00Z,2026-07-28T22:00:00Z,15,169,moderate
2026-07-28T21:30:00Z,2026-07-28T22:00:00Z,16,2,very low
2026-07-28T21:30:00Z,2026-07-28T22:00:00Z,17,229,high
2026-07-28T21:30:00Z,2026-07-28T22:00:00Z,18,161,moderate
2026-07-28T22:00:00Z,2026-07-28T22:30:00Z,1,0,very low
2026-07-28T22:00:00Z,2026-07-28T22:30:00Z,2,2,very low
2026-07-28T22:00:00Z,2026-07-28T22:30:00Z,3,47,low
2026-07-28T22:00:00Z,2026-07-28T22:30:00Z,4,18,very low
2026-07-28T22:00:00Z,2026-07-28T22:30:00Z,5,91,moderate
2026-07-28T22:00:00Z,2026-07-28T22:30:00Z,6,80,low
2026-07-28T22:00:00Z,2026-07-28T22:30:00Z,7,389,very high
2026-07-28T22:00:00Z,2026-07-28T22:30:00Z,8,133,moderate
2026-07-28T22:00:00Z,2026-07-28T22:30:00Z,9,199,high
2026-07-28T22:00:00Z,2026-07-28T22:30:00Z,10,212,high
2026-07-28T22:00:00Z,2026-07-28T22:30:00Z,11,389,very high
2026-07-28T22:00:00Z,2026-07-28T22:30:00Z,12,210,high
2026-07-28T22:00:00Z,2026-07-28T22:30:00Z,13,205,high
2026-07-28T22:00:00Z,2026-07-28T22:30:00Z,14,195,high
2026-07-28T22:00:00Z,2026-07-28T22:30:00Z,15,162,moderate
2026-07-28T22:00:00Z,2026-07-28T22:30:00Z,16,2,very low
2026-07-28T22:00:00Z,2026-07-28T22:30:00Z,17,252,very high
2026-07-28T22:00:00Z,2026-07-28T22:30:00Z,18,158,moderate
2026-07-28T22:30:00Z,2026-07-28T23:00:00Z,1,0,very low
2026-07-28T22:30:00Z,2026-07-28T23:00:00Z,2,2,very low
2026-07-28T22:30:00Z,2026-07-28T23:00:00Z,3,44,low
2026-07-28T22:30:00Z,2026-07-28T23:00:00Z,4,19,very low
2026-07-28T22:30:00Z,2026-07-28T23:00:00Z,5,77,low
2026-07-28T22:30:00Z,2026-07-28T23:00:00Z,6,32,low
2026-07-28T22:30:00Z,2026-07-28T23:00:00Z,7,387,very high
2026-07-28T22:30:00Z,2026-07-28T23:00:00Z,8,108,moderate
2026-07-28T22:30:00Z,2026-07-28T23:00:00Z,9,221,high
2026-07-28T22:30:00Z,2026-07-28T23:00:00Z,10,233,very high
2026-07-28T22:30:00Z,2026-07-28T23:00:00Z,11,389,very high
2026-07-28T22:30:00Z,2026-07-28T23:00:00Z,12,219,high
2026-07-28T22:30:00Z,2026-07-28T23:00:00Z,13,223,high
2026-07-28T22:30:00Z,2026-07-28T23:00:00Z,14,217,high
2026-07-28T22:30:00Z,2026-07-28T23:00:00Z,15,168,moderate
2026-07-28T22:30:00Z,2026-07-28T23:00:00Z,16,2,very low
2026-07-28T22:30:00Z,2026-07-28T23:00:00Z,17,232,very high
2026-07-28T22:30:00Z,2026-07-28T23:00:00Z,18,160,moderate
2026-07-28T23:00:00Z,2026-07-28T23:30:00Z,1,0,very low
2026-07-28T23:00:00Z,2026-07-28T23:30:00Z,2,2,very low
2026-07-28T23:00:00Z,2026-07-28T23:30:00Z,3,45,low
2026-07-28T23:00:00Z,2026-07-28T23:30:00Z,4,20,very low
2026-07-28T23:00:00Z,2026-07-28T23:30:00Z,5,93,moderate
2026-07-28T23:00:00Z,2026-07-28T23:30:00Z,6,87,low
2026-07-28T23:00:00Z,2026-07-28T23:30:00Z,7,387,very high
2026-07-28T23:00:00Z,2026-07-28T23:30:00Z,8,117,moderate
2026-07-28T23:00:00Z,2026-07-28T23:30:00Z,9,216,high
2026-07-28T23:00:00Z,2026-07-28T23:30:00Z,10,219,high
2026-07-28T23:00:00Z,2026-07-28T23:30:00Z,11,390,very high
2026-07-28T23:00:00Z,2026-07-28T23:30:00Z,12,229,high
2026-07-28T23:00:00Z,2026-07-28T23:30:00Z,13,207,high
2026-07-28T23:00:00Z,2026-07-28T23:30:00Z,14,187,high
2026-07-28T23:00:00Z,2026-07-28T23:30:00Z,15,166,moderate
2026-07-28T23:00:00Z,2026-07-28T23:30:00Z,16,2,very low
2026-07-28T23:00:00Z,2026-07-28T23:30:00Z,17,238,very high
2026-07-28T23:00:00Z,2026-07-28T23:30:00Z,18,161,moderate
2026-07-28T23:30:00Z,2026-07-29T00:00:00Z,1,0,very low
2026-07-28T23:30:00Z,2026-07-29T00:00:00Z,2,2,very low
2026-07-28T23:30:00Z,2026-07-29T00:00:00Z,3,58,low
2026-07-28T23:30:00Z,2026-07-29T00:00:00Z,4,17,very low
2026-07-28T23:30:00Z,2026-07-29T00:00:00Z,5,84,low
2026-07-28T23:30:00Z,2026-07-29T00:00:00Z,6,94,moderate
2026-07-28T23:30:00Z,2026-07-29T00:00:00Z,7,386,very high
2026-07-28T23:30:00Z,2026-07-29T00:00:00Z,8,121,moderate
2026-07-28T23:30:00Z,2026-07-29T00:00:00Z,9,210,high
2026-07-28T23:30:00Z,2026-07-29T00:00:00Z,10,232,very high
2026-07-28T23:30:00Z,2026-07-29T00:00:00Z,11,388,very high
2026-07-28T23:30:00Z,2026-07-29T00:00:00Z,12,210,high
2026-07-28T23:30:00Z,2026-07-29T00:00:00Z,13,202,high
2026-07-28T23:30:00Z,2026-07-29T00:00:00Z,14,183,high
2026-07-28T23:30:00Z,2026-07-29T00:00:00Z,15,169,moderate
2026-07-28T23:30:00Z,2026-07-29T00:00:00Z,16,2,very low
2026-07-28T23:30:00Z,2026-07-29T00:00:00Z,17,224,high
2026-07-28T23:30:00Z,2026-07-29T00:00:00Z,18,160,moderate
2026-07-29T00:00:00Z,2026-07-29T00:30:00Z,1,0,very low
2026-07-29T00:00:00Z,2026-07-29T00:30:00Z,2,2,very low
2026-07-29T00:00:00Z,2026-07-29T00:30:00Z,3,60,low
2026-07-29T00:00:00Z,2026-07-29T00:30:00Z,4,18,very low
2026-07-29T00:00:00Z,2026-07-29T00:30:00Z,5,90,moderate
2026-07-29T00:00:00Z,2026-07-29T00:30:00Z,6,92,moderate
2026-07-29T00:00:00Z,2026-07-29T00:30:00Z,7,385,very high
2026-07-29T00:00:00Z,2026-07-29T00:30:00Z,8,123,moderate
2026-07-29T00:00:00Z,2026-07-29T00:30:00Z,9,215,high
2026-07-29T00:00:00Z,2026-07-29T00:30:00Z,10,238,very high
2026-07-29T00:00:00Z,2026-07-29T00:30:00Z,11,388,very high
2026-07-29T00:00:00Z,2026-07-29T00:30:00Z,12,217,high
2026-07-29T00:00:00Z,2026-07-29T00:30:00Z,13,207,high
2026-07-29T00:00:00Z,2026-07-29T00:30:00Z,14,188,high
2026-07-29T00:00:00Z,2026-07-29T00:30:00Z,15,171,high
2026-07-29T00:00:00Z,2026-07-29T00:30:00Z,16,2,very low
2026-07-29T00:00:00Z,2026-07-29T00:30:00Z,17,237,very high
2026-07-29T00:00:00Z,2026-07-29T00:30:00Z,18,163,moderate
2026-07-29T00:30:00Z,2026-07-29T01:00:00Z,1,0,very low
2026-07-29T00:30:00Z,2026-07-29T01:00:00Z,2,2,very low
2026-07-29T00:30:00Z,2026-07-29T01:00:00Z,3,64,low
2026-07-29T00:30:00Z,2026-07-29T01:00:00Z,4,19,very low
2026-07-29T00:30:00Z,2026-07-29T01:00:00Z,5,93,moderate
2026-07-29T00:30:00Z,2026-07-29T01:00:00Z,6,101,moderate
2026-07-29T00:30:00Z,2026-07-29T01:00:00Z,7,385,very high
2026-07-29T00:30:00Z,2026-07-29T01:00:00Z,8,134,moderate
2026-07-29T00:30:00Z,2026-07-29T01:00:00Z,9,224,high
2026-07-29T00:30:00Z,2026-07-29T01:00:00Z,10,226,high
2026-07-29T00:30:00Z,2026-07-29T01:00:00Z,11,389,very high
2026-07-29T00:30:00Z,2026-07-29T01:00:00Z,12,210,high
2026-07-29T00:30:00Z,2026-07-29T01:00:00Z,13,201,high
2026-07-29T00:30:00Z,2026-07-29T01:00:00Z,14,189,high
2026-07-29T00:30:00Z,2026-07-29T01:00:00Z,15,171,high
2026-07-29T00:30:00Z,2026-07-29T01:00:00Z,16,2,very low
2026-07-29T00:30:00Z,2026-07-29T01:00:00Z,17,242,very high
2026-07-29T00:30:00Z,2026-07-29T01:00:00Z,18,163,moderate
2026-07-29T01:00:00Z,2026-07-29T01:30:00Z,1,0,very low
2026-07-29T01:00:00Z,2026-07-29T01:30:00Z,2,2,very low
2026-07-29T01:00:00Z,2026-07-29T01:30:00Z,3,65,low
2026-07-29T01:00:00Z,2026-07-29T01:30:00Z,4,18,very low
2026-07-29T01:00:00Z,2026-07-29T01:30:00Z,5,97,moderate
2026-07-29T01:00:00Z,2026-07-29T01:30:00Z,6,102,moderate
2026-07-29T01:00:00Z,2026-07-29T01:30:00Z,7,385,very high
2026-07-29T01:00:00Z,2026-07-29T01:30:00Z,8,136,moderate
2026-07-29T01:00:00Z,2026-07-29T01:30:00Z,9,233,very high
2026-07-29T01:00:00Z,2026-07-29T01:30:00Z,10,214,high
2026-07-29T01:00:00Z,2026-07-29T01:30:00Z,11,388,very high
2026-07-29T01:00:00Z,2026-07-29T01:30:00Z,12,212,high
2026-07-29T01:00:00Z,2026-07-29T01:30:00Z,13,195,high
2026-07-29T01:00:00Z,2026-07-29T01:30:00Z,14,183,high
2026-07-29T01:00:00Z,2026-07-29T01:30:00Z,15,171,high
2026-07-29T01:00:00Z,2026-07-29T01:30:00Z,16,2,very low
2026-07-29T01:00:00Z,2026-07-29T01:30:00Z,17,246,very high
2026-07-29T01:00:00Z,2026-07-29T01:30:00Z,18,163,moderate
2026-07-29T01:30:00Z,2026-07-29T02:00:00Z,1,0,very low
2026-07-29T01:30:00Z,2026-07-29T02:00:00Z,2,2,very low
2026-07-29T01:30:00Z,2026-07-29T02:00:00Z,3,65,low
2026-07-29T01:30:00Z,2026-07-29T02:00:00Z,4,19,very low
2026-07-29T01:30:00Z,2026-07-29T02:00:00Z,5,97,moderate
2026-07-29T01:30:00Z,2026-07-29T02:00:00Z,6,104,moderate
2026-07-29T01:30:00Z,2026-07-29T02:00:00Z,7,385,very high
2026-07-29T01:30:00Z,2026-07-29T02:00:00Z,8,138,moderate
2026-07-29T01:30:00Z,2026-07-29T02:00:00Z,9,234,very high
2026-07-29T01:30:00Z,2026-07-29T02:00:00Z,10,219,high
2026-07-29T01:30:00Z,2026-07-29T02:00:00Z,11,389,very high
2026-07-29T01:30:00Z,2026-07-29T02:00:00Z,12,208,high
2026-07-29T01:30:00Z,2026-07-29T02:00:00Z,13,197,high
2026-07-29T01:30:00Z,2026-07-29T02:00:00Z,14,188,high
2026-07-29T01:30:00Z,2026-07-29T02:00:00Z,15,172,high
2026-07-29T01:30:00Z,2026-07-29T02:00:00Z,16,2,very low
2026-07-29T01:30:00Z,2026-07-29T02:00:00Z,17,248,very high
2026-07-29T01:30:00Z,2026-07-29T02:00:00Z,18,165,moderate
2026-07-29T02:00:00Z,2026-07-29T02:30:00Z,1,0,very low
2026-07-29T02:00:00Z,2026-07-29T02:30:00Z,2,2,very low
2026-07-29T02:00:00Z,2026-07-29T02:30:00Z,3,62,low
2026-07-29T02:00:00Z,2026-07-29T02:30:00Z,4,19,very low
2026-07-29T02:00:00Z,2026-07-29T02:30:00Z,5,97,moderate
2026-07-29T02:00:00Z,2026-07-29T02:30:00Z,6,89,low
2026-07-29T02:00:00Z,2026-07-29T02:30:00Z,7,385,very high
2026-07-29T02:00:00Z,2026-07-29T02:30:00Z,8,134,moderate
2026-07-29T02:00:00Z,2026-07-29T02:30:00Z,9,230,very high
2026-07-29T02:00:00Z,2026-07-29T02:30:00Z,10,224,high
2026-07-29T02:00:00Z,2026-07-29T02:30:00Z,11,389,very high
2026-07-29T02:00:00Z,2026-07-29T02:30:00Z,12,206,high
2026-07-29T02:00:00Z,2026-07-29T02:30:00Z,13,196,high
2026-07-29T02:00:00Z,2026-07-29T02:30:00Z,14,183,high
2026-07-29T02:00:00Z,2026-07-29T02:30:00Z,15,170,high
2026-07-29T02:00:00Z,2026-07-29T02:30:00Z,16,1,very low
2026-07-29T02:00:00Z,2026-07-29T02:30:00Z,17,238,very high
2026-07-29T02:00:00Z,2026-07-29T02:30:00Z,18,163,moderate
2026-07-29T02:30:00Z,2026-07-29T03:00:00Z,1,0,very low
2026-07-29T02:30:00Z,2026-07-29T03:00:00Z,2,1,very low
2026-07-29T02:30:00Z,2026-07-29T03:00:00Z,3,60,low
2026-07-29T02:30:00Z,2026-07-29T03:00:00Z,4,18,very low
2026-07-29T02:30:00Z,2026-07-29T03:00:00Z,5,90,moderate
2026-07-29T02:30:00Z,2026-07-29T03:00:00Z,6,85,low
2026-07-29T02:30:00Z,2026-07-29T03:00:00Z,7,385,very high
2026-07-29T02:30:00Z,2026-07-29T03:00:00Z,8,125,moderate
2026-07-29T02:30:00Z,2026-07-29T03:00:00Z,9,225,high
2026-07-29T02:30:00Z,2026-07-29T03:00:00Z,10,223,high
2026-07-29T02:30:00Z,2026-07-29T03:00:00Z,11,390,very high
2026-07-29T02:30:00Z,2026-07-29T03:00:00Z,12,201,high
2026-07-29T02:30:00Z,2026-07-29T03:00:00Z,13,194,high
2026-07-29T02:30:00Z,2026-07-29T03:00:00Z,14,179,high
2026-07-29T02:30:00Z,2026-07-29T03:00:00Z,15,165,moderate
2026-07-29T02:30:00Z,2026-07-29T03:00:00Z,16,1,very low
2026-07-29T02:30:00Z,2026-07-29T03:00:00Z,17,249,very high
2026-07-29T02:30:00Z,2026-07-29T03:00:00Z,18,159,moderate
2026-07-29T03:00:00Z,2026-07-29T03:30:00Z,1,0,very low
2026-07-29T03:00:00Z,2026-07-29T03:30:00Z,2,2,very low
2026-07-29T03:00:00Z,2026-07-29T03:30:00Z,3,57,low
2026-07-29T03:00:00Z,2026-07-29T03:30:00Z,4,18,very low
2026-07-29T03:00:00Z,2026-07-29T03:30:00Z,5,91,moderate
2026-07-29T03:00:00Z,2026-07-29T03:30:00Z,6,80,low
2026-07-29T03:00:00Z,2026-07-29T03:30:00Z,7,385,very high
2026-07-29T03:00:00Z,2026-07-29T03:30:00Z,8,127,moderate
2026-07-29T03:00:00Z,2026-07-29T03:30:00Z,9,221,high
2026-07-29T03:00:00Z,2026-07-29T03:30:00Z,10,218,high
2026-07-29T03:00:00Z,2026-07-29T03:30:00Z,11,390,very high
2026-07-29T03:00:00Z,2026-07-29T03:30:00Z,12,203,high
2026-07-29T03:00:00Z,2026-07-29T03:30:00Z,13,197,high
2026-07-29T03:00:00Z,2026-07-29T03:30:00Z,14,187,high
2026-07-29T03:00:00Z,2026-07-29T03:30:00Z,15,164,moderate
2026-07-29T03:00:00Z,2026-07-29T03:30:00Z,16,1,very low
2026-07-29T03:00:00Z,2026-07-29T03:30:00Z,17,245,very high
2026-07-29T03:00:00Z,2026-07-29T03:30:00Z,18,159,moderate
2026-07-29T03:30:00Z,2026-07-29T04:00:00Z,1,0,very low
2026-07-29T03:30:00Z,2026-07-29T04:00:00Z,2,1,very low
2026-07-29T03:30:00Z,2026-07-29T04:00:00Z,3,59,low
2026-07-29T03:30:00Z,2026-07-29T04:00:00Z,4,19,very low
2026-07-29T03:30:00Z,2026-07-29T04:00:00Z,5,90,moderate
2026-07-29T03:30:00Z,2026-07-29T04:00:00Z,6,86,low
2026-07-29T03:30:00Z,2026-07-29T04:00:00Z,7,385,very high
2026-07-29T03:30:00Z,2026-07-29T04:00:00Z,8,129,moderate
2026-07-29T03:30:00Z,2026-07-29T04:00:00Z,9,223,high
2026-07-29T03:30:00Z,2026-07-29T04:00:00Z,10,214,high
2026-07-29T03:30:00Z,2026-07-29T04:00:00Z,11,390,very high
2026-07-29T03:30:00Z,2026-07-29T04:00:00Z,12,212,high
2026-07-29T03:30:00Z,2026-07-29T04:00:00Z,13,198,high
2026-07-29T03:30:00Z,2026-07-29T04:00:00Z,14,187,high
2026-07-29T03:30:00Z,2026-07-29T04:00:00Z,15,167,moderate
2026-07-29T03:30:00Z,2026-07-29T04:00:00Z,16,1,very low
2026-07-29T03:30:00Z,2026-07-29T04:00:00Z,17,243,very high
2026-07-29T03:30:00Z,2026-07-29T04:00:00Z,18,162,moderate
2026-07-29T04:00:00Z,2026-07-29T04:30:00Z,1,0,very low
2026-07-29T04:00:00Z,2026-07-29T04:30:00Z,2,1,very low
2026-07-29T04:00:00Z,2026-07-29T04:30:00Z,3,59,low
2026-07-29T04:00:00Z,2026-07-29T04:30:00Z,4,19,very low
2026-07-29T04:00:00Z,2026-07-29T04:30:00Z,5,92,moderate
2026-07-29T04:00:00Z,2026-07-29T04:30:00Z,6,85,low
2026-07-29T04:00:00Z,2026-07-29T04:30:00Z,7,384,very high
2026-07-29T04:00:00Z,2026-07-29T04:30:00Z,8,128,moderate
2026-07-29T04:00:00Z,2026-07-29T04:30:00Z,9,230,very high
2026-07-29T04:00:00Z,2026-07-29T04:30:00Z,10,209,high
2026-07-29T04:00:00Z,2026-07-29T04:30:00Z,11,389,very high
2026-07-29T04:00:00Z,2026-07-29T04:30:00Z,12,217,high
2026-07-29T04:00:00Z,2026-07-29T04:30:00Z,13,202,high
2026-07-29T04:00:00Z,2026-07-29T04:30:00Z,14,195,high
2026-07-29T04:00:00Z,2026-07-29T04:30:00Z,15,170,high
2026-07-29T04:00:00Z,2026-07-29T04:30:00Z,16,1,very low
2026-07-29T04:00:00Z,2026-07-29T04:30:00Z,17,233,very high
2026-07-29T04:00:00Z,2026-07-29T04:30:00Z,18,165,moderate
2026-07-29T04:30:00Z,2026-07-29T05:00:00Z,1,0,very low
2026-07-29T04:30:00Z,2026-07-29T05:00:00Z,2,1,very low
2026-07-29T04:30:00Z,2026-07-29T05:00:00Z,3,47,low
2026-07-29T04:30:00Z,2026-07-29T05:00:00Z,4,19,very low
2026-07-29T04:30:00Z,2026-07-29T05:00:00Z,5,90,moderate
2026-07-29T04:30:00Z,2026-07-29T05:00:00Z,6,91,moderate
2026-07-29T04:30:00Z,2026-07-29T05:00:00Z,7,385,very high
2026-07-29T04:30:00Z,2026-07-29T05:00:00Z,8,142,moderate
2026-07-29T04:30:00Z,2026-07-29T05:00:00Z,9,238,very high
2026-07-29T04:30:00Z,2026-07-29T05:00:00Z,10,216,high
2026-07-29T04:30:00Z,2026-07-29T05:00:00Z,11,381,very high
2026-07-29T04:30:00Z,2026-07-29T05:00:00Z,12,222,high
2026-07-29T04:30:00Z,2026-07-29T05:00:00Z,13,213,high
2026-07-29T04:30:00Z,2026-07-29T05:00:00Z,14,209,high
2026-07-29T04:30:00Z,2026-07-29T05:00:00Z,15,175,high
2026-07-29T04:30:00Z,2026-07-29T05:00:00Z,16,1,very low
2026-07-29T04:30:00Z,2026-07-29T05:00:00Z,17,252,very high
2026-07-29T04:30:00Z,2026-07-29T05:00:00Z,18,170,high
2026-07-29T05:00:00Z,2026-07-29T05:30:00Z,1,0,very low
2026-07-29T05:00:00Z,2026-07-29T05:30:00Z,2,1,very low
2026-07-29T05:00:00Z,2026-07-29T05:30:00Z,3,53,low
2026-07-29T05:00:00Z,2026-07-29T05:30:00Z,4,18,very low
2026-07-29T05:00:00Z,2026-07-29T05:30:00Z,5,92,moderate
2026-07-29T05:00:00Z,2026-07-29T05:30:00Z,6,90,moderate
2026-07-29T05:00:00Z,2026-07-29T05:30:00Z,7,384,very high
2026-07-29T05:00:00Z,2026-07-29T05:30:00Z,8,142,moderate
2026-07-29T05:00:00Z,2026-07-29T05:30:00Z,9,236,very high
2026-07-29T05:00:00Z,2026-07-29T05:30:00Z,10,218,high
2026-07-29T05:00:00Z,2026-07-29T05:30:00Z,11,371,very high
2026-07-29T05:00:00Z,2026-07-29T05:30:00Z,12,218,high
2026-07-29T05:00:00Z,2026-07-29T05:30:00Z,13,210,high
2026-07-29T05:00:00Z,2026-07-29T05:30:00Z,14,203,high
2026-07-29T05:00:00Z,2026-07-29T05:30:00Z,15,174,high
2026-07-29T05:00:00Z,2026-07-29T05:30:00Z,16,1,very low
2026-07-29T05:00:00Z,2026-07-29T05:30:00Z,17,241,very high
2026-07-29T05:00:00Z,2026-07-29T05:30:00Z,18,170,high
2026-07-29T05:30:00Z,2026-07-29T06:00:00Z,1,0,very low
2026-07-29T05:30:00Z,2026-07-29T06:00:00Z,2,1,very low
2026-07-29T05:30:00Z,2026-07-29T06:00:00Z,3,42,low
2026-07-29T05:30:00Z,2026-07-29T06:00:00Z,4,18,very low
2026-07-29T05:30:00Z,2026-07-29T06:00:00Z,5,103,moderate
2026-07-29T05:30:00Z,2026-07-29T06:00:00Z,6,93,moderate
2026-07-29T05:30:00Z,2026-07-29T06:00:00Z,7,377,very high
2026-07-29T05:30:00Z,2026-07-29T06:00:00Z,8,135,moderate
2026-07-29T05:30:00Z,2026-07-29T06:00:00Z,9,232,very high
2026-07-29T05:30:00Z,2026-07-29T06:00:00Z,10,242,very high
2026-07-29T05:30:00Z,2026-07-29T06:00:00Z,11,322,very high
2026-07-29T05:30:00Z,2026-07-29T06:00:00Z,12,193,high
2026-07-29T05:30:00Z,2026-07-29T06:00:00Z,13,202,high
2026-07-29T05:30:00Z,2026-07-29T06:00:00Z,14,192,high
2026-07-29T05:30:00Z,2026-07-29T06:00:00Z,15,169,moderate
2026-07-29T05:30:00Z,2026-07-29T06:00:00Z,16,1,very low
2026-07-29T05:30:00Z,2026-07-29T06:00:00Z,17,252,very high
2026-07-29T05:30:00Z,2026-07-29T06:00:00Z,18,167,moderate
2026-07-29T06:00:00Z,2026-07-29T06:30:00Z,1,0,very low
2026-07-29T06:00:00Z,2026-07-29T06:30:00Z,2,1,very low
2026-07-29T06:00:00Z,2026-07-29T06:30:00Z,3,35,low
2026-07-29T06:00:00Z,2026-07-29T06:30:00Z,4,18,very low
2026-07-29T06:00:00Z,2026-07-29T06:30:00Z,5,105,moderate
2026-07-29T06:00:00Z,2026-07-29T06:30:00Z,6,83,low
2026-07-29T06:00:00Z,2026-07-29T06:30:00Z,7,368,very high
2026-07-29T06:00:00Z,2026-07-29T06:30:00Z,8,127,moderate
2026-07-29T06:00:00Z,2026-07-29T06:30:00Z,9,226,high
2026-07-29T06:00:00Z,2026-07-29T06:30:00Z,10,231,very high
2026-07-29T06:00:00Z,2026-07-29T06:30:00Z,11,272,very high
2026-07-29T06:00:00Z,2026-07-29T06:30:00Z,12,168,moderate
2026-07-29T06:00:00Z,2026-07-29T06:30:00Z,13,180,high
2026-07-29T06:00:00Z,2026-07-29T06:30:00Z,14,174,high
2026-07-29T06:00:00Z,2026-07-29T06:30:00Z,15,160,moderate
2026-07-29T06:00:00Z,2026-07-29T06:30:00Z,16,1,very low
2026-07-29T06:00:00Z,2026-07-29T06:30:00Z,17,215,high
2026-07-29T06:00:00Z,2026-07-29T06:30:00Z,18,157,moderate
2026-07-29T06:30:00Z,2026-07-29T07:00:00Z,1,0,very low
2026-07-29T06:30:00Z,2026-07-29T07:00:00Z,2,1,very low
2026-07-29T06:30:00Z,2026-07-29T07:00:00Z,3,30,low
2026-07-29T06:30:00Z,2026-07-29T07:00:00Z,4,18,very low
2026-07-29T06:30:00Z,2026-07-29T07:00:00Z,5,99,moderate
2026-07-29T06:30:00Z,2026-07-29T07:00:00Z,6,83,low
2026-07-29T06:30:00Z,2026-07-29T07:00:00Z,7,355,very high
2026-07-29T06:30:00Z,2026-07-29T07:00:00Z,8,116,moderate
2026-07-29T06:30:00Z,2026-07-29T07:00:00Z,9,211,high
2026-07-29T06:30:00Z,2026-07-29T07:00:00Z,10,240,very high
2026-07-29T06:30:00Z,2026-07-29T07:00:00Z,11,231,very high
2026-07-29T06:30:00Z,2026-07-29T07:00:00Z,12,142,moderate
2026-07-29T06:30:00Z,2026-07-29T07:00:00Z,13,162,moderate
2026-07-29T06:30:00Z,2026-07-29T07:00:00Z,14,163,moderate
2026-07-29T06:30:00Z,2026-07-29T07:00:00Z,15,152,moderate
2026-07-29T06:30:00Z,2026-07-29T07:00:00Z,16,1,very low
2026-07-29T06:30:00Z,2026-07-29T07:00:00Z,17,214,high
2026-07-29T06:30:00Z,2026-07-29T07:00:00Z,18,148,moderate
2026-07-29T07:00:00Z,2026-07-29T07:30:00Z,1,0,very low
2026-07-29T07:00:00Z,2026-07-29T07:30:00Z,2,1,very low
2026-07-29T07:00:00Z,2026-07-29T07:30:00Z,3,30,low
2026-07-29T07:00:00Z,2026-07-29T07:30:00Z,4,18,very low
2026-07-29T07:00:00Z,2026-07-29T07:30:00Z,5,92,moderate
2026-07-29T07:00:00Z,2026-07-29T07:30:00Z,6,61,low
2026-07-29T07:00:00Z,2026-07-29T07:30:00Z,7,346,very high
2026-07-29T07:00:00Z,2026-07-29T07:30:00Z,8,96,moderate
2026-07-29T07:00:00Z,2026-07-29T07:30:00Z,9,199,high
2026-07-29T07:00:00Z,2026-07-29T07:30:00Z,10,222,high
2026-07-29T07:00:00Z,2026-07-29T07:30:00Z,11,201,high
2026-07-29T07:00:00Z,2026-07-29T07:30:00Z,12,130,moderate
2026-07-29T07:00:00Z,2026-07-29T07:30:00Z,13,153,moderate
2026-07-29T07:00:00Z,2026-07-29T07:30:00Z,14,155,moderate
2026-07-29T07:00:00Z,2026-07-29T07:30:00Z,15,140,moderate
2026-07-29T07:00:00Z,2026-07-29T07:30:00Z,16,1,very low
2026-07-29T07:00:00Z,2026-07-29T07:30:00Z,17,203,high
2026-07-29T07:00:00Z,2026-07-29T07:30:00Z,18,138,moderate
2026-07-29T07:30:00Z,2026-07-29T08:00:00Z,1,0,very low
2026-07-29T07:30:00Z,2026-07-29T08:00:00Z,2,1,very low
2026-07-29T07:30:00Z,2026-07-29T08:00:00Z,3,30,low
2026-07-29T07:30:00Z,2026-07-29T08:00:00Z,4,19,very low
2026-07-29T07:30:00Z,2026-07-29T08:00:00Z,5,82,low
2026-07-29T07:30:00Z,2026-07-29T08:00:00Z,6,45,low
2026-07-29T07:30:00Z,2026-07-29T08:00:00Z,7,332,very high
2026-07-29T07:30:00Z,2026-07-29T08:00:00Z,8,83,low
2026-07-29T07:30:00Z,2026-07-29T08:00:00Z,9,177,high
2026-07-29T07:30:00Z,2026-07-29T08:00:00Z,10,202,high
2026-07-29T07:30:00Z,2026-07-29T08:00:00Z,11,164,moderate
2026-07-29T07:30:00Z,2026-07-29T08:00:00Z,12,109,moderate
2026-07-29T07:30:00Z,2026-07-29T08:00:00Z,13,135,moderate
2026-07-29T07:30:00Z,2026-07-29T08:00:00Z,14,138,moderate
2026-07-29T07:30:00Z,2026-07-29T08:00:00Z,15,124,moderate
2026-07-29T07:30:00Z,2026-07-29T08:00:00Z,16,1,very low
2026-07-29T07:30:00Z,2026-07-29T08:00:00Z,17,182,high
2026-07-29T07:30:00Z,2026-07-29T08:00:00Z,18,122,moderate
2026-07-29T08:00:00Z,2026-07-29T08:30:00Z,1,0,very low
2026-07-29T08:00:00Z,2026-07-29T08:30:00Z,2,1,very low
2026-07-29T08:00:00Z,2026-07-29T08:30:00Z,3,24,very low
2026-07-29T08:00:00Z,2026-07-29T08:30:00Z,4,19,very low
2026-07-29T08:00:00Z,2026-07-29T08:30:00Z,5,74,low
2026-07-29T08:00:00Z,2026-07-29T08:30:00Z,6,46,low
2026-07-29T08:00:00Z,2026-07-29T08:30:00Z,7,307,very high
2026-07-29T08:00:00Z,2026-07-29T08:30:00Z,8,58,low
2026-07-29T08:00:00Z,2026-07-29T08:30:00Z,9,161,moderate
2026-07-29T08:00:00Z,2026-07-29T08:30:00Z,10,187,high
2026-07-29T08:00:00Z,2026-07-29T08:30:00Z,11,150,moderate
2026-07-29T08:00:00Z,2026-07-29T08:30:00Z,12,98,moderate
2026-07-29T08:00:00Z,2026-07-29T08:30:00Z,13,136,moderate
2026-07-29T08:00:00Z,2026-07-29T08:30:00Z,14,140,moderate
2026-07-29T08:00:00Z,2026-07-29T08:30:00Z,15,115,moderate
2026-07-29T08:00:00Z,2026-07-29T08:30:00Z,16,1,very low
2026-07-29T08:00:00Z,2026-07-29T08:30:00Z,17,148,moderate
2026-07-29T08:00:00Z,2026-07-29T08:30:00Z,18,111,moderate
2026-07-29T08:30:00Z,2026-07-29T09:00:00Z,1,0,very low
2026-07-29T08:30:00Z,2026-07-29T09:00:00Z,2,1,very low
2026-07-29T08:30:00Z,2026-07-29T09:00:00Z,3,24,very low
2026-07-29T08:30:00Z,2026-07-29T09:00:00Z,4,18,very low
2026-07-29T08:30:00Z,2026-07-29T09:00:00Z,5,77,low
2026-07-29T08:30:00Z,2026-07-29T09:00:00Z,6,36,low
2026-07-29T08:30:00Z,2026-07-29T09:00:00Z,7,286,very high
2026-07-29T08:30:00Z,2026-07-29T09:00:00Z,8,48,low
2026-07-29T08:30:00Z,2026-07-29T09:00:00Z,9,149,moderate
2026-07-29T08:30:00Z,2026-07-29T09:00:00Z,10,173,high
2026-07-29T08:30:00Z,2026-07-29T09:00:00Z,11,138,moderate
2026-07-29T08:30:00Z,2026-07-29T09:00:00Z,12,91,moderate
2026-07-29T08:30:00Z,2026-07-29T09:00:00Z,13,128,moderate
2026-07-29T08:30:00Z,2026-07-29T09:00:00Z,14,131,moderate
2026-07-29T08:30:00Z,2026-07-29T09:00:00Z,15,107,moderate
2026-07-29T08:30:00Z,2026-07-29T09:00:00Z,16,1,very low
2026-07-29T08:30:00Z,2026-07-29T09:00:00Z,17,128,moderate
2026-07-29T08:30:00Z,2026-07-29T09:00:00Z,18,103,moderate
2026-07-29T09:00:00Z,2026-07-29T09:30:00Z,1,0,very low
2026-07-29T09:00:00Z,2026-07-29T09:30:00Z,2,1,very low
2026-07-29T09:00:00Z,2026-07-29T09:30:00Z,3,20,very low
2026-07-29T09:00:00Z,2026-07-29T09:30:00Z,4,19,very low
2026-07-29T09:00:00Z,2026-07-29T09:30:00Z,5,75,low
2026-07-29T09:00:00Z,2026-07-29T09:30:00Z,6,30,low
2026-07-29T09:00:00Z,2026-07-29T09:30:00Z,7,265,very high
2026-07-29T09:00:00Z,2026-07-29T09:30:00Z,8,38,low
2026-07-29T09:00:00Z,2026-07-29T09:30:00Z,9,140,moderate
2026-07-29T09:00:00Z,2026-07-29T09:30:00Z,10,165,moderate
2026-07-29T09:00:00Z,2026-07-29T09:30:00Z,11,130,moderate
2026-07-29T09:00:00Z,2026-07-29T09:30:00Z,12,86,low
2026-07-29T09:00:00Z,2026-07-29T09:30:00Z,13,128,moderate
2026-07-29T09:00:00Z,2026-07-29T09:30:00Z,14,133,moderate
2026-07-29T09:00:00Z,2026-07-29T09:30:00Z,15,101,moderate
2026-07-29T09:00:00Z,2026-07-29T09:30:00Z,16,1,very low
2026-07-29T09:00:00Z,2026-07-29T09:30:00Z,17,131,moderate
2026-07-29T09:00:00Z,2026-07-29T09:30:00Z,18,98,moderate
2026-07-29T09:30:00Z,2026-07-29T10:00:00Z,1,0,very low
2026-07-29T09:30:00Z,2026-07-29T10:00:00Z,2,2,very low
2026-07-29T09:30:00Z,2026-07-29T10:00:00Z,3,20,very low
2026-07-29T09:30:00Z,2026-07-29T10:00:00Z,4,22,very low
2026-07-29T09:30:00Z,2026-07-29T10:00:00Z,5,76,low
2026-07-29T09:30:00Z,2026-07-29T10:00:00Z,6,26,low
2026-07-29T09:30:00Z,2026-07-29T10:00:00Z,7,251,very high
2026-07-29T09:30:00Z,2026-07-29T10:00:00Z,8,38,low
2026-07-29T09:30:00Z,2026-07-29T10:00:00Z,9,130,moderate
2026-07-29T09:30:00Z,2026-07-29T10:00:00Z,10,159,moderate
2026-07-29T09:30:00Z,2026-07-29T10:00:00Z,11,123,moderate
2026-07-29T09:30:00Z,2026-07-29T10:00:00Z,12,83,low
2026-07-29T09:30:00Z,2026-07-29T10:00:00Z,13,128,moderate
2026-07-29T09:30:00Z,2026-07-29T10:00:00Z,14,132,moderate
2026-07-29T09:30:00Z,2026-07-29T10:00:00Z,15,98,moderate
2026-07-29T09:30:00Z,2026-07-29T10:00:00Z,16,1,very low
2026-07-29T09:30:00Z,2026-07-29T10:00:00Z,17,107,moderate
2026-07-29T09:30:00Z,2026-07-29T10:00:00Z,18,94,moderate
2026-07-29T10:00:00Z,2026-07-29T10:30:00Z,1,0,very low
2026-07-29T10:00:00Z,2026-07-29T10:30:00Z,2,2,very low
2026-07-29T10:00:00Z,2026-07-29T10:30:00Z,3,22,very low
2026-07-29T10:00:00Z,2026-07-29T10:30:00Z,4,20,very low
2026-07-29T10:00:00Z,2026-07-29T10:30:00Z,5,77,low
2026-07-29T10:00:00Z,2026-07-29T10:30:00Z,6,27,low
2026-07-29T10:00:00Z,2026-07-29T10:30:00Z,7,232,very high
2026-07-29T10:00:00Z,2026-07-29T10:30:00Z,8,34,low
2026-07-29T10:00:00Z,2026-07-29T10:30:00Z,9,115,moderate
2026-07-29T10:00:00Z,2026-07-29T10:30:00Z,10,154,moderate
2026-07-29T10:00:00Z,2026-07-29T10:30:00Z,11,125,moderate
2026-07-29T10:00:00Z,2026-07-29T10:30:00Z,12,84,low
2026-07-29T10:00:00Z,2026-07-29T10:30:00Z,13,123,moderate
2026-07-29T10:00:00Z,2026-07-29T10:30:00Z,14,128,moderate
2026-07-29T10:00:00Z,2026-07-29T10:30:00Z,15,95,moderate
2026-07-29T10:00:00Z,2026-07-29T10:30:00Z,16,2,very low
2026-07-29T10:00:00Z,2026-07-29T10:30:00Z,17,94,moderate
2026-07-29T10:00:00Z,2026-07-29T10:30:00Z,18,91,moderate
2026-07-29T10:30:00Z,2026-07-29T11:00:00Z,1,0,very low
2026-07-29T10:30:00Z,2026-07-29T11:00:00Z,2,2,very low
2026-07-29T10:30:00Z,2026-07-29T11:00:00Z,3,29,low
2026-07-29T10:30:00Z,2026-07-29T11:00:00Z,4,21,very low
2026-07-29T10:30:00Z,2026-07-29T11:00:00Z,5,75,low
2026-07-29T10:30:00Z,2026-07-29T11:00:00Z,6,38,low
2026-07-29T10:30:00Z,2026-07-29T11:00:00Z,7,236,very high
2026-07-29T10:30:00Z,2026-07-29T11:00:00Z,8,37,low
2026-07-29T10:30:00Z,2026-07-29T11:00:00Z,9,117,moderate
2026-07-29T10:30:00Z,2026-07-29T11:00:00Z,10,151,moderate
2026-07-29T10:30:00Z,2026-07-29T11:00:00Z,11,119,moderate
2026-07-29T10:30:00Z,2026-07-29T11:00:00Z,12,80,low
2026-07-29T10:30:00Z,2026-07-29T11:00:00Z,13,118,moderate
2026-07-29T10:30:00Z,2026-07-29T11:00:00Z,14,124,moderate
2026-07-29T10:30:00Z,2026-07-29T11:00:00Z,15,95,moderate
2026-07-29T10:30:00Z,2026-07-29T11:00:00Z,16,2,very low
2026-07-29T10:30:00Z,2026-07-29T11:00:00Z,17,107,moderate
2026-07-29T10:30:00Z,2026-07-29T11:00:00Z,18,91,moderate
2026-07-29T11:00:00Z,2026-07-29T11:30:00Z,1,0,very low
2026-07-29T11:00:00Z,2026-07-29T11:30:00Z,2,2,very low
2026-07-29T11:00:00Z,2026-07-29T11:30:00Z,3,32,low
2026-07-29T11:00:00Z,2026-07-29T11:30:00Z,4,21,very low
2026-07-29T11:00:00Z,2026-07-29T11:30:00Z,5,75,low
2026-07-29T11:00:00Z,2026-07-29T11:30:00Z,6,30,low
2026-07-29T11:00:00Z,2026-07-29T11:30:00Z,7,248,very high
2026-07-29T11:00:00Z,2026-07-29T11:30:00Z,8,38,low
2026-07-29T11:00:00Z,2026-07-29T11:30:00Z,9,113,moderate
2026-07-29T11:00:00Z,2026-07-29T11:30:00Z,10,152,moderate
2026-07-29T11:00:00Z,2026-07-29T11:30:00Z,11,115,moderate
2026-07-29T11:00:00Z,2026-07-29T11:30:00Z,12,76,low
2026-07-29T11:00:00Z,2026-07-29T11:30:00Z,13,119,moderate
2026-07-29T11:00:00Z,2026-07-29T11:30:00Z,14,126,moderate
2026-07-29T11:00:00Z,2026-07-29T11:30:00Z,15,94,moderate
2026-07-29T11:00:00Z,2026-07-29T11:30:00Z,16,2,very low
2026-07-29T11:00:00Z,2026-07-29T11:30:00Z,17,113,moderate
2026-07-29T11:00:00Z,2026-07-29T11:30:00Z,18,91,moderate
2026-07-29T11:30:00Z,2026-07-29T12:00:00Z,1,0,very low
2026-07-29T11:30:00Z,2026-07-29T12:00:00Z,2,2,very low
2026-07-29T11:30:00Z,2026-07-29T12:00:00Z,3,39,low
2026-07-29T11:30:00Z,2026-07-29T12:00:00Z,4,21,very low
2026-07-29T11:30:00Z,2026-07-29T12:00:00Z,5,77,low
2026-07-29T11:30:00Z,2026-07-29T12:00:00Z,6,37,low
2026-07-29T11:30:00Z,2026-07-29T12:00:00Z,7,239,very high
2026-07-29T11:30:00Z,2026-07-29T12:00:00Z,8,45,low
2026-07-29T11:30:00Z,2026-07-29T12:00:00Z,9,113,moderate
2026-07-29T11:30:00Z,2026-07-29T12:00:00Z,10,146,moderate
2026-07-29T11:30:00Z,2026-07-29T12:00:00Z,11,114,moderate
2026-07-29T11:30:00Z,2026-07-29T12:00:00Z,12,73,low
2026-07-29T11:30:00Z,2026-07-29T12:00:00Z,13,121,moderate
2026-07-29T11:30:00Z,2026-07-29T12:00:00Z,14,130,moderate
2026-07-29T11:30:00Z,2026-07-29T12:00:00Z,15,95,moderate
2026-07-29T11:30:00Z,2026-07-29T12:00:00Z,16,2,very low
2026-07-29T11:30:00Z,2026-07-29T12:00:00Z,17,115,moderate
2026-07-29T11:30:00Z,2026-07-29T12:00:00Z,18,92,moderate
2026-07-29T12:00:00Z,2026-07-29T12:30:00Z,1,0,very low
2026-07-29T12:00:00Z,2026-07-29T12:30:00Z,2,2,very low
2026-07-29T12:00:00Z,2026-07-29T12:30:00Z,3,46,low
2026-07-29T12:00:00Z,2026-07-29T12:30:00Z,4,22,very low
2026-07-29T12:00:00Z,2026-07-29T12:30:00Z,5,81,low
2026-07-29T12:00:00Z,2026-07-29T12:30:00Z,6,41,low
2026-07-29T12:00:00Z,2026-07-29T12:30:00Z,7,248,very high
2026-07-29T12:00:00Z,2026-07-29T12:30:00Z,8,53,low
2026-07-29T12:00:00Z,2026-07-29T12:30:00Z,9,127,moderate
2026-07-29T12:00:00Z,2026-07-29T12:30:00Z,10,145,moderate
2026-07-29T12:00:00Z,2026-07-29T12:30:00Z,11,118,moderate
2026-07-29T12:00:00Z,2026-07-29T12:30:00Z,12,73,low
2026-07-29T12:00:00Z,2026-07-29T12:30:00Z,13,133,moderate
2026-07-29T12:00:00Z,2026-07-29T12:30:00Z,14,143,moderate
2026-07-29T12:00:00Z,2026-07-29T12:30:00Z,15,100,moderate
2026-07-29T12:00:00Z,2026-07-29T12:30:00Z,16,2,very low
2026-07-29T12:00:00Z,2026-07-29T12:30:00Z,17,128,moderate
2026-07-29T12:00:00Z,2026-07-29T12:30:00Z,18,98,moderate
2026-07-29T12:30:00Z,2026-07-29T13:00:00Z,1,0,very low
2026-07-29T12:30:00Z,2026-07-29T13:00:00Z,2,3,very low
2026-07-29T12:30:00Z,2026-07-29T13:00:00Z,3,55,low
2026-07-29T12:30:00Z,2026-07-29T13:00:00Z,4,23,very low
2026-07-29T12:30:00Z,2026-07-29T13:00:00Z,5,84,low
2026-07-29T12:30:00Z,2026-07-29T13:00:00Z,6,52,low
2026-07-29T12:30:00Z,2026-07-29T13:00:00Z,7,242,very high
2026-07-29T12:30:00Z,2026-07-29T13:00:00Z,8,63,low
2026-07-29T12:30:00Z,2026-07-29T13:00:00Z,9,146,moderate
2026-07-29T12:30:00Z,2026-07-29T13:00:00Z,10,149,moderate
2026-07-29T12:30:00Z,2026-07-29T13:00:00Z,11,124,moderate
2026-07-29T12:30:00Z,2026-07-29T13:00:00Z,12,78,low
2026-07-29T12:30:00Z,2026-07-29T13:00:00Z,13,141,moderate
2026-07-29T12:30:00Z,2026-07-29T13:00:00Z,14,152,moderate
2026-07-29T12:30:00Z,2026-07-29T13:00:00Z,15,107,moderate
2026-07-29T12:30:00Z,2026-07-29T13:00:00Z,16,2,very low
2026-07-29T12:30:00Z,2026-07-29T13:00:00Z,17,152,moderate
2026-07-29T12:30:00Z,2026-07-29T13:00:00Z,18,105,moderate
2026-07-29T13:00:00Z,2026-07-29T13:30:00Z,1,0,very low
2026-07-29T13:00:00Z,2026-07-29T13:30:00Z,2,3,very low
2026-07-29T13:00:00Z,2026-07-29T13:30:00Z,3,57,low
2026-07-29T13:00:00Z,2026-07-29T13:30:00Z,4,22,very low
2026-07-29T13:00:00Z,2026-07-29T13:30:00Z,5,86,low
2026-07-29T13:00:00Z,2026-07-29T13:30:00Z,6,44,low
2026-07-29T13:00:00Z,2026-07-29T13:30:00Z,7,255,very high
2026-07-29T13:00:00Z,2026-07-29T13:30:00Z,8,73,low
2026-07-29T13:00:00Z,2026-07-29T13:30:00Z,9,146,moderate
2026-07-29T13:00:00Z,2026-07-29T13:30:00Z,10,147,moderate
2026-07-29T13:00:00Z,2026-07-29T13:30:00Z,11,125,moderate
2026-07-29T13:00:00Z,2026-07-29T13:30:00Z,12,78,low
2026-07-29T13:00:00Z,2026-07-29T13:30:00Z,13,140,moderate
2026-07-29T13:00:00Z,2026-07-29T13:30:00Z,14,151,moderate
2026-07-29T13:00:00Z,2026-07-29T13:30:00Z,15,108,moderate
2026-07-29T13:00:00Z,2026-07-29T13:30:00Z,16,2,very low
2026-07-29T13:00:00Z,2026-07-29T13:30:00Z,17,156,moderate
2026-07-29T13:00:00Z,2026-07-29T13:30:00Z,18,106,moderate
2026-07-29T13:30:00Z,2026-07-29T14:00:00Z,1,0,very low
2026-07-29T13:30:00Z,2026-07-29T14:00:00Z,2,3,very low
2026-07-29T13:30:00Z,2026-07-29T14:00:00Z,3,57,low
2026-07-29T13:30:00Z,2026-07-29T14:00:00Z,4,23,very low
2026-07-29T13:30:00Z,2026-07-29T14:00:00Z,5,85,low
2026-07-29T13:30:00Z,2026-07-29T14:00:00Z,6,59,low
2026-07-29T13:30:00Z,2026-07-29T14:00:00Z,7,252,very high
2026-07-29T13:30:00Z,2026-07-29T14:00:00Z,8,78,low
2026-07-29T13:30:00Z,2026-07-29T14:00:00Z,9,169,moderate
2026-07-29T13:30:00Z,2026-07-29T14:00:00Z,10,153,moderate
2026-07-29T13:30:00Z,2026-07-29T14:00:00Z,11,124,moderate
2026-07-29T13:30:00Z,2026-07-29T14:00:00Z,12,80,low
2026-07-29T13:30:00Z,2026-07-29T14:00:00Z,13,139,moderate
2026-07-29T13:30:00Z,2026-07-29T14:00:00Z,14,150,moderate
2026-07-29T13:30:00Z,2026-07-29T14:00:00Z,15,114,moderate
2026-07-29T13:30:00Z,2026-07-29T14:00:00Z,16,3,very low
2026-07-29T13:30:00Z,2026-07-29T14:00:00Z,17,164,moderate
2026-07-29T13:30:00Z,2026-07-29T14:00:00Z,18,112,moderate
2026-07-29T14:00:00Z,2026-07-29T14:30:00Z,1,0,very low
2026-07-29T14:00:00Z,2026-07-29T14:30:00Z,2,3,very low
2026-07-29T14:00:00Z,2026-07-29T14:30:00Z,3,58,low
2026-07-29T14:00:00Z,2026-07-29T14:30:00Z,4,22,very low
2026-07-29T14:00:00Z,2026-07-29T14:30:00Z,5,90,moderate
2026-07-29T14:00:00Z,2026-07-29T14:30:00Z,6,56,low
2026-07-29T14:00:00Z,2026-07-29T14:30:00Z,7,256,very high
2026-07-29T14:00:00Z,2026-07-29T14:30:00Z,8,82,low
2026-07-29T14:00:00Z,2026-07-29T14:30:00Z,9,181,high
2026-07-29T14:00:00Z,2026-07-29T14:30:00Z,10,155,moderate
2026-07-29T14:00:00Z,2026-07-29T14:30:00Z,11,128,moderate
2026-07-29T14:00:00Z,2026-07-29T14:30:00Z,12,87,low
2026-07-29T14:00:00Z,2026-07-29T14:30:00Z,13,148,moderate
2026-07-29T14:00:00Z,2026-07-29T14:30:00Z,14,164,moderate
2026-07-29T14:00:00Z,2026-07-29T14:30:00Z,15,118,moderate
2026-07-29T14:00:00Z,2026-07-29T14:30:00Z,16,2,very low
2026-07-29T14:00:00Z,2026-07-29T14:30:00Z,17,173,high
2026-07-29T14:00:00Z,2026-07-29T14:30:00Z,18,117,moderate
2026-07-29T14:30:00Z,2026-07-29T15:00:00Z,1,0,very low
2026-07-29T14:30:00Z,2026-07-29T15:00:00Z,2,3,very low
2026-07-29T14:30:00Z,2026-07-29T15:00:00Z,3,65,low
2026-07-29T14:30:00Z,2026-07-29T15:00:00Z,4,23,very low
2026-07-29T14:30:00Z,2026-07-29T15:00:00Z,5,85,low
2026-07-29T14:30:00Z,2026-07-29T15:00:00Z,6,67,low
2026-07-29T14:30:00Z,2026-07-29T15:00:00Z,7,263,very high
2026-07-29T14:30:00Z,2026-07-29T15:00:00Z,8,91,moderate
2026-07-29T14:30:00Z,2026-07-29T15:00:00Z,9,186,high
2026-07-29T14:30:00Z,2026-07-29T15:00:00Z,10,161,moderate
2026-07-29T14:30:00Z,2026-07-29T15:00:00Z,11,139,moderate
2026-07-29T14:30:00Z,2026-07-29T15:00:00Z,12,96,moderate
2026-07-29T14:30:00Z,2026-07-29T15:00:00Z,13,158,moderate
2026-07-29T14:30:00Z,2026-07-29T15:00:00Z,14,177,high
2026-07-29T14:30:00Z,2026-07-29T15:00:00Z,15,124,moderate
2026-07-29T14:30:00Z,2026-07-29T15:00:00Z,16,3,very low
2026-07-29T14:30:00Z,2026-07-29T15:00:00Z,17,192,high
2026-07-29T14:30:00Z,2026-07-29T15:00:00Z,18,124,moderate
2026-07-29T15:00:00Z,2026-07-29T15:30:00Z,1,0,very low
2026-07-29T15:00:00Z,2026-07-29T15:30:00Z,2,3,very low
2026-07-29T15:00:00Z,2026-07-29T15:30:00Z,3,76,low
2026-07-29T15:00:00Z,2026-07-29T15:30:00Z,4,23,very low
2026-07-29T15:00:00Z,2026-07-29T15:30:00Z,5,107,moderate
2026-07-29T15:00:00Z,2026-07-29T15:30:00Z,6,95,moderate
2026-07-29T15:00:00Z,2026-07-29T15:30:00Z,7,280,very high
2026-07-29T15:00:00Z,2026-07-29T15:30:00Z,8,113,moderate
2026-07-29T15:00:00Z,2026-07-29T15:30:00Z,9,206,high
2026-07-29T15:00:00Z,2026-07-29T15:30:00Z,10,176,high
2026-07-29T15:00:00Z,2026-07-29T15:30:00Z,11,160,moderate
2026-07-29T15:00:00Z,2026-07-29T15:30:00Z,12,113,moderate
2026-07-29T15:00:00Z,2026-07-29T15:30:00Z,13,168,moderate
2026-07-29T15:00:00Z,2026-07-29T15:30:00Z,14,186,high
2026-07-29T15:00:00Z,2026-07-29T15:30:00Z,15,141,moderate
2026-07-29T15:00:00Z,2026-07-29T15:30:00Z,16,3,very low
2026-07-29T15:00:00Z,2026-07-29T15:30:00Z,17,223,high
2026-07-29T15:00:00Z,2026-07-29T15:30:00Z,18,141,moderate
2026-07-29T15:30:00Z,2026-07-29T16:00:00Z,1,0,very low
2026-07-29T15:30:00Z,2026-07-29T16:00:00Z,2,3,very low
2026-07-29T15:30:00Z,2026-07-29T16:00:00Z,3,84,low
2026-07-29T15:30:00Z,2026-07-29T16:00:00Z,4,20,very low
2026-07-29T15:30:00Z,2026-07-29T16:00:00Z,5,116,moderate
2026-07-29T15:30:00Z,2026-07-29T16:00:00Z,6,124,moderate
2026-07-29T15:30:00Z,2026-07-29T16:00:00Z,7,307,very high
2026-07-29T15:30:00Z,2026-07-29T16:00:00Z,8,143,moderate
2026-07-29T15:30:00Z,2026-07-29T16:00:00Z,9,221,high
2026-07-29T15:30:00Z,2026-07-29T16:00:00Z,10,170,high
2026-07-29T15:30:00Z,2026-07-29T16:00:00Z,11,180,high
2026-07-29T15:30:00Z,2026-07-29T16:00:00Z,12,127,moderate
2026-07-29T15:30:00Z,2026-07-29T16:00:00Z,13,174,high
2026-07-29T15:30:00Z,2026-07-29T16:00:00Z,14,195,high
2026-07-29T15:30:00Z,2026-07-29T16:00:00Z,15,152,moderate
2026-07-29T15:30:00Z,2026-07-29T16:00:00Z,16,3,very low
2026-07-29T15:30:00Z,2026-07-29T16:00:00Z,17,247,very high
2026-07-29T15:30:00Z,2026-07-29T16:00:00Z,18,153,moderate
2026-07-29T16:00:00Z,2026-07-29T16:30:00Z,1,0,very low
2026-07-29T16:00:00Z,2026-07-29T16:30:00Z,2,3,very low
2026-07-29T16:00:00Z,2026-07-29T16:30:00Z,3,92,moderate
2026-07-29T16:00:00Z,2026-07-29T16:30:00Z,4,22,very low
2026-07-29T16:00:00Z,2026-07-29T16:30:00Z,5,126,moderate
2026-07-29T16:00:00Z,2026-07-29T16:30:00Z,6,132,moderate
2026-07-29T16:00:00Z,2026-07-29T16:30:00Z,7,317,very high
2026-07-29T16:00:00Z,2026-07-29T16:30:00Z,8,161,moderate
2026-07-29T16:00:00Z,2026-07-29T16:30:00Z,9,234,very high
2026-07-29T16:00:00Z,2026-07-29T16:30:00Z,10,183,high
2026-07-29T16:00:00Z,2026-07-29T16:30:00Z,11,199,high
2026-07-29T16:00:00Z,2026-07-29T16:30:00Z,12,143,moderate
2026-07-29T16:00:00Z,2026-07-29T16:30:00Z,13,181,high
2026-07-29T16:00:00Z,2026-07-29T16:30:00Z,14,200,high
2026-07-29T16:00:00Z,2026-07-29T16:30:00Z,15,163,moderate
2026-07-29T16:00:00Z,2026-07-29T16:30:00Z,16,3,very low
2026-07-29T16:00:00Z,2026-07-29T16:30:00Z,17,276,very high
2026-07-29T16:00:00Z,2026-07-29T16:30:00Z,18,165,moderate
2026-07-29T16:30:00Z,2026-07-29T17:00:00Z,1,0,very low
2026-07-29T16:30:00Z,2026-07-29T17:00:00Z,2,3,very low
2026-07-29T16:30:00Z,2026-07-29T17:00:00Z,3,94,moderate
2026-07-29T16:30:00Z,2026-07-29T17:00:00Z,4,22,very low
2026-07-29T16:30:00Z,2026-07-29T17:00:00Z,5,123,moderate
2026-07-29T16:30:00Z,2026-07-29T17:00:00Z,6,147,moderate
2026-07-29T16:30:00Z,2026-07-29T17:00:00Z,7,330,very high
2026-07-29T16:30:00Z,2026-07-29T17:00:00Z,8,178,high
2026-07-29T16:30:00Z,2026-07-29T17:00:00Z,9,243,very high
2026-07-29T16:30:00Z,2026-07-29T17:00:00Z,10,186,high
2026-07-29T16:30:00Z,2026-07-29T17:00:00Z,11,215,high
2026-07-29T16:30:00Z,2026-07-29T17:00:00Z,12,169,moderate
2026-07-29T16:30:00Z,2026-07-29T17:00:00Z,13,194,high
2026-07-29T16:30:00Z,2026-07-29T17:00:00Z,14,211,high
2026-07-29T16:30:00Z,2026-07-29T17:00:00Z,15,174,high
2026-07-29T16:30:00Z,2026-07-29T17:00:00Z,16,3,very low
2026-07-29T16:30:00Z,2026-07-29T17:00:00Z,17,290,very high
2026-07-29T16:30:00Z,2026-07-29T17:00:00Z,18,176,high
2026-07-29T17:00:00Z,2026-07-29T17:30:00Z,1,0,very low
2026-07-29T17:00:00Z,2026-07-29T17:30:00Z,2,3,very low
2026-07-29T17:00:00Z,2026-07-29T17:30:00Z,3,96,moderate
2026-07-29T17:00:00Z,2026-07-29T17:30:00Z,4,23,very low
2026-07-29T17:00:00Z,2026-07-29T17:30:00Z,5,141,moderate
2026-07-29T17:00:00Z,2026-07-29T17:30:00Z,6,157,moderate
2026-07-29T17:00:00Z,2026-07-29T17:30:00Z,7,340,very high
2026-07-29T17:00:00Z,2026-07-29T17:30:00Z,8,192,high
2026-07-29T17:00:00Z,2026-07-29T17:30:00Z,9,253,very high
2026-07-29T17:00:00Z,2026-07-29T17:30:00Z,10,206,high
2026-07-29T17:00:00Z,2026-07-29T17:30:00Z,11,239,very high
2026-07-29T17:00:00Z,2026-07-29T17:30:00Z,12,183,high
2026-07-29T17:00:00Z,2026-07-29T17:30:00Z,13,208,high
2026-07-29T17:00:00Z,2026-07-29T17:30:00Z,14,220,high
2026-07-29T17:00:00Z,2026-07-29T17:30:00Z,15,186,high
2026-07-29T17:00:00Z,2026-07-29T17:30:00Z,16,3,very low
2026-07-29T17:00:00Z,2026-07-29T17:30:00Z,17,299,very high
2026-07-29T17:00:00Z,2026-07-29T17:30:00Z,18,188,high
2026-07-29T17:30:00Z,2026-07-29T18:00:00Z,1,0,very low
2026-07-29T17:30:00Z,2026-07-29T18:00:00Z,2,4,very low
2026-07-29T17:30:00Z,2026-07-29T18:00:00Z,3,98,moderate
2026-07-29T17:30:00Z,2026-07-29T18:00:00Z,4,24,very low
2026-07-29T17:30:00Z,2026-07-29T18:00:00Z,5,145,moderate
2026-07-29T17:30:00Z,2026-07-29T18:00:00Z,6,179,high
2026-07-29T17:30:00Z,2026-07-29T18:00:00Z,7,343,very high
2026-07-29T17:30:00Z,2026-07-29T18:00:00Z,8,195,high
2026-07-29T17:30:00Z,2026-07-29T18:00:00Z,9,255,very high
2026-07-29T17:30:00Z,2026-07-29T18:00:00Z,10,217,high
2026-07-29T17:30:00Z,2026-07-29T18:00:00Z,11,257,very high
2026-07-29T17:30:00Z,2026-07-29T18:00:00Z,12,191,high
2026-07-29T17:30:00Z,2026-07-29T18:00:00Z,13,213,high
2026-07-29T17:30:00Z,2026-07-29T18:00:00Z,14,221,high
2026-07-29T17:30:00Z,2026-07-29T18:00:00Z,15,192,high
2026-07-29T17:30:00Z,2026-07-29T18:00:00Z,16,21,very low
2026-07-29T17:30:00Z,2026-07-29T18:00:00Z,17,313,very high
2026-07-29T17:30:00Z,2026-07-29T18:00:00Z,18,195,high
2026-07-29T18:00:00Z,2026-07-29T18:30:00Z,1,0,very low
2026-07-29T18:00:00Z,2026-07-29T18:30:00Z,2,3,very low
2026-07-29T18:00:00Z,2026-07-29T18:30:00Z,3,104,moderate
2026-07-29T18:00:00Z,2026-07-29T18:30:00Z,4,24,very low
2026-07-29T18:00:00Z,2026-07-29T18:30:00Z,5,153,moderate
2026-07-29T18:00:00Z,2026-07-29T18:30:00Z,6,195,high
2026-07-29T18:00:00Z,2026-07-29T18:30:00Z,7,351,very high
2026-07-29T18:00:00Z,2026-07-29T18:30:00Z,8,211,high
2026-07-29T18:00:00Z,2026-07-29T18:30:00Z,9,266,very high
2026-07-29T18:00:00Z,2026-07-29T18:30:00Z,10,222,high
2026-07-29T18:00:00Z,2026-07-29T18:30:00Z,11,273,very high
2026-07-29T18:00:00Z,2026-07-29T18:30:00Z,12,202,high
2026-07-29T18:00:00Z,2026-07-29T18:30:00Z,13,220,high
2026-07-29T18:00:00Z,2026-07-29T18:30:00Z,14,226,high
2026-07-29T18:00:00Z,2026-07-29T18:30:00Z,15,201,high
2026-07-29T18:00:00Z,2026-07-29T18:30:00Z,16,18,very low
2026-07-29T18:00:00Z,2026-07-29T18:30:00Z,17,322,very high
2026-07-29T18:00:00Z,2026-07-29T18:30:00Z,18,204,high
2026-07-29T18:30:00Z,2026-07-29T19:00:00Z,1,0,very low
2026-07-29T18:30:00Z,2026-07-29T19:00:00Z,2,3,very low
2026-07-29T18:30:00Z,2026-07-29T19:00:00Z,3,96,moderate
2026-07-29T18:30:00Z,2026-07-29T19:00:00Z,4,24,very low
2026-07-29T18:30:00Z,2026-07-29T19:00:00Z,5,155,moderate
2026-07-29T18:30:00Z,2026-07-29T19:00:00Z,6,193,high
2026-07-29T18:30:00Z,2026-07-29T19:00:00Z,7,358,very high
2026-07-29T18:30:00Z,2026-07-29T19:00:00Z,8,213,high
2026-07-29T18:30:00Z,2026-07-29T19:00:00Z,9,274,very high
2026-07-29T18:30:00Z,2026-07-29T19:00:00Z,10,235,very high
2026-07-29T18:30:00Z,2026-07-29T19:00:00Z,11,316,very high
2026-07-29T18:30:00Z,2026-07-29T19:00:00Z,12,230,very high
2026-07-29T18:30:00Z,2026-07-29T19:00:00Z,13,235,very high
2026-07-29T18:30:00Z,2026-07-29T19:00:00Z,14,237,very high
2026-07-29T18:30:00Z,2026-07-29T19:00:00Z,15,211,high
2026-07-29T18:30:00Z,2026-07-29T19:00:00Z,16,20,very low
2026-07-29T18:30:00Z,2026-07-29T19:00:00Z,17,330,very high
2026-07-29T18:30:00Z,2026-07-29T19:00:00Z,18,213,high
2026-07-29T19:00:00Z,2026-07-29T19:30:00Z,1,0,very low
2026-07-29T19:00:00Z,2026-07-29T19:30:00Z,2,3,very low
2026-07-29T19:00:00Z,2026-07-29T19:30:00Z,3,101,moderate
2026-07-29T19:00:00Z,2026-07-29T19:30:00Z,4,23,very low
2026-07-29T19:00:00Z,2026-07-29T19:30:00Z,5,156,moderate
2026-07-29T19:00:00Z,2026-07-29T19:30:00Z,6,195,high
2026-07-29T19:00:00Z,2026-07-29T19:30:00Z,7,365,very high
2026-07-29T19:00:00Z,2026-07-29T19:30:00Z,8,223,high
2026-07-29T19:00:00Z,2026-07-29T19:30:00Z,9,284,very high
2026-07-29T19:00:00Z,2026-07-29T19:30:00Z,10,234,very high
2026-07-29T19:00:00Z,2026-07-29T19:30:00Z,11,339,very high
2026-07-29T19:00:00Z,2026-07-29T19:30:00Z,12,254,very high
2026-07-29T19:00:00Z,2026-07-29T19:30:00Z,13,238,very high
2026-07-29T19:00:00Z,2026-07-29T19:30:00Z,14,235,very high
2026-07-29T19:00:00Z,2026-07-29T19:30:00Z,15,218,high
2026-07-29T19:00:00Z,2026-07-29T19:30:00Z,16,32,low
2026-07-29T19:00:00Z,2026-07-29T19:30:00Z,17,336,very high
2026-07-29T19:00:00Z,2026-07-29T19:30:00Z,18,220,high
2026-07-29T19:30:00Z,2026-07-29T20:00:00Z,1,0,very low
2026-07-29T19:30:00Z,2026-07-29T20:00:00Z,2,3,very low
2026-07-29T19:30:00Z,2026-07-29T20:00:00Z,3,96,moderate
2026-07-29T19:30:00Z,2026-07-29T20:00:00Z,4,24,very low
2026-07-29T19:30:00Z,2026-07-29T20:00:00Z,5,152,moderate
2026-07-29T19:30:00Z,2026-07-29T20:00:00Z,6,197,high
2026-07-29T19:30:00Z,2026-07-29T20:00:00Z,7,371,very high
2026-07-29T19:30:00Z,2026-07-29T20:00:00Z,8,231,very high
2026-07-29T19:30:00Z,2026-07-29T20:00:00Z,9,292,very high
2026-07-29T19:30:00Z,2026-07-29T20:00:00Z,10,223,high
2026-07-29T19:30:00Z,2026-07-29T20:00:00Z,11,360,very high
2026-07-29T19:30:00Z,2026-07-29T20:00:00Z,12,258,very high
2026-07-29T19:30:00Z,2026-07-29T20:00:00Z,13,214,high
2026-07-29T19:30:00Z,2026-07-29T20:00:00Z,14,197,high
2026-07-29T19:30:00Z,2026-07-29T20:00:00Z,15,214,high
2026-07-29T19:30:00Z,2026-07-29T20:00:00Z,16,31,low
2026-07-29T19:30:00Z,2026-07-29T20:00:00Z,17,339,very high
2026-07-29T19:30:00Z,2026-07-29T20:00:00Z,18,216,high
2026-07-29T20:00:00Z,2026-07-29T20:30:00Z,1,0,very low
2026-07-29T20:00:00Z,2026-07-29T20:30:00Z,2,3,very low
2026-07-29T20:00:00Z,2026-07-29T20:30:00Z,3,89,low
2026-07-29T20:00:00Z,2026-07-29T20:30:00Z,4,24,very low
2026-07-29T20:00:00Z,2026-07-29T20:30:00Z,5,148,moderate
2026-07-29T20:00:00Z,2026-07-29T20:30:00Z,6,189,high
2026-07-29T20:00:00Z,2026-07-29T20:30:00Z,7,373,very high
2026-07-29T20:00:00Z,2026-07-29T20:30:00Z,8,233,very high
2026-07-29T20:00:00Z,2026-07-29T20:30:00Z,9,294,very high
2026-07-29T20:00:00Z,2026-07-29T20:30:00Z,10,221,high
2026-07-29T20:00:00Z,2026-07-29T20:30:00Z,11,375,very high
2026-07-29T20:00:00Z,2026-07-29T20:30:00Z,12,262,very high
2026-07-29T20:00:00Z,2026-07-29T20:30:00Z,13,213,high
2026-07-29T20:00:00Z,2026-07-29T20:30:00Z,14,197,high
2026-07-29T20:00:00Z,2026-07-29T20:30:00Z,15,214,high
2026-07-29T20:00:00Z,2026-07-29T20:30:00Z,16,25,low
2026-07-29T20:00:00Z,2026-07-29T20:30:00Z,17,337,very high
2026-07-29T20:00:00Z,2026-07-29T20:30:00Z,18,216,high
2026-07-29T20:30:00Z,2026-07-29T21:00:00Z,1,0,very low
2026-07-29T20:30:00Z,2026-07-29T21:00:00Z,2,3,very low
2026-07-29T20:30:00Z,2026-07-29T21:00:00Z,3,80,low
2026-07-29T20:30:00Z,2026-07-29T21:00:00Z,4,25,low
2026-07-29T20:30:00Z,2026-07-29T21:00:00Z,5,142,moderate
2026-07-29T20:30:00Z,2026-07-29T21:00:00Z,6,185,high
2026-07-29T20:30:00Z,2026-07-29T21:00:00Z,7,373,very high
2026-07-29T20:30:00Z,2026-07-29T21:00:00Z,8,227,high
2026-07-29T20:30:00Z,2026-07-29T21:00:00Z,9,290,very high
2026-07-29T20:30:00Z,2026-07-29T21:00:00Z,10,218,high
2026-07-29T20:30:00Z,2026-07-29T21:00:00Z,11,377,very high
2026-07-29T20:30:00Z,2026-07-29T21:00:00Z,12,267,very high
2026-07-29T20:30:00Z,2026-07-29T21:00:00Z,13,216,high
2026-07-29T20:30:00Z,2026-07-29T21:00:00Z,14,205,high
2026-07-29T20:30:00Z,2026-07-29T21:00:00Z,15,213,high
2026-07-29T20:30:00Z,2026-07-29T21:00:00Z,16,33,low
2026-07-29T20:30:00Z,2026-07-29T21:00:00Z,17,336,very high
2026-07-29T20:30:00Z,2026-07-29T21:00:00Z,18,214,high
2026-07-29T21:00:00Z,2026-07-29T21:30:00Z,1,0,very low
2026-07-29T21:00:00Z,2026-07-29T21:30:00Z,2,3,very low
2026-07-29T21:00:00Z,2026-07-29T21:30:00Z,3,74,low
2026-07-29T21:00:00Z,2026-07-29T21:30:00Z,4,26,low
2026-07-29T21:00:00Z,2026-07-29T21:30:00Z,5,134,moderate
2026-07-29T21:00:00Z,2026-07-29T21:30:00Z,6,172,high
2026-07-29T21:00:00Z,2026-07-29T21:30:00Z,7,372,very high
2026-07-29T21:00:00Z,2026-07-29T21:30:00Z,8,218,high
2026-07-29T21:00:00Z,2026-07-29T21:30:00Z,9,278,very high
2026-07-29T21:00:00Z,2026-07-29T21:30:00Z,10,215,high
2026-07-29T21:00:00Z,2026-07-29T21:30:00Z,11,376,very high
2026-07-29T21:00:00Z,2026-07-29T21:30:00Z,12,259,very high
2026-07-29T21:00:00Z,2026-07-29T21:30:00Z,13,211,high
2026-07-29T21:00:00Z,2026-07-29T21:30:00Z,14,198,high
2026-07-29T21:00:00Z,2026-07-29T21:30:00Z,15,205,high
2026-07-29T21:00:00Z,2026-07-29T21:30:00Z,16,24,very low
2026-07-29T21:00:00Z,2026-07-29T21:30:00Z,17,332,very high
2026-07-29T21:00:00Z,2026-07-29T21:30:00Z,18,207,high
2026-07-29T21:30:00Z,2026-07-29T22:00:00Z,1,0,very low
2026-07-29T21:30:00Z,2026-07-29T22:00:00Z,2,3,very low
2026-07-29T21:30:00Z,2026-07-29T22:00:00Z,3,69,low
2026-07-29T21:30:00Z,2026-07-29T22:00:00Z,4,26,low
2026-07-29T21:30:00Z,2026-07-29T22:00:00Z,5,118,moderate
2026-07-29T21:30:00Z,2026-07-29T22:00:00Z,6,158,moderate
2026-07-29T21:30:00Z,2026-07-29T22:00:00Z,7,368,very high
2026-07-29T21:30:00Z,2026-07-29T22:00:00Z,8,203,high
2026-07-29T21:30:00Z,2026-07-29T22:00:00Z,9,260,very high
2026-07-29T21:30:00Z,2026-07-29T22:00:00Z,10,220,high
2026-07-29T21:30:00Z,2026-07-29T22:00:00Z,11,372,very high
2026-07-29T21:30:00Z,2026-07-29T22:00:00Z,12,232,very high
2026-07-29T21:30:00Z,2026-07-29T22:00:00Z,13,186,high
2026-07-29T21:30:00Z,2026-07-29T22:00:00Z,14,167,moderate
2026-07-29T21:30:00Z,2026-07-29T22:00:00Z,15,190,high
2026-07-29T21:30:00Z,2026-07-29T22:00:00Z,16,3,very low
2026-07-29T21:30:00Z,2026-07-29T22:00:00Z,17,321,very high
2026-07-29T21:30:00Z,2026-07-29T22:00:00Z,18,193,high
2026-07-29T22:00:00Z,2026-07-29T22:30:00Z,1,0,very low
2026-07-29T22:00:00Z,2026-07-29T22:30:00Z,2,4,very low
2026-07-29T22:00:00Z,2026-07-29T22:30:00Z,3,64,low
2026-07-29T22:00:00Z,2026-07-29T22:30:00Z,4,26,low
2026-07-29T22:00:00Z,2026-07-29T22:30:00Z,5,102,moderate
2026-07-29T22:00:00Z,2026-07-29T22:30:00Z,6,123,moderate
2026-07-29T22:00:00Z,2026-07-29T22:30:00Z,7,369,very high
2026-07-29T22:00:00Z,2026-07-29T22:30:00Z,8,191,high
2026-07-29T22:00:00Z,2026-07-29T22:30:00Z,9,244,very high
2026-07-29T22:00:00Z,2026-07-29T22:30:00Z,10,225,high
2026-07-29T22:00:00Z,2026-07-29T22:30:00Z,11,369,very high
2026-07-29T22:00:00Z,2026-07-29T22:30:00Z,12,219,high
2026-07-29T22:00:00Z,2026-07-29T22:30:00Z,13,187,high
2026-07-29T22:00:00Z,2026-07-29T22:30:00Z,14,165,moderate
2026-07-29T22:00:00Z,2026-07-29T22:30:00Z,15,182,high
2026-07-29T22:00:00Z,2026-07-29T22:30:00Z,16,3,very low
2026-07-29T22:00:00Z,2026-07-29T22:30:00Z,17,316,very high
2026-07-29T22:00:00Z,2026-07-29T22:30:00Z,18,185,high
2026-07-29T22:30:00Z,2026-07-29T23:00:00Z,1,0,very low
2026-07-29T22:30:00Z,2026-07-29T23:00:00Z,2,3,very low
2026-07-29T22:30:00Z,2026-07-29T23:00:00Z,3,59,low
2026-07-29T22:30:00Z,2026-07-29T23:00:00Z,4,26,low
2026-07-29T22:30:00Z,2026-07-29T23:00:00Z,5,102,moderate
2026-07-29T22:30:00Z,2026-07-29T23:00:00Z,6,102,moderate
2026-07-29T22:30:00Z,2026-07-29T23:00:00Z,7,371,very high
2026-07-29T22:30:00Z,2026-07-29T23:00:00Z,8,179,high
2026-07-29T22:30:00Z,2026-07-29T23:00:00Z,9,248,very high
2026-07-29T22:30:00Z,2026-07-29T23:00:00Z,10,224,high
2026-07-29T22:30:00Z,2026-07-29T23:00:00Z,11,364,very high
2026-07-29T22:30:00Z,2026-07-29T23:00:00Z,12,211,high
2026-07-29T22:30:00Z,2026-07-29T23:00:00Z,13,186,high
2026-07-29T22:30:00Z,2026-07-29T23:00:00Z,14,163,moderate
2026-07-29T22:30:00Z,2026-07-29T23:00:00Z,15,177,high
2026-07-29T22:30:00Z,2026-07-29T23:00:00Z,16,3,very low
2026-07-29T22:30:00Z,2026-07-29T23:00:00Z,17,321,very high
2026-07-29T22:30:00Z,2026-07-29T23:00:00Z,18,181,high
2026-07-29T23:00:00Z,2026-07-29T23:30:00Z,1,0,very low
2026-07-29T23:00:00Z,2026-07-29T23:30:00Z,2,3,very low
2026-07-29T23:00:00Z,2026-07-29T23:30:00Z,3,47,low
2026-07-29T23:00:00Z,2026-07-29T23:30:00Z,4,26,low
2026-07-29T23:00:00Z,2026-07-29T23:30:00Z,5,99,moderate
2026-07-29T23:00:00Z,2026-07-29T23:30:00Z,6,95,moderate
2026-07-29T23:00:00Z,2026-07-29T23:30:00Z,7,370,very high
2026-07-29T23:00:00Z,2026-07-29T23:30:00Z,8,172,high
2026-07-29T23:00:00Z,2026-07-29T23:30:00Z,9,239,very high
2026-07-29T23:00:00Z,2026-07-29T23:30:00Z,10,227,high
2026-07-29T23:00:00Z,2026-07-29T23:30:00Z,11,359,very high
2026-07-29T23:00:00Z,2026-07-29T23:30:00Z,12,210,high
2026-07-29T23:00:00Z,2026-07-29T23:30:00Z,13,188,high
2026-07-29T23:00:00Z,2026-07-29T23:30:00Z,14,164,moderate
2026-07-29T23:00:00Z,2026-07-29T23:30:00Z,15,174,high
2026-07-29T23:00:00Z,2026-07-29T23:30:00Z,16,3,very low
2026-07-29T23:00:00Z,2026-07-29T23:30:00Z,17,318,very high
2026-07-29T23:00:00Z,2026-07-29T23:30:00Z,18,177,high
2026-07-29T23:30:00Z,2026-07-30T00:00:00Z,1,0,very low
2026-07-29T23:30:00Z,2026-07-30T00:00:00Z,2,3,very low
2026-07-29T23:30:00Z,2026-07-30T00:00:00Z,3,59,low
2026-07-29T23:30:00Z,2026-07-30T00:00:00Z,4,24,very low
2026-07-29T23:30:00Z,2026-07-30T00:00:00Z,5,99,moderate
2026-07-29T23:30:00Z,2026-07-30T00:00:00Z,6,54,low
2026-07-29T23:30:00Z,2026-07-30T00:00:00Z,7,371,very high
2026-07-29T23:30:00Z,2026-07-30T00:00:00Z,8,166,moderate
2026-07-29T23:30:00Z,2026-07-30T00:00:00Z,9,240,very high
2026-07-29T23:30:00Z,2026-07-30T00:00:00Z,10,230,very high
2026-07-29T23:30:00Z,2026-07-30T00:00:00Z,11,368,very high
2026-07-29T23:30:00Z,2026-07-30T00:00:00Z,12,217,high
2026-07-29T23:30:00Z,2026-07-30T00:00:00Z,13,188,high
2026-07-29T23:30:00Z,2026-07-30T00:00:00Z,14,171,high
2026-07-29T23:30:00Z,2026-07-30T00:00:00Z,15,175,high
2026-07-29T23:30:00Z,2026-07-30T00:00:00Z,16,2,very low
2026-07-29T23:30:00Z,2026-07-30T00:00:00Z,17,305,very high
2026-07-29T23:30:00Z,2026-07-30T00:00:00Z,18,176,high
2026-07-30T00:00:00Z,2026-07-30T00:30:00Z,1,0,very low
2026-07-30T00:00:00Z,2026-07-30T00:30:00Z,2,3,very low
2026-07-30T00:00:00Z,2026-07-30T00:30:00Z,3,58,low
2026-07-30T00:00:00Z,2026-07-30T00:30:00Z,4,23,very low
2026-07-30T00:00:00Z,2026-07-30T00:30:00Z,5,97,moderate
2026-07-30T00:00:00Z,2026-07-30T00:30:00Z,6,62,low
2026-07-30T00:00:00Z,2026-07-30T00:30:00Z,7,371,very high
2026-07-30T00:00:00Z,2026-07-30T00:30:00Z,8,162,moderate
2026-07-30T00:00:00Z,2026-07-30T00:30:00Z,9,232,very high
2026-07-30T00:00:00Z,2026-07-30T00:30:00Z,10,247,very high
2026-07-30T00:00:00Z,2026-07-30T00:30:00Z,11,371,very high
2026-07-30T00:00:00Z,2026-07-30T00:30:00Z,12,220,high
2026-07-30T00:00:00Z,2026-07-30T00:30:00Z,13,198,high
2026-07-30T00:00:00Z,2026-07-30T00:30:00Z,14,174,high
2026-07-30T00:00:00Z,2026-07-30T00:30:00Z,15,177,high
2026-07-30T00:00:00Z,2026-07-30T00:30:00Z,16,2,very low
2026-07-30T00:00:00Z,2026-07-30T00:30:00Z,17,309,very high
2026-07-30T00:00:00Z,2026-07-30T00:30:00Z,18,178,high
2026-07-30T00:30:00Z,2026-07-30T01:00:00Z,1,0,very low
2026-07-30T00:30:00Z,2026-07-30T01:00:00Z,2,2,very low
2026-07-30T00:30:00Z,2026-07-30T01:00:00Z,3,58,low
2026-07-30T00:30:00Z,2026-07-30T01:00:00Z,4,24,very low
2026-07-30T00:30:00Z,2026-07-30T01:00:00Z,5,101,moderate
2026-07-30T00:30:00Z,2026-07-30T01:00:00Z,6,72,low
2026-07-30T00:30:00Z,2026-07-30T01:00:00Z,7,370,very high
2026-07-30T00:30:00Z,2026-07-30T01:00:00Z,8,162,moderate
2026-07-30T00:30:00Z,2026-07-30T01:00:00Z,9,234,very high
2026-07-30T00:30:00Z,2026-07-30T01:00:00Z,10,251,very high
2026-07-30T00:30:00Z,2026-07-30T01:00:00Z,11,370,very high
2026-07-30T00:30:00Z,2026-07-30T01:00:00Z,12,207,high
2026-07-30T00:30:00Z,2026-07-30T01:00:00Z,13,181,high
2026-07-30T00:30:00Z,2026-07-30T01:00:00Z,14,162,moderate
2026-07-30T00:30:00Z,2026-07-30T01:00:00Z,15,177,high
2026-07-30T00:30:00Z,2026-07-30T01:00:00Z,16,2,very low
2026-07-30T00:30:00Z,2026-07-30T01:00:00Z,17,273,very high
2026-07-30T00:30:00Z,2026-07-30T01:00:00Z,18,175,high
2026-07-30T01:00:00Z,2026-07-30T01:30:00Z,1,0,very low
2026-07-30T01:00:00Z,2026-07-30T01:30:00Z,2,2,very low
2026-07-30T01:00:00Z,2026-07-30T01:30:00Z,3,41,low
2026-07-30T01:00:00Z,2026-07-30T01:30:00Z,4,23,very low
2026-07-30T01:00:00Z,2026-07-30T01:30:00Z,5,93,moderate
2026-07-30T01:00:00Z,2026-07-30T01:30:00Z,6,57,low
2026-07-30T01:00:00Z,2026-07-30T01:30:00Z,7,371,very high
2026-07-30T01:00:00Z,2026-07-30T01:30:00Z,8,158,moderate
2026-07-30T01:00:00Z,2026-07-30T01:30:00Z,9,238,very high
2026-07-30T01:00:00Z,2026-07-30T01:30:00Z,10,256,very high
2026-07-30T01:00:00Z,2026-07-30T01:30:00Z,11,373,very high
2026-07-30T01:00:00Z,2026-07-30T01:30:00Z,12,218,high
2026-07-30T01:00:00Z,2026-07-30T01:30:00Z,13,192,high
2026-07-30T01:00:00Z,2026-07-30T01:30:00Z,14,171,high
2026-07-30T01:00:00Z,2026-07-30T01:30:00Z,15,178,high
2026-07-30T01:00:00Z,2026-07-30T01:30:00Z,16,1,very low
2026-07-30T01:00:00Z,2026-07-30T01:30:00Z,17,280,very high
2026-07-30T01:00:00Z,2026-07-30T01:30:00Z,18,176,high
2026-07-30T01:30:00Z,2026-07-30T02:00:00Z,1,0,very low
2026-07-30T01:30:00Z,2026-07-30T02:00:00Z,2,2,very low
2026-07-30T01:30:00Z,2026-07-30T02:00:00Z,3,56,low
2026-07-30T01:30:00Z,2026-07-30T02:00:00Z,4,21,very low
2026-07-30T01:30:00Z,2026-07-30T02:00:00Z,5,91,moderate
2026-07-30T01:30:00Z,2026-07-30T02:00:00Z,6,55,low
2026-07-30T01:30:00Z,2026-07-30T02:00:00Z,7,369,very high
2026-07-30T01:30:00Z,2026-07-30T02:00:00Z,8,156,moderate
2026-07-30T01:30:00Z,2026-07-30T02:00:00Z,9,243,very high
2026-07-30T01:30:00Z,2026-07-30T02:00:00Z,10,223,high
2026-07-30T01:30:00Z,2026-07-30T02:00:00Z,11,371,very high
2026-07-30T01:30:00Z,2026-07-30T02:00:00Z,12,211,high
2026-07-30T01:30:00Z,2026-07-30T02:00:00Z,13,183,high
2026-07-30T01:30:00Z,2026-07-30T02:00:00Z,14,172,high
2026-07-30T01:30:00Z,2026-07-30T02:00:00Z,15,171,high
2026-07-30T01:30:00Z,2026-07-30T02:00:00Z,16,1,very low
2026-07-30T01:30:00Z,2026-07-30T02:00:00Z,17,275,very high
2026-07-30T01:30:00Z,2026-07-30T02:00:00Z,18,169,moderate
2026-07-30T02:00:00Z,2026-07-30T02:30:00Z,1,0,very low
2026-07-30T02:00:00Z,2026-07-30T02:30:00Z,2,1,very low
2026-07-30T02:00:00Z,2026-07-30T02:30:00Z,3,62,low
2026-07-30T02:00:00Z,2026-07-30T02:30:00Z,4,21,very low
2026-07-30T02:00:00Z,2026-07-30T02:30:00Z,5,90,moderate
2026-07-30T02:00:00Z,2026-07-30T02:30:00Z,6,61,low
2026-07-30T02:00:00Z,2026-07-30T02:30:00Z,7,367,very high
2026-07-30T02:00:00Z,2026-07-30T02:30:00Z,8,150,moderate
2026-07-30T02:00:00Z,2026-07-30T02:30:00Z,9,244,very high
2026-07-30T02:00:00Z,2026-07-30T02:30:00Z,10,219,high
2026-07-30T02:00:00Z,2026-07-30T02:30:00Z,11,370,very high
2026-07-30T02:00:00Z,2026-07-30T02:30:00Z,12,209,high
2026-07-30T02:00:00Z,2026-07-30T02:30:00Z,13,182,high
2026-07-30T02:00:00Z,2026-07-30T02:30:00Z,14,172,high
2026-07-30T02:00:00Z,2026-07-30T02:30:00Z,15,169,moderate
2026-07-30T02:00:00Z,2026-07-30T02:30:00Z,16,1,very low
2026-07-30T02:00:00Z,2026-07-30T02:30:00Z,17,288,very high
2026-07-30T02:00:00Z,2026-07-30T02:30:00Z,18,168,moderate
2026-07-30T02:30:00Z,2026-07-30T03:00:00Z,1,0,very low
2026-07-30T02:30:00Z,2026-07-30T03:00:00Z,2,1,very low
2026-07-30T02:30:00Z,2026-07-30T03:00:00Z,3,61,low
2026-07-30T02:30:00Z,2026-07-30T03:00:00Z,4,21,very low
2026-07-30T02:30:00Z,2026-07-30T03:00:00Z,5,87,low
2026-07-30T02:30:00Z,2026-07-30T03:00:00Z,6,64,low
2026-07-30T02:30:00Z,2026-07-30T03:00:00Z,7,368,very high
2026-07-30T02:30:00Z,2026-07-30T03:00:00Z,8,152,moderate
2026-07-30T02:30:00Z,2026-07-30T03:00:00Z,9,243,very high
2026-07-30T02:30:00Z,2026-07-30T03:00:00Z,10,232,very high
2026-07-30T02:30:00Z,2026-07-30T03:00:00Z,11,371,very high
2026-07-30T02:30:00Z,2026-07-30T03:00:00Z,12,217,high
2026-07-30T02:30:00Z,2026-07-30T03:00:00Z,13,192,high
2026-07-30T02:30:00Z,2026-07-30T03:00:00Z,14,179,high
2026-07-30T02:30:00Z,2026-07-30T03:00:00Z,15,173,high
2026-07-30T02:30:00Z,2026-07-30T03:00:00Z,16,0,very low
2026-07-30T02:30:00Z,2026-07-30T03:00:00Z,17,297,very high
2026-07-30T02:30:00Z,2026-07-30T03:00:00Z,18,172,high
2026-07-30T03:00:00Z,2026-07-30T03:30:00Z,1,0,very low
2026-07-30T03:00:00Z,2026-07-30T03:30:00Z,2,0,very low
2026-07-30T03:00:00Z,2026-07-30T03:30:00Z,3,48,low
2026-07-30T03:00:00Z,2026-07-30T03:30:00Z,4,20,very low
2026-07-30T03:00:00Z,2026-07-30T03:30:00Z,5,81,low
2026-07-30T03:00:00Z,2026-07-30T03:30:00Z,6,68,low
2026-07-30T03:00:00Z,2026-07-30T03:30:00Z,7,368,very high
2026-07-30T03:00:00Z,2026-07-30T03:30:00Z,8,144,moderate
2026-07-30T03:00:00Z,2026-07-30T03:30:00Z,9,238,very high
2026-07-30T03:00:00Z,2026-07-30T03:30:00Z,10,226,high
2026-07-30T03:00:00Z,2026-07-30T03:30:00Z,11,371,very high
2026-07-30T03:00:00Z,2026-07-30T03:30:00Z,12,216,high
2026-07-30T03:00:00Z,2026-07-30T03:30:00Z,13,195,high
2026-07-30T03:00:00Z,2026-07-30T03:30:00Z,14,183,high
2026-07-30T03:00:00Z,2026-07-30T03:30:00Z,15,170,high
2026-07-30T03:00:00Z,2026-07-30T03:30:00Z,16,0,very low
2026-07-30T03:00:00Z,2026-07-30T03:30:00Z,17,286,very high
2026-07-30T03:00:00Z,2026-07-30T03:30:00Z,18,168,moderate
2026-07-30T03:30:00Z,2026-07-30T04:00:00Z,1,0,very low
2026-07-30T03:30:00Z,2026-07-30T04:00:00Z,2,0,very low
2026-07-30T03:30:00Z,2026-07-30T04:00:00Z,3,56,low
2026-07-30T03:30:00Z,2026-07-30T04:00:00Z,4,19,very low
2026-07-30T03:30:00Z,2026-07-30T04:00:00Z,5,76,low
2026-07-30T03:30:00Z,2026-07-30T04:00:00Z,6,71,low
2026-07-30T03:30:00Z,2026-07-30T04:00:00Z,7,371,very high
2026-07-30T03:30:00Z,2026-07-30T04:00:00Z,8,144,moderate
2026-07-30T03:30:00Z,2026-07-30T04:00:00Z,9,230,very high
2026-07-30T03:30:00Z,2026-07-30T04:00:00Z,10,183,high
2026-07-30T03:30:00Z,2026-07-30T04:00:00Z,11,373,very high
2026-07-30T03:30:00Z,2026-07-30T04:00:00Z,12,224,high
2026-07-30T03:30:00Z,2026-07-30T04:00:00Z,13,195,high
2026-07-30T03:30:00Z,2026-07-30T04:00:00Z,14,194,high
2026-07-30T03:30:00Z,2026-07-30T04:00:00Z,15,166,moderate
2026-07-30T03:30:00Z,2026-07-30T04:00:00Z,16,0,very low
2026-07-30T03:30:00Z,2026-07-30T04:00:00Z,17,296,very high
2026-07-30T03:30:00Z,2026-07-30T04:00:00Z,18,165,moderate
2026-07-30T04:00:00Z,2026-07-30T04:30:00Z,1,0,very low
2026-07-30T04:00:00Z,2026-07-30T04:30:00Z,2,0,very low
2026-07-30T04:00:00Z,2026-07-30T04:30:00Z,3,49,low
2026-07-30T04:00:00Z,2026-07-30T04:30:00Z,4,18,very low
2026-07-30T04:00:00Z,2026-07-30T04:30:00Z,5,74,low
2026-07-30T04:00:00Z,2026-07-30T04:30:00Z,6,65,low
2026-07-30T04:00:00Z,2026-07-30T04:30:00Z,7,371,very high
2026-07-30T04:00:00Z,2026-07-30T04:30:00Z,8,139,moderate
2026-07-30T04:00:00Z,2026-07-30T04:30:00Z,9,224,high
2026-07-30T04:00:00Z,2026-07-30T04:30:00Z,10,185,high
2026-07-30T04:00:00Z,2026-07-30T04:30:00Z,11,372,very high
2026-07-30T04:00:00Z,2026-07-30T04:30:00Z,12,219,high
2026-07-30T04:00:00Z,2026-07-30T04:30:00Z,13,195,high
2026-07-30T04:00:00Z,2026-07-30T04:30:00Z,14,193,high
2026-07-30T04:00:00Z,2026-07-30T04:30:00Z,15,163,moderate
2026-07-30T04:00:00Z,2026-07-30T04:30:00Z,16,0,very low
2026-07-30T04:00:00Z,2026-07-30T04:30:00Z,17,295,very high
2026-07-30T04:00:00Z,2026-07-30T04:30:00Z,18,162,moderate
2026-07-30T04:30:00Z,2026-07-30T05:00:00Z,1,0,very low
2026-07-30T04:30:00Z,2026-07-30T05:00:00Z,2,0,very low
2026-07-30T04:30:00Z,2026-07-30T05:00:00Z,3,48,low
2026-07-30T04:30:00Z,2026-07-30T05:00:00Z,4,18,very low
2026-07-30T04:30:00Z,2026-07-30T05:00:00Z,5,71,low
2026-07-30T04:30:00Z,2026-07-30T05:00:00Z,6,68,low
2026-07-30T04:30:00Z,2026-07-30T05:00:00Z,7,372,very high
2026-07-30T04:30:00Z,2026-07-30T05:00:00Z,8,140,moderate
2026-07-30T04:30:00Z,2026-07-30T05:00:00Z,9,224,high
2026-07-30T04:30:00Z,2026-07-30T05:00:00Z,10,229,high
2026-07-30T04:30:00Z,2026-07-30T05:00:00Z,11,369,very high
2026-07-30T04:30:00Z,2026-07-30T05:00:00Z,12,218,high
2026-07-30T04:30:00Z,2026-07-30T05:00:00Z,13,210,high
2026-07-30T04:30:00Z,2026-07-30T05:00:00Z,14,201,high
2026-07-30T04:30:00Z,2026-07-30T05:00:00Z,15,170,high
2026-07-30T04:30:00Z,2026-07-30T05:00:00Z,16,0,very low
2026-07-30T04:30:00Z,2026-07-30T05:00:00Z,17,282,very high
2026-07-30T04:30:00Z,2026-07-30T05:00:00Z,18,168,moderate
2026-07-30T05:00:00Z,2026-07-30T05:30:00Z,1,0,very low
2026-07-30T05:00:00Z,2026-07-30T05:30:00Z,2,0,very low
2026-07-30T05:00:00Z,2026-07-30T05:30:00Z,3,51,low
2026-07-30T05:00:00Z,2026-07-30T05:30:00Z,4,18,very low
2026-07-30T05:00:00Z,2026-07-30T05:30:00Z,5,74,low
2026-07-30T05:00:00Z,2026-07-30T05:30:00Z,6,72,low
2026-07-30T05:00:00Z,2026-07-30T05:30:00Z,7,371,very high
2026-07-30T05:00:00Z,2026-07-30T05:30:00Z,8,146,moderate
2026-07-30T05:00:00Z,2026-07-30T05:30:00Z,9,223,high
2026-07-30T05:00:00Z,2026-07-30T05:30:00Z,10,235,very high
2026-07-30T05:00:00Z,2026-07-30T05:30:00Z,11,363,very high
2026-07-30T05:00:00Z,2026-07-30T05:30:00Z,12,212,high
2026-07-30T05:00:00Z,2026-07-30T05:30:00Z,13,206,high
2026-07-30T05:00:00Z,2026-07-30T05:30:00Z,14,198,high
2026-07-30T05:00:00Z,2026-07-30T05:30:00Z,15,169,moderate
2026-07-30T05:00:00Z,2026-07-30T05:30:00Z,16,0,very low
2026-07-30T05:00:00Z,2026-07-30T05:30:00Z,17,287,very high
2026-07-30T05:00:00Z,2026-07-30T05:30:00Z,18,168,moderate
2026-07-30T05:30:00Z,2026-07-30T06:00:00Z,1,0,very low
2026-07-30T05:30:00Z,2026-07-30T06:00:00Z,2,0,very low
2026-07-30T05:30:00Z,2026-07-30T06:00:00Z,3,54,low
2026-07-30T05:30:00Z,2026-07-30T06:00:00Z,4,18,very low
2026-07-30T05:30:00Z,2026-07-30T06:00:00Z,5,85,low
2026-07-30T05:30:00Z,2026-07-30T06:00:00Z,6,70,low
2026-07-30T05:30:00Z,2026-07-30T06:00:00Z,7,360,very high
2026-07-30T05:30:00Z,2026-07-30T06:00:00Z,8,139,moderate
2026-07-30T05:30:00Z,2026-07-30T06:00:00Z,9,231,very high
2026-07-30T05:30:00Z,2026-07-30T06:00:00Z,10,255,very high
2026-07-30T05:30:00Z,2026-07-30T06:00:00Z,11,335,very high
2026-07-30T05:30:00Z,2026-07-30T06:00:00Z,12,173,high
2026-07-30T05:30:00Z,2026-07-30T06:00:00Z,13,167,moderate
2026-07-30T05:30:00Z,2026-07-30T06:00:00Z,14,154,moderate
2026-07-30T05:30:00Z,2026-07-30T06:00:00Z,15,164,moderate
2026-07-30T05:30:00Z,2026-07-30T06:00:00Z,16,0,very low
2026-07-30T05:30:00Z,2026-07-30T06:00:00Z,17,260,very high
2026-07-30T05:30:00Z,2026-07-30T06:00:00Z,18,163,moderate
2026-07-30T06:00:00Z,2026-07-30T06:30:00Z,1,0,very low
2026-07-30T06:00:00Z,2026-07-30T06:30:00Z,2,0,very low
2026-07-30T06:00:00Z,2026-07-30T06:30:00Z,3,52,low
2026-07-30T06:00:00Z,2026-07-30T06:30:00Z,4,16,very low
2026-07-30T06:00:00Z,2026-07-30T06:30:00Z,5,81,low
2026-07-30T06:00:00Z,2026-07-30T06:30:00Z,6,66,low
2026-07-30T06:00:00Z,2026-07-30T06:30:00Z,7,352,very high
2026-07-30T06:00:00Z,2026-07-30T06:30:00Z,8,124,moderate
2026-07-30T06:00:00Z,2026-07-30T06:30:00Z,9,217,high
2026-07-30T06:00:00Z,2026-07-30T06:30:00Z,10,235,very high
2026-07-30T06:00:00Z,2026-07-30T06:30:00Z,11,296,very high
2026-07-30T06:00:00Z,2026-07-30T06:30:00Z,12,148,moderate
2026-07-30T06:00:00Z,2026-07-30T06:30:00Z,13,151,moderate
2026-07-30T06:00:00Z,2026-07-30T06:30:00Z,14,144,moderate
2026-07-30T06:00:00Z,2026-07-30T06:30:00Z,15,153,moderate
2026-07-30T06:00:00Z,2026-07-30T06:30:00Z,16,0,very low
2026-07-30T06:00:00Z,2026-07-30T06:30:00Z,17,224,high
2026-07-30T06:00:00Z,2026-07-30T06:30:00Z,18,150,moderate
2026-07-30T06:30:00Z,2026-07-30T07:00:00Z,1,0,very low
2026-07-30T06:30:00Z,2026-07-30T07:00:00Z,2,0,very low
2026-07-30T06:30:00Z,2026-07-30T07:00:00Z,3,51,low
2026-07-30T06:30:00Z,2026-07-30T07:00:00Z,4,15,very low
2026-07-30T06:30:00Z,2026-07-30T07:00:00Z,5,87,low
2026-07-30T06:30:00Z,2026-07-30T07:00:00Z,6,52,low
2026-07-30T06:30:00Z,2026-07-30T07:00:00Z,7,344,very high
2026-07-30T06:30:00Z,2026-07-30T07:00:00Z,8,96,moderate
2026-07-30T06:30:00Z,2026-07-30T07:00:00Z,9,202,high
2026-07-30T06:30:00Z,2026-07-30T07:00:00Z,10,211,high
2026-07-30T06:30:00Z,2026-07-30T07:00:00Z,11,244,very high
2026-07-30T06:30:00Z,2026-07-30T07:00:00Z,12,123,moderate
2026-07-30T06:30:00Z,2026-07-30T07:00:00Z,13,136,moderate
2026-07-30T06:30:00Z,2026-07-30T07:00:00Z,14,132,moderate
2026-07-30T06:30:00Z,2026-07-30T07:00:00Z,15,137,moderate
2026-07-30T06:30:00Z,2026-07-30T07:00:00Z,16,0,very low
2026-07-30T06:30:00Z,2026-07-30T07:00:00Z,17,205,high
2026-07-30T06:30:00Z,2026-07-30T07:00:00Z,18,134,moderate
2026-07-30T07:00:00Z,2026-07-30T07:30:00Z,1,0,very low
2026-07-30T07:00:00Z,2026-07-30T07:30:00Z,2,0,very low
2026-07-30T07:00:00Z,2026-07-30T07:30:00Z,3,45,low
2026-07-30T07:00:00Z,2026-07-30T07:30:00Z,4,15,very low
2026-07-30T07:00:00Z,2026-07-30T07:30:00Z,5,82,low
2026-07-30T07:00:00Z,2026-07-30T07:30:00Z,6,35,low
2026-07-30T07:00:00Z,2026-07-30T07:30:00Z,7,330,very high
2026-07-30T07:00:00Z,2026-07-30T07:30:00Z,8,75,low
2026-07-30T07:00:00Z,2026-07-30T07:30:00Z,9,187,high
2026-07-30T07:00:00Z,2026-07-30T07:30:00Z,10,194,high
2026-07-30T07:00:00Z,2026-07-30T07:30:00Z,11,219,high
2026-07-30T07:00:00Z,2026-07-30T07:30:00Z,12,119,moderate
2026-07-30T07:00:00Z,2026-07-30T07:30:00Z,13,134,moderate
2026-07-30T07:00:00Z,2026-07-30T07:30:00Z,14,135,moderate
2026-07-30T07:00:00Z,2026-07-30T07:30:00Z,15,126,moderate
2026-07-30T07:00:00Z,2026-07-30T07:30:00Z,16,0,very low
2026-07-30T07:00:00Z,2026-07-30T07:30:00Z,17,180,high
2026-07-30T07:00:00Z,2026-07-30T07:30:00Z,18,123,moderate
2026-07-30T07:30:00Z,2026-07-30T08:00:00Z,1,0,very low
2026-07-30T07:30:00Z,2026-07-30T08:00:00Z,2,0,very low
2026-07-30T07:30:00Z,2026-07-30T08:00:00Z,3,34,low
2026-07-30T07:30:00Z,2026-07-30T08:00:00Z,4,15,very low
2026-07-30T07:30:00Z,2026-07-30T08:00:00Z,5,84,low
2026-07-30T07:30:00Z,2026-07-30T08:00:00Z,6,28,low
2026-07-30T07:30:00Z,2026-07-30T08:00:00Z,7,318,very high
2026-07-30T07:30:00Z,2026-07-30T08:00:00Z,8,51,low
2026-07-30T07:30:00Z,2026-07-30T08:00:00Z,9,172,high
2026-07-30T07:30:00Z,2026-07-30T08:00:00Z,10,176,high
2026-07-30T07:30:00Z,2026-07-30T08:00:00Z,11,186,high
2026-07-30T07:30:00Z,2026-07-30T08:00:00Z,12,99,moderate
2026-07-30T07:30:00Z,2026-07-30T08:00:00Z,13,123,moderate
2026-07-30T07:30:00Z,2026-07-30T08:00:00Z,14,124,moderate
2026-07-30T07:30:00Z,2026-07-30T08:00:00Z,15,113,moderate
2026-07-30T07:30:00Z,2026-07-30T08:00:00Z,16,0,very low
2026-07-30T07:30:00Z,2026-07-30T08:00:00Z,17,155,moderate
2026-07-30T07:30:00Z,2026-07-30T08:00:00Z,18,109,moderate
2026-07-30T08:00:00Z,2026-07-30T08:30:00Z,1,0,very low
2026-07-30T08:00:00Z,2026-07-30T08:30:00Z,2,0,very low
2026-07-30T08:00:00Z,2026-07-30T08:30:00Z,3,34,low
2026-07-30T08:00:00Z,2026-07-30T08:30:00Z,4,16,very low
2026-07-30T08:00:00Z,2026-07-30T08:30:00Z,5,77,low
2026-07-30T08:00:00Z,2026-07-30T08:30:00Z,6,25,low
2026-07-30T08:00:00Z,2026-07-30T08:30:00Z,7,322,very high
2026-07-30T08:00:00Z,2026-07-30T08:30:00Z,8,44,low
2026-07-30T08:00:00Z,2026-07-30T08:30:00Z,9,156,moderate
2026-07-30T08:00:00Z,2026-07-30T08:30:00Z,10,163,moderate
2026-07-30T08:00:00Z,2026-07-30T08:30:00Z,11,161,moderate
2026-07-30T08:00:00Z,2026-07-30T08:30:00Z,12,83,low
2026-07-30T08:00:00Z,2026-07-30T08:30:00Z,13,116,moderate
2026-07-30T08:00:00Z,2026-07-30T08:30:00Z,14,116,moderate
2026-07-30T08:00:00Z,2026-07-30T08:30:00Z,15,105,moderate
2026-07-30T08:00:00Z,2026-07-30T08:30:00Z,16,0,very low
2026-07-30T08:00:00Z,2026-07-30T08:30:00Z,17,140,moderate
2026-07-30T08:00:00Z,2026-07-30T08:30:00Z,18,100,moderate
2026-07-30T08:30:00Z,2026-07-30T09:00:00Z,1,0,very low
2026-07-30T08:30:00Z,2026-07-30T09:00:00Z,2,0,very low
2026-07-30T08:30:00Z,2026-07-30T09:00:00Z,3,30,low
2026-07-30T08:30:00Z,2026-07-30T09:00:00Z,4,15,very low
2026-07-30T08:30:00Z,2026-07-30T09:00:00Z,5,75,low
2026-07-30T08:30:00Z,2026-07-30T09:00:00Z,6,24,very low
2026-07-30T08:30:00Z,2026-07-30T09:00:00Z,7,307,very high
2026-07-30T08:30:00Z,2026-07-30T09:00:00Z,8,39,low
2026-07-30T08:30:00Z,2026-07-30T09:00:00Z,9,152,moderate
2026-07-30T08:30:00Z,2026-07-30T09:00:00Z,10,172,high
2026-07-30T08:30:00Z,2026-07-30T09:00:00Z,11,159,moderate
2026-07-30T08:30:00Z,2026-07-30T09:00:00Z,12,72,low
2026-07-30T08:30:00Z,2026-07-30T09:00:00Z,13,113,moderate
2026-07-30T08:30:00Z,2026-07-30T09:00:00Z,14,116,moderate
2026-07-30T08:30:00Z,2026-07-30T09:00:00Z,15,103,moderate
2026-07-30T08:30:00Z,2026-07-30T09:00:00Z,16,0,very low
2026-07-30T08:30:00Z,2026-07-30T09:00:00Z,17,134,moderate
2026-07-30T08:30:00Z,2026-07-30T09:00:00Z,18,98,moderate
2026-07-30T09:00:00Z,2026-07-30T09:30:00Z,1,0,very low
2026-07-30T09:00:00Z,2026-07-30T09:30:00Z,2,0,very low
2026-07-30T09:00:00Z,2026-07-30T09:30:00Z,3,28,low
2026-07-30T09:00:00Z,2026-07-30T09:30:00Z,4,15,very low
2026-07-30T09:00:00Z,2026-07-30T09:30:00Z,5,67,low
2026-07-30T09:00:00Z,2026-07-30T09:30:00Z,6,22,very low
2026-07-30T09:00:00Z,2026-07-30T09:30:00Z,7,306,very high
2026-07-30T09:00:00Z,2026-07-30T09:30:00Z,8,40,low
2026-07-30T09:00:00Z,2026-07-30T09:30:00Z,9,151,moderate
2026-07-30T09:00:00Z,2026-07-30T09:30:00Z,10,167,moderate
2026-07-30T09:00:00Z,2026-07-30T09:30:00Z,11,171,high
2026-07-30T09:00:00Z,2026-07-30T09:30:00Z,12,71,low
2026-07-30T09:00:00Z,2026-07-30T09:30:00Z,13,102,moderate
2026-07-30T09:00:00Z,2026-07-30T09:30:00Z,14,103,moderate
2026-07-30T09:00:00Z,2026-07-30T09:30:00Z,15,100,moderate
2026-07-30T09:00:00Z,2026-07-30T09:30:00Z,16,0,very low
2026-07-30T09:00:00Z,2026-07-30T09:30:00Z,17,137,moderate
2026-07-30T09:00:00Z,2026-07-30T09:30:00Z,18,95,moderate
2026-07-30T09:30:00Z,2026-07-30T10:00:00Z,1,0,very low
2026-07-30T09:30:00Z,2026-07-30T10:00:00Z,2,0,very low
2026-07-30T09:30:00Z,2026-07-30T10:00:00Z,3,27,low
2026-07-30T09:30:00Z,2026-07-30T10:00:00Z,4,14,very low
2026-07-30T09:30:00Z,2026-07-30T10:00:00Z,5,66,low
2026-07-30T09:30:00Z,2026-07-30T10:00:00Z,6,23,very low
2026-07-30T09:30:00Z,2026-07-30T10:00:00Z,7,294,very high
2026-07-30T09:30:00Z,2026-07-30T10:00:00Z,8,39,low
2026-07-30T09:30:00Z,2026-07-30T10:00:00Z,9,129,moderate
2026-07-30T09:30:00Z,2026-07-30T10:00:00Z,10,161,moderate
2026-07-30T09:30:00Z,2026-07-30T10:00:00Z,11,171,high
2026-07-30T09:30:00Z,2026-07-30T10:00:00Z,12,66,low
2026-07-30T09:30:00Z,2026-07-30T10:00:00Z,13,101,moderate
2026-07-30T09:30:00Z,2026-07-30T10:00:00Z,14,103,moderate
2026-07-30T09:30:00Z,2026-07-30T10:00:00Z,15,95,moderate
2026-07-30T09:30:00Z,2026-07-30T10:00:00Z,16,0,very low
2026-07-30T09:30:00Z,2026-07-30T10:00:00Z,17,119,moderate
2026-07-30T09:30:00Z,2026-07-30T10:00:00Z,18,90,moderate
2026-07-30T10:00:00Z,2026-07-30T10:30:00Z,1,0,very low
2026-07-30T10:00:00Z,2026-07-30T10:30:00Z,2,0,very low
2026-07-30T10:00:00Z,2026-07-30T10:30:00Z,3,26,low
2026-07-30T10:00:00Z,2026-07-30T10:30:00Z,4,14,very low
2026-07-30T10:00:00Z,2026-07-30T10:30:00Z,5,63,low
2026-07-30T10:00:00Z,2026-07-30T10:30:00Z,6,12,very low
2026-07-30T10:00:00Z,2026-07-30T10:30:00Z,7,276,very high
2026-07-30T10:00:00Z,2026-07-30T10:30:00Z,8,29,low
2026-07-30T10:00:00Z,2026-07-30T10:30:00Z,9,132,moderate
2026-07-30T10:00:00Z,2026-07-30T10:30:00Z,10,163,moderate
2026-07-30T10:00:00Z,2026-07-30T10:30:00Z,11,173,high
2026-07-30T10:00:00Z,2026-07-30T10:30:00Z,12,71,low
2026-07-30T10:00:00Z,2026-07-30T10:30:00Z,13,105,moderate
2026-07-30T10:00:00Z,2026-07-30T10:30:00Z,14,107,moderate
2026-07-30T10:00:00Z,2026-07-30T10:30:00Z,15,94,moderate
2026-07-30T10:00:00Z,2026-07-30T10:30:00Z,16,0,very low
2026-07-30T10:00:00Z,2026-07-30T10:30:00Z,17,133,moderate
2026-07-30T10:00:00Z,2026-07-30T10:30:00Z,18,89,low
2026-07-30T10:30:00Z,2026-07-30T11:00:00Z,1,0,very low
2026-07-30T10:30:00Z,2026-07-30T11:00:00Z,2,0,very low
2026-07-30T10:30:00Z,2026-07-30T11:00:00Z,3,33,low
2026-07-30T10:30:00Z,2026-07-30T11:00:00Z,4,14,very low
2026-07-30T10:30:00Z,2026-07-30T11:00:00Z,5,62,low
2026-07-30T10:30:00Z,2026-07-30T11:00:00Z,6,21,very low
2026-07-30T10:30:00Z,2026-07-30T11:00:00Z,7,258,very high
2026-07-30T10:30:00Z,2026-07-30T11:00:00Z,8,32,low
2026-07-30T10:30:00Z,2026-07-30T11:00:00Z,9,124,moderate
2026-07-30T10:30:00Z,2026-07-30T11:00:00Z,10,163,moderate
2026-07-30T10:30:00Z,2026-07-30T11:00:00Z,11,196,high
2026-07-30T10:30:00Z,2026-07-30T11:00:00Z,12,72,low
2026-07-30T10:30:00Z,2026-07-30T11:00:00Z,13,107,moderate
2026-07-30T10:30:00Z,2026-07-30T11:00:00Z,14,109,moderate
2026-07-30T10:30:00Z,2026-07-30T11:00:00Z,15,95,moderate
2026-07-30T10:30:00Z,2026-07-30T11:00:00Z,16,0,very low
2026-07-30T10:30:00Z,2026-07-30T11:00:00Z,17,118,moderate
2026-07-30T10:30:00Z,2026-07-30T11:00:00Z,18,89,low
2026-07-30T11:00:00Z,2026-07-30T11:30:00Z,1,0,very low
2026-07-30T11:00:00Z,2026-07-30T11:30:00Z,2,0,very low
2026-07-30T11:00:00Z,2026-07-30T11:30:00Z,3,33,low
2026-07-30T11:00:00Z,2026-07-30T11:30:00Z,4,14,very low
2026-07-30T11:00:00Z,2026-07-30T11:30:00Z,5,60,low
2026-07-30T11:00:00Z,2026-07-30T11:30:00Z,6,21,very low
2026-07-30T11:00:00Z,2026-07-30T11:30:00Z,7,242,very high
2026-07-30T11:00:00Z,2026-07-30T11:30:00Z,8,29,low
2026-07-30T11:00:00Z,2026-07-30T11:30:00Z,9,112,moderate
2026-07-30T11:00:00Z,2026-07-30T11:30:00Z,10,165,moderate
2026-07-30T11:00:00Z,2026-07-30T11:30:00Z,11,211,high
2026-07-30T11:00:00Z,2026-07-30T11:30:00Z,12,67,low
2026-07-30T11:00:00Z,2026-07-30T11:30:00Z,13,117,moderate
2026-07-30T11:00:00Z,2026-07-30T11:30:00Z,14,123,moderate
2026-07-30T11:00:00Z,2026-07-30T11:30:00Z,15,93,moderate
2026-07-30T11:00:00Z,2026-07-30T11:30:00Z,16,0,very low
2026-07-30T11:00:00Z,2026-07-30T11:30:00Z,17,119,moderate
2026-07-30T11:00:00Z,2026-07-30T11:30:00Z,18,88,low
2026-07-30T11:30:00Z,2026-07-30T12:00:00Z,1,0,very low
2026-07-30T11:30:00Z,2026-07-30T12:00:00Z,2,0,very low
2026-07-30T11:30:00Z,2026-07-30T12:00:00Z,3,38,low
2026-07-30T11:30:00Z,2026-07-30T12:00:00Z,4,13,very low
2026-07-30T11:30:00Z,2026-07-30T12:00:00Z,5,60,low
2026-07-30T11:30:00Z,2026-07-30T12:00:00Z,6,22,very low
2026-07-30T11:30:00Z,2026-07-30T12:00:00Z,7,245,very high
2026-07-30T11:30:00Z,2026-07-30T12:00:00Z,8,30,low
2026-07-30T11:30:00Z,2026-07-30T12:00:00Z,9,112,moderate
2026-07-30T11:30:00Z,2026-07-30T12:00:00Z,10,164,moderate
2026-07-30T11:30:00Z,2026-07-30T12:00:00Z,11,219,high
2026-07-30T11:30:00Z,2026-07-30T12:00:00Z,12,64,low
2026-07-30T11:30:00Z,2026-07-30T12:00:00Z,13,104,moderate
2026-07-30T11:30:00Z,2026-07-30T12:00:00Z,14,105,moderate
2026-07-30T11:30:00Z,2026-07-30T12:00:00Z,15,93,moderate
2026-07-30T11:30:00Z,2026-07-30T12:00:00Z,16,0,very low
2026-07-30T11:30:00Z,2026-07-30T12:00:00Z,17,116,moderate
2026-07-30T11:30:00Z,2026-07-30T12:00:00Z,18,86,low
2026-07-30T12:00:00Z,2026-07-30T12:30:00Z,1,0,very low
2026-07-30T12:00:00Z,2026-07-30T12:30:00Z,2,0,very low
2026-07-30T12:00:00Z,2026-07-30T12:30:00Z,3,44,low
2026-07-30T12:00:00Z,2026-07-30T12:30:00Z,4,13,very low
2026-07-30T12:00:00Z,2026-07-30T12:30:00Z,5,60,low
2026-07-30T12:00:00Z,2026-07-30T12:30:00Z,6,26,low
2026-07-30T12:00:00Z,2026-07-30T12:30:00Z,7,222,high
2026-07-30T12:00:00Z,2026-07-30T12:30:00Z,8,34,low
2026-07-30T12:00:00Z,2026-07-30T12:30:00Z,9,116,moderate
2026-07-30T12:00:00Z,2026-07-30T12:30:00Z,10,165,moderate
2026-07-30T12:00:00Z,2026-07-30T12:30:00Z,11,233,very high
2026-07-30T12:00:00Z,2026-07-30T12:30:00Z,12,75,low
2026-07-30T12:00:00Z,2026-07-30T12:30:00Z,13,89,low
2026-07-30T12:00:00Z,2026-07-30T12:30:00Z,14,75,low
2026-07-30T12:00:00Z,2026-07-30T12:30:00Z,15,94,moderate
2026-07-30T12:00:00Z,2026-07-30T12:30:00Z,16,0,very low
2026-07-30T12:00:00Z,2026-07-30T12:30:00Z,17,117,moderate
2026-07-30T12:00:00Z,2026-07-30T12:30:00Z,18,87,low
2026-07-30T12:30:00Z,2026-07-30T13:00:00Z,1,0,very low
2026-07-30T12:30:00Z,2026-07-30T13:00:00Z,2,0,very low
2026-07-30T12:30:00Z,2026-07-30T13:00:00Z,3,46,low
2026-07-30T12:30:00Z,2026-07-30T13:00:00Z,4,14,very low
2026-07-30T12:30:00Z,2026-07-30T13:00:00Z,5,60,low
2026-07-30T12:30:00Z,2026-07-30T13:00:00Z,6,30,low
2026-07-30T12:30:00Z,2026-07-30T13:00:00Z,7,220,high
2026-07-30T12:30:00Z,2026-07-30T13:00:00Z,8,36,low
2026-07-30T12:30:00Z,2026-07-30T13:00:00Z,9,118,moderate
2026-07-30T12:30:00Z,2026-07-30T13:00:00Z,10,166,moderate
2026-07-30T12:30:00Z,2026-07-30T13:00:00Z,11,244,very high
2026-07-30T12:30:00Z,2026-07-30T13:00:00Z,12,77,low
2026-07-30T12:30:00Z,2026-07-30T13:00:00Z,13,86,low
2026-07-30T12:30:00Z,2026-07-30T13:00:00Z,14,68,low
2026-07-30T12:30:00Z,2026-07-30T13:00:00Z,15,97,moderate
2026-07-30T12:30:00Z,2026-07-30T13:00:00Z,16,0,very low
2026-07-30T12:30:00Z,2026-07-30T13:00:00Z,17,106,moderate
2026-07-30T12:30:00Z,2026-07-30T13:00:00Z,18,90,moderate
2026-07-30T13:00:00Z,2026-07-30T13:30:00Z,1,0,very low
2026-07-30T13:00:00Z,2026-07-30T13:30:00Z,2,0,very low
2026-07-30T13:00:00Z,2026-07-30T13:30:00Z,3,58,low
2026-07-30T13:00:00Z,2026-07-30T13:30:00Z,4,15,very low
2026-07-30T13:00:00Z,2026-07-30T13:30:00Z,5,59,low
2026-07-30T13:00:00Z,2026-07-30T13:30:00Z,6,44,low
2026-07-30T13:00:00Z,2026-07-30T13:30:00Z,7,167,moderate
2026-07-30T13:00:00Z,2026-07-30T13:30:00Z,8,47,low
2026-07-30T13:00:00Z,2026-07-30T13:30:00Z,9,130,moderate
2026-07-30T13:00:00Z,2026-07-30T13:30:00Z,10,172,high
2026-07-30T13:00:00Z,2026-07-30T13:30:00Z,11,253,very high
2026-07-30T13:00:00Z,2026-07-30T13:30:00Z,12,85,low
2026-07-30T13:00:00Z,2026-07-30T13:30:00Z,13,93,moderate
2026-07-30T13:00:00Z,2026-07-30T13:30:00Z,14,67,low
2026-07-30T13:00:00Z,2026-07-30T13:30:00Z,15,102,moderate
2026-07-30T13:00:00Z,2026-07-30T13:30:00Z,16,0,very low
2026-07-30T13:00:00Z,2026-07-30T13:30:00Z,17,108,moderate
2026-07-30T13:00:00Z,2026-07-30T13:30:00Z,18,94,moderate
2026-07-30T13:30:00Z,2026-07-30T14:00:00Z,1,0,very low
2026-07-30T13:30:00Z,2026-07-30T14:00:00Z,2,0,very low
2026-07-30T13:30:00Z,2026-07-30T14:00:00Z,3,63,low
2026-07-30T13:30:00Z,2026-07-30T14:00:00Z,4,16,very low
2026-07-30T13:30:00Z,2026-07-30T14:00:00Z,5,61,low
2026-07-30T13:30:00Z,2026-07-30T14:00:00Z,6,49,low
2026-07-30T13:30:00Z,2026-07-30T14:00:00Z,7,174,high
2026-07-30T13:30:00Z,2026-07-30T14:00:00Z,8,51,low
2026-07-30T13:30:00Z,2026-07-30T14:00:00Z,9,147,moderate
2026-07-30T13:30:00Z,2026-07-30T14:00:00Z,10,124,moderate
2026-07-30T13:30:00Z,2026-07-30T14:00:00Z,11,249,very high
2026-07-30T13:30:00Z,2026-07-30T14:00:00Z,12,91,moderate
2026-07-30T13:30:00Z,2026-07-30T14:00:00Z,13,85,low
2026-07-30T13:30:00Z,2026-07-30T14:00:00Z,14,65,low
2026-07-30T13:30:00Z,2026-07-30T14:00:00Z,15,98,moderate
2026-07-30T13:30:00Z,2026-07-30T14:00:00Z,16,0,very low
2026-07-30T13:30:00Z,2026-07-30T14:00:00Z,17,112,moderate
2026-07-30T13:30:00Z,2026-07-30T14:00:00Z,18,90,moderate
2026-07-30T14:00:00Z,2026-07-30T14:30:00Z,1,0,very low
2026-07-30T14:00:00Z,2026-07-30T14:30:00Z,2,0,very low
2026-07-30T14:00:00Z,2026-07-30T14:30:00Z,3,63,low
2026-07-30T14:00:00Z,2026-07-30T14:30:00Z,4,16,very low
2026-07-30T14:00:00Z,2026-07-30T14:30:00Z,5,63,low
2026-07-30T14:00:00Z,2026-07-30T14:30:00Z,6,54,low
2026-07-30T14:00:00Z,2026-07-30T14:30:00Z,7,161,moderate
2026-07-30T14:00:00Z,2026-07-30T14:30:00Z,8,56,low
2026-07-30T14:00:00Z,2026-07-30T14:30:00Z,9,179,high
2026-07-30T14:00:00Z,2026-07-30T14:30:00Z,10,137,moderate
2026-07-30T14:00:00Z,2026-07-30T14:30:00Z,11,241,very high
2026-07-30T14:00:00Z,2026-07-30T14:30:00Z,12,97,moderate
2026-07-30T14:00:00Z,2026-07-30T14:30:00Z,13,95,moderate
2026-07-30T14:00:00Z,2026-07-30T14:30:00Z,14,72,low
2026-07-30T14:00:00Z,2026-07-30T14:30:00Z,15,105,moderate
2026-07-30T14:00:00Z,2026-07-30T14:30:00Z,16,0,very low
2026-07-30T14:00:00Z,2026-07-30T14:30:00Z,17,130,moderate
2026-07-30T14:00:00Z,2026-07-30T14:30:00Z,18,98,moderate
2026-07-30T14:30:00Z,2026-07-30T15:00:00Z,1,0,very low
2026-07-30T14:30:00Z,2026-07-30T15:00:00Z,2,0,very low
2026-07-30T14:30:00Z,2026-07-30T15:00:00Z,3,69,low
2026-07-30T14:30:00Z,2026-07-30T15:00:00Z,4,17,very low
2026-07-30T14:30:00Z,2026-07-30T15:00:00Z,5,64,low
2026-07-30T14:30:00Z,2026-07-30T15:00:00Z,6,47,low
2026-07-30T14:30:00Z,2026-07-30T15:00:00Z,7,247,very high
2026-07-30T14:30:00Z,2026-07-30T15:00:00Z,8,60,low
2026-07-30T14:30:00Z,2026-07-30T15:00:00Z,9,186,high
2026-07-30T14:30:00Z,2026-07-30T15:00:00Z,10,132,moderate
2026-07-30T14:30:00Z,2026-07-30T15:00:00Z,11,247,very high
2026-07-30T14:30:00Z,2026-07-30T15:00:00Z,12,102,moderate
2026-07-30T14:30:00Z,2026-07-30T15:00:00Z,13,91,moderate
2026-07-30T14:30:00Z,2026-07-30T15:00:00Z,14,63,low
2026-07-30T14:30:00Z,2026-07-30T15:00:00Z,15,110,moderate
2026-07-30T14:30:00Z,2026-07-30T15:00:00Z,16,0,very low
2026-07-30T14:30:00Z,2026-07-30T15:00:00Z,17,155,moderate
2026-07-30T14:30:00Z,2026-07-30T15:00:00Z,18,104,moderate
2026-07-30T15:00:00Z,2026-07-30T15:30:00Z,1,0,very low
2026-07-30T15:00:00Z,2026-07-30T15:30:00Z,2,0,very low
2026-07-30T15:00:00Z,2026-07-30T15:30:00Z,3,76,low
2026-07-30T15:00:00Z,2026-07-30T15:30:00Z,4,16,very low
2026-07-30T15:00:00Z,2026-07-30T15:30:00Z,5,67,low
2026-07-30T15:00:00Z,2026-07-30T15:30:00Z,6,41,low
2026-07-30T15:00:00Z,2026-07-30T15:30:00Z,7,265,very high
2026-07-30T15:00:00Z,2026-07-30T15:30:00Z,8,65,low
2026-07-30T15:00:00Z,2026-07-30T15:30:00Z,9,200,high
2026-07-30T15:00:00Z,2026-07-30T15:30:00Z,10,149,moderate
2026-07-30T15:00:00Z,2026-07-30T15:30:00Z,11,265,very high
2026-07-30T15:00:00Z,2026-07-30T15:30:00Z,12,135,moderate
2026-07-30T15:00:00Z,2026-07-30T15:30:00Z,13,105,moderate
2026-07-30T15:00:00Z,2026-07-30T15:30:00Z,14,63,low
2026-07-30T15:00:00Z,2026-07-30T15:30:00Z,15,126,moderate
2026-07-30T15:00:00Z,2026-07-30T15:30:00Z,16,0,very low
2026-07-30T15:00:00Z,2026-07-30T15:30:00Z,17,162,moderate
2026-07-30T15:00:00Z,2026-07-30T15:30:00Z,18,117,moderate
2026-07-30T15:30:00Z,2026-07-30T16:00:00Z,1,0,very low
2026-07-30T15:30:00Z,2026-07-30T16:00:00Z,2,0,very low
2026-07-30T15:30:00Z,2026-07-30T16:00:00Z,3,84,low
2026-07-30T15:30:00Z,2026-07-30T16:00:00Z,4,14,very low
2026-07-30T15:30:00Z,2026-07-30T16:00:00Z,5,69,low
2026-07-30T15:30:00Z,2026-07-30T16:00:00Z,6,44,low
2026-07-30T15:30:00Z,2026-07-30T16:00:00Z,7,286,very high
2026-07-30T15:30:00Z,2026-07-30T16:00:00Z,8,79,low
2026-07-30T15:30:00Z,2026-07-30T16:00:00Z,9,207,high
2026-07-30T15:30:00Z,2026-07-30T16:00:00Z,10,161,moderate
2026-07-30T15:30:00Z,2026-07-30T16:00:00Z,11,284,very high
2026-07-30T15:30:00Z,2026-07-30T16:00:00Z,12,153,moderate
2026-07-30T15:30:00Z,2026-07-30T16:00:00Z,13,124,moderate
2026-07-30T15:30:00Z,2026-07-30T16:00:00Z,14,82,low
2026-07-30T15:30:00Z,2026-07-30T16:00:00Z,15,138,moderate
2026-07-30T15:30:00Z,2026-07-30T16:00:00Z,16,0,very low
2026-07-30T15:30:00Z,2026-07-30T16:00:00Z,17,175,high
2026-07-30T15:30:00Z,2026-07-30T16:00:00Z,18,129,moderate
2026-07-30T16:00:00Z,2026-07-30T16:30:00Z,1,0,very low
2026-07-30T16:00:00Z,2026-07-30T16:30:00Z,2,0,very low
2026-07-30T16:00:00Z,2026-07-30T16:30:00Z,3,98,moderate
2026-07-30T16:00:00Z,2026-07-30T16:30:00Z,4,13,very low
2026-07-30T16:00:00Z,2026-07-30T16:30:00Z,5,72,low
2026-07-30T16:00:00Z,2026-07-30T16:30:00Z,6,54,low
2026-07-30T16:00:00Z,2026-07-30T16:30:00Z,7,336,very high
2026-07-30T16:00:00Z,2026-07-30T16:30:00Z,8,138,moderate
2026-07-30T16:00:00Z,2026-07-30T16:30:00Z,9,207,high
2026-07-30T16:00:00Z,2026-07-30T16:30:00Z,10,171,high
2026-07-30T16:00:00Z,2026-07-30T16:30:00Z,11,293,very high
2026-07-30T16:00:00Z,2026-07-30T16:30:00Z,12,178,high
2026-07-30T16:00:00Z,2026-07-30T16:30:00Z,13,142,moderate
2026-07-30T16:00:00Z,2026-07-30T16:30:00Z,14,98,moderate
2026-07-30T16:00:00Z,2026-07-30T16:30:00Z,15,157,moderate
2026-07-30T16:00:00Z,2026-07-30T16:30:00Z,16,0,very low
2026-07-30T16:00:00Z,2026-07-30T16:30:00Z,17,210,high
2026-07-30T16:00:00Z,2026-07-30T16:30:00Z,18,147,moderate
2026-07-30T16:30:00Z,2026-07-30T17:00:00Z,1,0,very low
2026-07-30T16:30:00Z,2026-07-30T17:00:00Z,2,0,very low
2026-07-30T16:30:00Z,2026-07-30T17:00:00Z,3,85,low
2026-07-30T16:30:00Z,2026-07-30T17:00:00Z,4,13,very low
2026-07-30T16:30:00Z,2026-07-30T17:00:00Z,5,69,low
2026-07-30T16:30:00Z,2026-07-30T17:00:00Z,6,77,low
2026-07-30T16:30:00Z,2026-07-30T17:00:00Z,7,333,very high
2026-07-30T16:30:00Z,2026-07-30T17:00:00Z,8,137,moderate
2026-07-30T16:30:00Z,2026-07-30T17:00:00Z,9,238,very high
2026-07-30T16:30:00Z,2026-07-30T17:00:00Z,10,194,high
2026-07-30T16:30:00Z,2026-07-30T17:00:00Z,11,288,very high
2026-07-30T16:30:00Z,2026-07-30T17:00:00Z,12,204,high
2026-07-30T16:30:00Z,2026-07-30T17:00:00Z,13,195,high
2026-07-30T16:30:00Z,2026-07-30T17:00:00Z,14,191,high
2026-07-30T16:30:00Z,2026-07-30T17:00:00Z,15,172,high
2026-07-30T16:30:00Z,2026-07-30T17:00:00Z,16,0,very low
2026-07-30T16:30:00Z,2026-07-30T17:00:00Z,17,249,very high
2026-07-30T16:30:00Z,2026-07-30T17:00:00Z,18,162,moderate
2026-07-30T17:00:00Z,2026-07-30T17:30:00Z,1,0,very low
2026-07-30T17:00:00Z,2026-07-30T17:30:00Z,2,0,very low
2026-07-30T17:00:00Z,2026-07-30T17:30:00Z,3,87,low
2026-07-30T17:00:00Z,2026-07-30T17:30:00Z,4,13,very low
2026-07-30T17:00:00Z,2026-07-30T17:30:00Z,5,77,low
2026-07-30T17:00:00Z,2026-07-30T17:30:00Z,6,93,moderate
2026-07-30T17:00:00Z,2026-07-30T17:30:00Z,7,342,very high
2026-07-30T17:00:00Z,2026-07-30T17:30:00Z,8,154,moderate
2026-07-30T17:00:00Z,2026-07-30T17:30:00Z,9,253,very high
2026-07-30T17:00:00Z,2026-07-30T17:30:00Z,10,212,high
2026-07-30T17:00:00Z,2026-07-30T17:30:00Z,11,282,very high
2026-07-30T17:00:00Z,2026-07-30T17:30:00Z,12,212,high
2026-07-30T17:00:00Z,2026-07-30T17:30:00Z,13,219,high
2026-07-30T17:00:00Z,2026-07-30T17:30:00Z,14,228,high
2026-07-30T17:00:00Z,2026-07-30T17:30:00Z,15,181,high
2026-07-30T17:00:00Z,2026-07-30T17:30:00Z,16,0,very low
2026-07-30T17:00:00Z,2026-07-30T17:30:00Z,17,262,very high
2026-07-30T17:00:00Z,2026-07-30T17:30:00Z,18,171,high
2026-07-30T17:30:00Z,2026-07-30T18:00:00Z,1,0,very low
2026-07-30T17:30:00Z,2026-07-30T18:00:00Z,2,0,very low
2026-07-30T17:30:00Z,2026-07-30T18:00:00Z,3,85,low
2026-07-30T17:30:00Z,2026-07-30T18:00:00Z,4,14,very low
2026-07-30T17:30:00Z,2026-07-30T18:00:00Z,5,77,low
2026-07-30T17:30:00Z,2026-07-30T18:00:00Z,6,101,moderate
2026-07-30T17:30:00Z,2026-07-30T18:00:00Z,7,354,very high
2026-07-30T17:30:00Z,2026-07-30T18:00:00Z,8,169,moderate
2026-07-30T17:30:00Z,2026-07-30T18:00:00Z,9,249,very high
2026-07-30T17:30:00Z,2026-07-30T18:00:00Z,10,215,high
2026-07-30T17:30:00Z,2026-07-30T18:00:00Z,11,301,very high
2026-07-30T17:30:00Z,2026-07-30T18:00:00Z,12,213,high
2026-07-30T17:30:00Z,2026-07-30T18:00:00Z,13,237,very high
2026-07-30T17:30:00Z,2026-07-30T18:00:00Z,14,271,very high
2026-07-30T17:30:00Z,2026-07-30T18:00:00Z,15,190,high
2026-07-30T17:30:00Z,2026-07-30T18:00:00Z,16,0,very low
2026-07-30T17:30:00Z,2026-07-30T18:00:00Z,17,285,very high
2026-07-30T17:30:00Z,2026-07-30T18:00:00Z,18,180,high
2026-07-30T18:00:00Z,2026-07-30T18:30:00Z,1,0,very low
2026-07-30T18:00:00Z,2026-07-30T18:30:00Z,2,0,very low
2026-07-30T18:00:00Z,2026-07-30T18:30:00Z,3,86,low
2026-07-30T18:00:00Z,2026-07-30T18:30:00Z,4,14,very low
2026-07-30T18:00:00Z,2026-07-30T18:30:00Z,5,79,low
2026-07-30T18:00:00Z,2026-07-30T18:30:00Z,6,93,moderate
2026-07-30T18:00:00Z,2026-07-30T18:30:00Z,7,361,very high
2026-07-30T18:00:00Z,2026-07-30T18:30:00Z,8,179,high
2026-07-30T18:00:00Z,2026-07-30T18:30:00Z,9,252,very high
2026-07-30T18:00:00Z,2026-07-30T18:30:00Z,10,220,high
2026-07-30T18:00:00Z,2026-07-30T18:30:00Z,11,316,very high
2026-07-30T18:00:00Z,2026-07-30T18:30:00Z,12,222,high
2026-07-30T18:00:00Z,2026-07-30T18:30:00Z,13,247,very high
2026-07-30T18:00:00Z,2026-07-30T18:30:00Z,14,284,very high
2026-07-30T18:00:00Z,2026-07-30T18:30:00Z,15,197,high
2026-07-30T18:00:00Z,2026-07-30T18:30:00Z,16,0,very low
2026-07-30T18:00:00Z,2026-07-30T18:30:00Z,17,293,very high
2026-07-30T18:00:00Z,2026-07-30T18:30:00Z,18,187,high
2026-07-30T18:30:00Z,2026-07-30T19:00:00Z,1,0,very low
2026-07-30T18:30:00Z,2026-07-30T19:00:00Z,2,0,very low
2026-07-30T18:30:00Z,2026-07-30T19:00:00Z,3,85,low
2026-07-30T18:30:00Z,2026-07-30T19:00:00Z,4,15,very low
2026-07-30T18:30:00Z,2026-07-30T19:00:00Z,5,83,low
2026-07-30T18:30:00Z,2026-07-30T19:00:00Z,6,91,moderate
2026-07-30T18:30:00Z,2026-07-30T19:00:00Z,7,368,very high
2026-07-30T18:30:00Z,2026-07-30T19:00:00Z,8,192,high
2026-07-30T18:30:00Z,2026-07-30T19:00:00Z,9,263,very high
2026-07-30T18:30:00Z,2026-07-30T19:00:00Z,10,225,high
2026-07-30T18:30:00Z,2026-07-30T19:00:00Z,11,337,very high
2026-07-30T18:30:00Z,2026-07-30T19:00:00Z,12,241,very high
2026-07-30T18:30:00Z,2026-07-30T19:00:00Z,13,237,very high
2026-07-30T18:30:00Z,2026-07-30T19:00:00Z,14,241,very high
2026-07-30T18:30:00Z,2026-07-30T19:00:00Z,15,198,high
2026-07-30T18:30:00Z,2026-07-30T19:00:00Z,16,0,very low
2026-07-30T18:30:00Z,2026-07-30T19:00:00Z,17,319,very high
2026-07-30T18:30:00Z,2026-07-30T19:00:00Z,18,190,high
2026-07-30T19:00:00Z,2026-07-30T19:30:00Z,1,0,very low
2026-07-30T19:00:00Z,2026-07-30T19:30:00Z,2,0,very low
2026-07-30T19:00:00Z,2026-07-30T19:30:00Z,3,85,low
2026-07-30T19:00:00Z,2026-07-30T19:30:00Z,4,15,very low
2026-07-30T19:00:00Z,2026-07-30T19:30:00Z,5,87,low
2026-07-30T19:00:00Z,2026-07-30T19:30:00Z,6,95,moderate
2026-07-30T19:00:00Z,2026-07-30T19:30:00Z,7,374,very high
2026-07-30T19:00:00Z,2026-07-30T19:30:00Z,8,198,high
2026-07-30T19:00:00Z,2026-07-30T19:30:00Z,9,265,very high
2026-07-30T19:00:00Z,2026-07-30T19:30:00Z,10,231,very high
2026-07-30T19:00:00Z,2026-07-30T19:30:00Z,11,352,very high
2026-07-30T19:00:00Z,2026-07-30T19:30:00Z,12,250,very high
2026-07-30T19:00:00Z,2026-07-30T19:30:00Z,13,239,very high
2026-07-30T19:00:00Z,2026-07-30T19:30:00Z,14,238,very high
2026-07-30T19:00:00Z,2026-07-30T19:30:00Z,15,204,high
2026-07-30T19:00:00Z,2026-07-30T19:30:00Z,16,0,very low
2026-07-30T19:00:00Z,2026-07-30T19:30:00Z,17,338,very high
2026-07-30T19:00:00Z,2026-07-30T19:30:00Z,18,196,high
2026-07-30T19:30:00Z,2026-07-30T20:00:00Z,1,0,very low
2026-07-30T19:30:00Z,2026-07-30T20:00:00Z,2,0,very low
2026-07-30T19:30:00Z,2026-07-30T20:00:00Z,3,80,low
2026-07-30T19:30:00Z,2026-07-30T20:00:00Z,4,17,very low
2026-07-30T19:30:00Z,2026-07-30T20:00:00Z,5,84,low
2026-07-30T19:30:00Z,2026-07-30T20:00:00Z,6,106,moderate
2026-07-30T19:30:00Z,2026-07-30T20:00:00Z,7,379,very high
2026-07-30T19:30:00Z,2026-07-30T20:00:00Z,8,204,high
2026-07-30T19:30:00Z,2026-07-30T20:00:00Z,9,269,very high
2026-07-30T19:30:00Z,2026-07-30T20:00:00Z,10,234,very high
2026-07-30T19:30:00Z,2026-07-30T20:00:00Z,11,363,very high
2026-07-30T19:30:00Z,2026-07-30T20:00:00Z,12,244,very high
2026-07-30T19:30:00Z,2026-07-30T20:00:00Z,13,233,very high
2026-07-30T19:30:00Z,2026-07-30T20:00:00Z,14,227,high
2026-07-30T19:30:00Z,2026-07-30T20:00:00Z,15,201,high
2026-07-30T19:30:00Z,2026-07-30T20:00:00Z,16,0,very low
2026-07-30T19:30:00Z,2026-07-30T20:00:00Z,17,331,very high
2026-07-30T19:30:00Z,2026-07-30T20:00:00Z,18,195,high
2026-07-30T20:00:00Z,2026-07-30T20:30:00Z,1,0,very low
2026-07-30T20:00:00Z,2026-07-30T20:30:00Z,2,0,very low
2026-07-30T20:00:00Z,2026-07-30T20:30:00Z,3,76,low
2026-07-30T20:00:00Z,2026-07-30T20:30:00Z,4,17,very low
2026-07-30T20:00:00Z,2026-07-30T20:30:00Z,5,83,low
2026-07-30T20:00:00Z,2026-07-30T20:30:00Z,6,111,moderate
2026-07-30T20:00:00Z,2026-07-30T20:30:00Z,7,380,very high
2026-07-30T20:00:00Z,2026-07-30T20:30:00Z,8,203,high
2026-07-30T20:00:00Z,2026-07-30T20:30:00Z,9,269,very high
2026-07-30T20:00:00Z,2026-07-30T20:30:00Z,10,241,very high
2026-07-30T20:00:00Z,2026-07-30T20:30:00Z,11,374,very high
2026-07-30T20:00:00Z,2026-07-30T20:30:00Z,12,245,very high
2026-07-30T20:00:00Z,2026-07-30T20:30:00Z,13,236,very high
2026-07-30T20:00:00Z,2026-07-30T20:30:00Z,14,231,very high
2026-07-30T20:00:00Z,2026-07-30T20:30:00Z,15,203,high
2026-07-30T20:00:00Z,2026-07-30T20:30:00Z,16,0,very low
2026-07-30T20:00:00Z,2026-07-30T20:30:00Z,17,333,very high
2026-07-30T20:00:00Z,2026-07-30T20:30:00Z,18,197,high
2026-07-30T20:30:00Z,2026-07-30T21:00:00Z,1,0,very low
2026-07-30T20:30:00Z,2026-07-30T21:00:00Z,2,0,very low
2026-07-30T20:30:00Z,2026-07-30T21:00:00Z,3,72,low
2026-07-30T20:30:00Z,2026-07-30T21:00:00Z,4,16,very low
2026-07-30T20:30:00Z,2026-07-30T21:00:00Z,5,89,low
2026-07-30T20:30:00Z,2026-07-30T21:00:00Z,6,106,moderate
2026-07-30T20:30:00Z,2026-07-30T21:00:00Z,7,380,very high
2026-07-30T20:30:00Z,2026-07-30T21:00:00Z,8,190,high
2026-07-30T20:30:00Z,2026-07-30T21:00:00Z,9,258,very high
2026-07-30T20:30:00Z,2026-07-30T21:00:00Z,10,252,very high
2026-07-30T20:30:00Z,2026-07-30T21:00:00Z,11,373,very high
2026-07-30T20:30:00Z,2026-07-30T21:00:00Z,12,252,very high
2026-07-30T20:30:00Z,2026-07-30T21:00:00Z,13,244,very high
2026-07-30T20:30:00Z,2026-07-30T21:00:00Z,14,238,very high
2026-07-30T20:30:00Z,2026-07-30T21:00:00Z,15,204,high
2026-07-30T20:30:00Z,2026-07-30T21:00:00Z,16,0,very low
2026-07-30T20:30:00Z,2026-07-30T21:00:00Z,17,314,very high
2026-07-30T20:30:00Z,2026-07-30T21:00:00Z,18,199,high
2026-07-30T21:00:00Z,2026-07-30T21:30:00Z,1,0,very low
2026-07-30T21:00:00Z,2026-07-30T21:30:00Z,2,0,very low
2026-07-30T21:00:00Z,2026-07-30T21:30:00Z,3,61,low
2026-07-30T21:00:00Z,2026-07-30T21:30:00Z,4,16,very low
2026-07-30T21:00:00Z,2026-07-30T21:30:00Z,5,84,low
2026-07-30T21:00:00Z,2026-07-30T21:30:00Z,6,87,low
2026-07-30T21:00:00Z,2026-07-30T21:30:00Z,7,380,very high
2026-07-30T21:00:00Z,2026-07-30T21:30:00Z,8,183,high
2026-07-30T21:00:00Z,2026-07-30T21:30:00Z,9,258,very high
2026-07-30T21:00:00Z,2026-07-30T21:30:00Z,10,250,very high
2026-07-30T21:00:00Z,2026-07-30T21:30:00Z,11,370,very high
2026-07-30T21:00:00Z,2026-07-30T21:30:00Z,12,248,very high
2026-07-30T21:00:00Z,2026-07-30T21:30:00Z,13,243,very high
2026-07-30T21:00:00Z,2026-07-30T21:30:00Z,14,240,very high
2026-07-30T21:00:00Z,2026-07-30T21:30:00Z,15,200,high
2026-07-30T21:00:00Z,2026-07-30T21:30:00Z,16,0,very low
2026-07-30T21:00:00Z,2026-07-30T21:30:00Z,17,305,very high
2026-07-30T21:00:00Z,2026-07-30T21:30:00Z,18,195,high
2026-07-30T21:30:00Z,2026-07-30T22:00:00Z,1,0,very low
2026-07-30T21:30:00Z,2026-07-30T22:00:00Z,2,0,very low
2026-07-30T21:30:00Z,2026-07-30T22:00:00Z,3,55,low
2026-07-30T21:30:00Z,2026-07-30T22:00:00Z,4,16,very low
2026-07-30T21:30:00Z,2026-07-30T22:00:00Z,5,89,low
2026-07-30T21:30:00Z,2026-07-30T22:00:00Z,6,62,low
2026-07-30T21:30:00Z,2026-07-30T22:00:00Z,7,379,very high
2026-07-30T21:30:00Z,2026-07-30T22:00:00Z,8,166,moderate
2026-07-30T21:30:00Z,2026-07-30T22:00:00Z,9,249,very high
2026-07-30T21:30:00Z,2026-07-30T22:00:00Z,10,246,very high
2026-07-30T21:30:00Z,2026-07-30T22:00:00Z,11,369,very high
2026-07-30T21:30:00Z,2026-07-30T22:00:00Z,12,245,very high
2026-07-30T21:30:00Z,2026-07-30T22:00:00Z,13,268,very high
2026-07-30T21:30:00Z,2026-07-30T22:00:00Z,14,294,very high
2026-07-30T21:30:00Z,2026-07-30T22:00:00Z,15,201,high
2026-07-30T21:30:00Z,2026-07-30T22:00:00Z,16,0,very low
2026-07-30T21:30:00Z,2026-07-30T22:00:00Z,17,297,very high
2026-07-30T21:30:00Z,2026-07-30T22:00:00Z,18,197,high
2026-07-30T22:00:00Z,2026-07-30T22:30:00Z,1,0,very low
2026-07-30T22:00:00Z,2026-07-30T22:30:00Z,2,1,very low
2026-07-30T22:00:00Z,2026-07-30T22:30:00Z,3,35,low
2026-07-30T22:00:00Z,2026-07-30T22:30:00Z,4,16,very low
2026-07-30T22:00:00Z,2026-07-30T22:30:00Z,5,82,low
2026-07-30T22:00:00Z,2026-07-30T22:30:00Z,6,56,low
2026-07-30T22:00:00Z,2026-07-30T22:30:00Z,7,379,very high
2026-07-30T22:00:00Z,2026-07-30T22:30:00Z,8,162,moderate
2026-07-30T22:00:00Z,2026-07-30T22:30:00Z,9,244,very high
2026-07-30T22:00:00Z,2026-07-30T22:30:00Z,10,244,very high
2026-07-30T22:00:00Z,2026-07-30T22:30:00Z,11,368,very high
2026-07-30T22:00:00Z,2026-07-30T22:30:00Z,12,244,very high
2026-07-30T22:00:00Z,2026-07-30T22:30:00Z,13,272,very high
2026-07-30T22:00:00Z,2026-07-30T22:30:00Z,14,302,very high
2026-07-30T22:00:00Z,2026-07-30T22:30:00Z,15,199,high
2026-07-30T22:00:00Z,2026-07-30T22:30:00Z,16,0,very low
2026-07-30T22:00:00Z,2026-07-30T22:30:00Z,17,284,very high
2026-07-30T22:00:00Z,2026-07-30T22:30:00Z,18,195,high
2026-07-30T22:30:00Z,2026-07-30T23:00:00Z,1,0,very low
2026-07-30T22:30:00Z,2026-07-30T23:00:00Z,2,1,very low
2026-07-30T22:30:00Z,2026-07-30T23:00:00Z,3,38,low
2026-07-30T22:30:00Z,2026-07-30T23:00:00Z,4,17,very low
2026-07-30T22:30:00Z,2026-07-30T23:00:00Z,5,86,low
2026-07-30T22:30:00Z,2026-07-30T23:00:00Z,6,55,low
2026-07-30T22:30:00Z,2026-07-30T23:00:00Z,7,379,very high
2026-07-30T22:30:00Z,2026-07-30T23:00:00Z,8,167,moderate
2026-07-30T22:30:00Z,2026-07-30T23:00:00Z,9,244,very high
2026-07-30T22:30:00Z,2026-07-30T23:00:00Z,10,227,high
2026-07-30T22:30:00Z,2026-07-30T23:00:00Z,11,363,very high
2026-07-30T22:30:00Z,2026-07-30T23:00:00Z,12,244,very high
2026-07-30T22:30:00Z,2026-07-30T23:00:00Z,13,272,very high
2026-07-30T22:30:00Z,2026-07-30T23:00:00Z,14,314,very high
2026-07-30T22:30:00Z,2026-07-30T23:00:00Z,15,198,high
2026-07-30T22:30:00Z,2026-07-30T23:00:00Z,16,1,very low
2026-07-30T22:30:00Z,2026-07-30T23:00:00Z,17,290,very high
2026-07-30T22:30:00Z,2026-07-30T23:00:00Z,18,194,high
2026-07-30T23:00:00Z,2026-07-30T23:30:00Z,1,0,very low
2026-07-30T23:00:00Z,2026-07-30T23:30:00Z,2,1,very low
2026-07-30T23:00:00Z,2026-07-30T23:30:00Z,3,32,low
2026-07-30T23:00:00Z,2026-07-30T23:30:00Z,4,17,very low
2026-07-30T23:00:00Z,2026-07-30T23:30:00Z,5,93,moderate
2026-07-30T23:00:00Z,2026-07-30T23:30:00Z,6,30,low
2026-07-30T23:00:00Z,2026-07-30T23:30:00Z,7,380,very high
2026-07-30T23:00:00Z,2026-07-30T23:30:00Z,8,159,moderate
2026-07-30T23:00:00Z,2026-07-30T23:30:00Z,9,242,very high
2026-07-30T23:00:00Z,2026-07-30T23:30:00Z,10,214,high
2026-07-30T23:00:00Z,2026-07-30T23:30:00Z,11,368,very high
2026-07-30T23:00:00Z,2026-07-30T23:30:00Z,12,245,very high
2026-07-30T23:00:00Z,2026-07-30T23:30:00Z,13,270,very high
2026-07-30T23:00:00Z,2026-07-30T23:30:00Z,14,318,very high
2026-07-30T23:00:00Z,2026-07-30T23:30:00Z,15,195,high
2026-07-30T23:00:00Z,2026-07-30T23:30:00Z,16,1,very low
2026-07-30T23:00:00Z,2026-07-30T23:30:00Z,17,298,very high
2026-07-30T23:00:00Z,2026-07-30T23:30:00Z,18,192,high
2026-07-30T23:30:00Z,2026-07-31T00:00:00Z,1,0,very low
2026-07-30T23:30:00Z,2026-07-31T00:00:00Z,2,1,very low
2026-07-30T23:30:00Z,2026-07-31T00:00:00Z,3,35,low
2026-07-30T23:30:00Z,2026-07-31T00:00:00Z,4,17,very low
2026-07-30T23:30:00Z,2026-07-31T00:00:00Z,5,87,low
2026-07-30T23:30:00Z,2026-07-31T00:00:00Z,6,50,low
2026-07-30T23:30:00Z,2026-07-31T00:00:00Z,7,384,very high
2026-07-30T23:30:00Z,2026-07-31T00:00:00Z,8,181,high
2026-07-30T23:30:00Z,2026-07-31T00:00:00Z,9,242,very high
2026-07-30T23:30:00Z,2026-07-31T00:00:00Z,10,180,high
2026-07-30T23:30:00Z,2026-07-31T00:00:00Z,11,374,very high
2026-07-30T23:30:00Z,2026-07-31T00:00:00Z,12,249,very high
2026-07-30T23:30:00Z,2026-07-31T00:00:00Z,13,250,very high
2026-07-30T23:30:00Z,2026-07-31T00:00:00Z,14,297,very high
2026-07-30T23:30:00Z,2026-07-31T00:00:00Z,15,190,high
2026-07-30T23:30:00Z,2026-07-31T00:00:00Z,16,0,very low
2026-07-30T23:30:00Z,2026-07-31T00:00:00Z,17,338,very high
2026-07-30T23:30:00Z,2026-07-31T00:00:00Z,18,189,high
